36.5125	-10.0125	46.948
36.5125	-9.9875	46.999
36.5125	-9.9625	47.049
36.5125	-9.9375	47.095
36.5125	-9.9125	47.138
36.5125	-9.8875	47.18
36.5125	-9.8625	47.224
36.5125	-9.8375	47.272
36.5125	-9.8125	47.327
36.5125	-9.7875	47.387
36.5125	-9.7625	47.452
36.5125	-9.7375	47.52
36.5125	-9.7125	47.587
36.5125	-9.6875	47.651
36.5125	-9.6625	47.711
36.5125	-9.6375	47.762
36.5125	-9.6125	47.803
36.5125	-9.5875	47.83
36.5125	-9.5625	47.846
36.5125	-9.5375	47.856
36.5125	-9.5125	47.853
36.5125	-9.4875	47.844
36.5125	-9.4625	47.833
36.5125	-9.4375	47.818
36.5125	-9.4125	47.803
36.5125	-9.3875	47.789
36.5125	-9.3625	47.776
36.5125	-9.3375	47.763
36.5125	-9.3125	47.748
36.5125	-9.2875	47.733
36.5125	-9.2625	47.717
36.5125	-9.2375	47.707
36.5125	-9.2125	47.701
36.5125	-9.1875	47.696
36.5125	-9.1625	47.693
36.5125	-9.1375	47.698
36.5125	-9.1125	47.717
36.5125	-9.0875	47.755
36.5125	-9.0625	47.807
36.5125	-9.0375	47.864
36.5125	-9.0125	47.92
36.5125	-8.9875	47.982
36.5125	-8.9625	48.046
36.5125	-8.9375	48.106
36.5125	-8.9125	48.164
36.5125	-8.8875	48.224
36.5125	-8.8625	48.28
36.5125	-8.8375	48.334
36.5125	-8.8125	48.386
36.5125	-8.7875	48.436
36.5125	-8.7625	48.476
36.5125	-8.7375	48.5
36.5125	-8.7125	48.508
36.5125	-8.6875	48.502
36.5125	-8.6625	48.494
36.5125	-8.6375	48.485
36.5125	-8.6125	48.48
36.5125	-8.5875	48.484
36.5125	-8.5625	48.494
36.5125	-8.5375	48.508
36.5125	-8.5125	48.531
36.5125	-8.4875	48.564
36.5125	-8.4625	48.609
36.5125	-8.4375	48.658
36.5125	-8.4125	48.705
36.5125	-8.3875	48.751
36.5125	-8.3625	48.797
36.5125	-8.3375	48.843
36.5125	-8.3125	48.886
36.5125	-8.2875	48.925
36.5125	-8.2625	48.961
36.5125	-8.2375	48.992
36.5125	-8.2125	49.019
36.5125	-8.1875	49.039
36.5125	-8.1625	49.055
36.5125	-8.1375	49.067
36.5125	-8.1125	49.08
36.5125	-8.0875	49.095
36.5125	-8.0625	49.112
36.5125	-8.0375	49.127
36.5125	-8.0125	49.139
36.5125	-7.9875	49.147
36.5125	-7.9625	49.153
36.5125	-7.9375	49.156
36.5125	-7.9125	49.158
36.5125	-7.8875	49.157
36.5125	-7.8625	49.156
36.5125	-7.8375	49.153
36.5125	-7.8125	49.15
36.5125	-7.7875	49.146
36.5125	-7.7625	49.139
36.5125	-7.7375	49.126
36.5125	-7.7125	49.103
36.5125	-7.6875	49.068
36.5125	-7.6625	49.023
36.5125	-7.6375	48.967
36.5125	-7.6125	48.898
36.5125	-7.5875	48.815
36.5125	-7.5625	48.724
36.5125	-7.5375	48.629
36.5125	-7.5125	48.524
36.5125	-7.4875	48.414
36.5125	-7.4625	48.295
36.5125	-7.4375	48.169
36.5125	-7.4125	48.039
36.5125	-7.3875	47.907
36.5125	-7.3625	47.78
36.5125	-7.3375	47.659
36.5125	-7.3125	47.546
36.5125	-7.2875	47.439
36.5125	-7.2625	47.342
36.5125	-7.2375	47.252
36.5125	-7.2125	47.167
36.5125	-7.1875	47.088
36.5125	-7.1625	47.012
36.5125	-7.1375	46.939
36.5125	-7.1125	46.867
36.5125	-7.0875	46.795
36.5125	-7.0625	46.725
36.5125	-7.0375	46.659
36.5125	-7.0125	46.594
36.5125	-6.9875	46.528
36.5125	-6.9625	46.461
36.5125	-6.9375	46.393
36.5125	-6.9125	46.325
36.5125	-6.8875	46.258
36.5125	-6.8625	46.191
36.5125	-6.8375	46.127
36.5125	-6.8125	46.067
36.5125	-6.7875	46.008
36.5125	-6.7625	45.945
36.5125	-6.7375	45.879
36.5125	-6.7125	45.81
36.5125	-6.6875	45.743
36.5125	-6.6625	45.677
36.5125	-6.6375	45.611
36.5125	-6.6125	45.545
36.5125	-6.5875	45.481
36.5125	-6.5625	45.42
36.5125	-6.5375	45.362
36.5125	-6.5125	45.306
36.5125	-6.4875	45.249
36.5125	-6.4625	45.192
36.5125	-6.4375	45.138
36.5125	-6.4125	45.089
36.5125	-6.3875	45.049
36.5125	-6.3625	45.016
36.5125	-6.3375	44.989
36.5125	-6.3125	44.974
36.5125	-6.2875	44.973
36.5125	-6.2625	44.964
36.5125	-6.2375	44.954
36.5125	-6.2125	44.944
36.5125	-6.1875	44.93
36.5125	-6.1625	44.915
36.5125	-6.1375	44.908
36.5125	-6.1125	44.893
36.5125	-6.0875	44.883
36.5125	-6.0625	44.881
36.5125	-6.0375	44.884
36.5125	-6.0125	44.887
36.5125	-5.9875	44.884
36.5375	-10.0125	47.19
36.5375	-9.9875	47.241
36.5375	-9.9625	47.29
36.5375	-9.9375	47.333
36.5375	-9.9125	47.374
36.5375	-9.8875	47.412
36.5375	-9.8625	47.451
36.5375	-9.8375	47.493
36.5375	-9.8125	47.543
36.5375	-9.7875	47.599
36.5375	-9.7625	47.66
36.5375	-9.7375	47.724
36.5375	-9.7125	47.786
36.5375	-9.6875	47.849
36.5375	-9.6625	47.908
36.5375	-9.6375	47.959
36.5375	-9.6125	48.002
36.5375	-9.5875	48.032
36.5375	-9.5625	48.05
36.5375	-9.5375	48.06
36.5375	-9.5125	48.064
36.5375	-9.4875	48.06
36.5375	-9.4625	48.054
36.5375	-9.4375	48.043
36.5375	-9.4125	48.031
36.5375	-9.3875	48.018
36.5375	-9.3625	48.006
36.5375	-9.3375	47.996
36.5375	-9.3125	47.985
36.5375	-9.2875	47.969
36.5375	-9.2625	47.953
36.5375	-9.2375	47.939
36.5375	-9.2125	47.933
36.5375	-9.1875	47.928
36.5375	-9.1625	47.922
36.5375	-9.1375	47.917
36.5375	-9.1125	47.922
36.5375	-9.0875	47.947
36.5375	-9.0625	47.985
36.5375	-9.0375	48.031
36.5375	-9.0125	48.085
36.5375	-8.9875	48.148
36.5375	-8.9625	48.216
36.5375	-8.9375	48.286
36.5375	-8.9125	48.357
36.5375	-8.8875	48.427
36.5375	-8.8625	48.487
36.5375	-8.8375	48.541
36.5375	-8.8125	48.587
36.5375	-8.7875	48.626
36.5375	-8.7625	48.653
36.5375	-8.7375	48.667
36.5375	-8.7125	48.665
36.5375	-8.6875	48.655
36.5375	-8.6625	48.644
36.5375	-8.6375	48.635
36.5375	-8.6125	48.634
36.5375	-8.5875	48.639
36.5375	-8.5625	48.641
36.5375	-8.5375	48.643
36.5375	-8.5125	48.657
36.5375	-8.4875	48.684
36.5375	-8.4625	48.72
36.5375	-8.4375	48.761
36.5375	-8.4125	48.802
36.5375	-8.3875	48.84
36.5375	-8.3625	48.877
36.5375	-8.3375	48.914
36.5375	-8.3125	48.951
36.5375	-8.2875	48.987
36.5375	-8.2625	49.02
36.5375	-8.2375	49.051
36.5375	-8.2125	49.076
36.5375	-8.1875	49.098
36.5375	-8.1625	49.117
36.5375	-8.1375	49.134
36.5375	-8.1125	49.149
36.5375	-8.0875	49.165
36.5375	-8.0625	49.18
36.5375	-8.0375	49.194
36.5375	-8.0125	49.204
36.5375	-7.9875	49.211
36.5375	-7.9625	49.215
36.5375	-7.9375	49.215
36.5375	-7.9125	49.215
36.5375	-7.8875	49.213
36.5375	-7.8625	49.21
36.5375	-7.8375	49.208
36.5375	-7.8125	49.206
36.5375	-7.7875	49.205
36.5375	-7.7625	49.203
36.5375	-7.7375	49.198
36.5375	-7.7125	49.184
36.5375	-7.6875	49.164
36.5375	-7.6625	49.133
36.5375	-7.6375	49.092
36.5375	-7.6125	49.036
36.5375	-7.5875	48.969
36.5375	-7.5625	48.896
36.5375	-7.5375	48.819
36.5375	-7.5125	48.736
36.5375	-7.4875	48.645
36.5375	-7.4625	48.542
36.5375	-7.4375	48.43
36.5375	-7.4125	48.309
36.5375	-7.3875	48.186
36.5375	-7.3625	48.064
36.5375	-7.3375	47.947
36.5375	-7.3125	47.836
36.5375	-7.2875	47.731
36.5375	-7.2625	47.635
36.5375	-7.2375	47.545
36.5375	-7.2125	47.461
36.5375	-7.1875	47.383
36.5375	-7.1625	47.308
36.5375	-7.1375	47.235
36.5375	-7.1125	47.163
36.5375	-7.0875	47.09
36.5375	-7.0625	47.02
36.5375	-7.0375	46.953
36.5375	-7.0125	46.886
36.5375	-6.9875	46.818
36.5375	-6.9625	46.746
36.5375	-6.9375	46.675
36.5375	-6.9125	46.604
36.5375	-6.8875	46.535
36.5375	-6.8625	46.468
36.5375	-6.8375	46.401
36.5375	-6.8125	46.339
36.5375	-6.7875	46.274
36.5375	-6.7625	46.204
36.5375	-6.7375	46.131
36.5375	-6.7125	46.055
36.5375	-6.6875	45.982
36.5375	-6.6625	45.91
36.5375	-6.6375	45.839
36.5375	-6.6125	45.767
36.5375	-6.5875	45.697
36.5375	-6.5625	45.631
36.5375	-6.5375	45.567
36.5375	-6.5125	45.505
36.5375	-6.4875	45.445
36.5375	-6.4625	45.386
36.5375	-6.4375	45.331
36.5375	-6.4125	45.276
36.5375	-6.3875	45.23
36.5375	-6.3625	45.193
36.5375	-6.3375	45.162
36.5375	-6.3125	45.144
36.5375	-6.2875	45.13
36.5375	-6.2625	45.123
36.5375	-6.2375	45.115
36.5375	-6.2125	45.108
36.5375	-6.1875	45.101
36.5375	-6.1625	45.089
36.5375	-6.1375	45.076
36.5375	-6.1125	45.06
36.5375	-6.0875	45.058
36.5375	-6.0625	45.052
36.5375	-6.0375	45.049
36.5375	-6.0125	45.042
36.5375	-5.9875	45.04
36.5625	-10.0125	47.43
36.5625	-9.9875	47.48
36.5625	-9.9625	47.527
36.5625	-9.9375	47.568
36.5625	-9.9125	47.605
36.5625	-9.8875	47.639
36.5625	-9.8625	47.673
36.5625	-9.8375	47.711
36.5625	-9.8125	47.757
36.5625	-9.7875	47.809
36.5625	-9.7625	47.866
36.5625	-9.7375	47.927
36.5625	-9.7125	47.987
36.5625	-9.6875	48.045
36.5625	-9.6625	48.103
36.5625	-9.6375	48.155
36.5625	-9.6125	48.2
36.5625	-9.5875	48.233
36.5625	-9.5625	48.257
36.5625	-9.5375	48.273
36.5625	-9.5125	48.283
36.5625	-9.4875	48.287
36.5625	-9.4625	48.288
36.5625	-9.4375	48.283
36.5625	-9.4125	48.274
36.5625	-9.3875	48.262
36.5625	-9.3625	48.251
36.5625	-9.3375	48.243
36.5625	-9.3125	48.234
36.5625	-9.2875	48.219
36.5625	-9.2625	48.201
36.5625	-9.2375	48.184
36.5625	-9.2125	48.173
36.5625	-9.1875	48.166
36.5625	-9.1625	48.159
36.5625	-9.1375	48.151
36.5625	-9.1125	48.146
36.5625	-9.0875	48.159
36.5625	-9.0625	48.186
36.5625	-9.0375	48.225
36.5625	-9.0125	48.273
36.5625	-8.9875	48.328
36.5625	-8.9625	48.388
36.5625	-8.9375	48.454
36.5625	-8.9125	48.525
36.5625	-8.8875	48.596
36.5625	-8.8625	48.66
36.5625	-8.8375	48.715
36.5625	-8.8125	48.759
36.5625	-8.7875	48.793
36.5625	-8.7625	48.816
36.5625	-8.7375	48.826
36.5625	-8.7125	48.823
36.5625	-8.6875	48.815
36.5625	-8.6625	48.802
36.5625	-8.6375	48.796
36.5625	-8.6125	48.8
36.5625	-8.5875	48.8
36.5625	-8.5625	48.791
36.5625	-8.5375	48.786
36.5625	-8.5125	48.797
36.5625	-8.4875	48.822
36.5625	-8.4625	48.857
36.5625	-8.4375	48.894
36.5625	-8.4125	48.927
36.5625	-8.3875	48.955
36.5625	-8.3625	48.983
36.5625	-8.3375	49.013
36.5625	-8.3125	49.045
36.5625	-8.2875	49.075
36.5625	-8.2625	49.104
36.5625	-8.2375	49.131
36.5625	-8.2125	49.156
36.5625	-8.1875	49.178
36.5625	-8.1625	49.197
36.5625	-8.1375	49.214
36.5625	-8.1125	49.228
36.5625	-8.0875	49.242
36.5625	-8.0625	49.255
36.5625	-8.0375	49.266
36.5625	-8.0125	49.274
36.5625	-7.9875	49.279
36.5625	-7.9625	49.282
36.5625	-7.9375	49.281
36.5625	-7.9125	49.278
36.5625	-7.8875	49.275
36.5625	-7.8625	49.273
36.5625	-7.8375	49.271
36.5625	-7.8125	49.268
36.5625	-7.7875	49.269
36.5625	-7.7625	49.27
36.5625	-7.7375	49.27
36.5625	-7.7125	49.265
36.5625	-7.6875	49.253
36.5625	-7.6625	49.234
36.5625	-7.6375	49.204
36.5625	-7.6125	49.162
36.5625	-7.5875	49.111
36.5625	-7.5625	49.055
36.5625	-7.5375	48.995
36.5625	-7.5125	48.926
36.5625	-7.4875	48.85
36.5625	-7.4625	48.762
36.5625	-7.4375	48.661
36.5625	-7.4125	48.554
36.5625	-7.3875	48.442
36.5625	-7.3625	48.33
36.5625	-7.3375	48.22
36.5625	-7.3125	48.114
36.5625	-7.2875	48.015
36.5625	-7.2625	47.921
36.5625	-7.2375	47.834
36.5625	-7.2125	47.753
36.5625	-7.1875	47.677
36.5625	-7.1625	47.604
36.5625	-7.1375	47.533
36.5625	-7.1125	47.46
36.5625	-7.0875	47.388
36.5625	-7.0625	47.318
36.5625	-7.0375	47.247
36.5625	-7.0125	47.178
36.5625	-6.9875	47.108
36.5625	-6.9625	47.033
36.5625	-6.9375	46.957
36.5625	-6.9125	46.882
36.5625	-6.8875	46.811
36.5625	-6.8625	46.744
36.5625	-6.8375	46.679
36.5625	-6.8125	46.611
36.5625	-6.7875	46.539
36.5625	-6.7625	46.463
36.5625	-6.7375	46.382
36.5625	-6.7125	46.3
36.5625	-6.6875	46.221
36.5625	-6.6625	46.143
36.5625	-6.6375	46.067
36.5625	-6.6125	45.992
36.5625	-6.5875	45.917
36.5625	-6.5625	45.845
36.5625	-6.5375	45.774
36.5625	-6.5125	45.704
36.5625	-6.4875	45.639
36.5625	-6.4625	45.579
36.5625	-6.4375	45.523
36.5625	-6.4125	45.47
36.5625	-6.3875	45.42
36.5625	-6.3625	45.378
36.5625	-6.3375	45.345
36.5625	-6.3125	45.325
36.5625	-6.2875	45.307
36.5625	-6.2625	45.291
36.5625	-6.2375	45.278
36.5625	-6.2125	45.269
36.5625	-6.1875	45.26
36.5625	-6.1625	45.244
36.5625	-6.1375	45.228
36.5625	-6.1125	45.216
36.5625	-6.0875	45.212
36.5625	-6.0625	45.212
36.5625	-6.0375	45.203
36.5625	-6.0125	45.202
36.5625	-5.9875	45.191
36.5875	-10.0125	47.67
36.5875	-9.9875	47.718
36.5875	-9.9625	47.76
36.5875	-9.9375	47.798
36.5875	-9.9125	47.831
36.5875	-9.8875	47.859
36.5875	-9.8625	47.889
36.5875	-9.8375	47.923
36.5875	-9.8125	47.964
36.5875	-9.7875	48.013
36.5875	-9.7625	48.068
36.5875	-9.7375	48.126
36.5875	-9.7125	48.183
36.5875	-9.6875	48.239
36.5875	-9.6625	48.294
36.5875	-9.6375	48.346
36.5875	-9.6125	48.39
36.5875	-9.5875	48.427
36.5875	-9.5625	48.458
36.5875	-9.5375	48.482
36.5875	-9.5125	48.502
36.5875	-9.4875	48.518
36.5875	-9.4625	48.529
36.5875	-9.4375	48.534
36.5875	-9.4125	48.532
36.5875	-9.3875	48.522
36.5875	-9.3625	48.512
36.5875	-9.3375	48.503
36.5875	-9.3125	48.495
36.5875	-9.2875	48.482
36.5875	-9.2625	48.462
36.5875	-9.2375	48.441
36.5875	-9.2125	48.425
36.5875	-9.1875	48.413
36.5875	-9.1625	48.406
36.5875	-9.1375	48.396
36.5875	-9.1125	48.389
36.5875	-9.0875	48.394
36.5875	-9.0625	48.413
36.5875	-9.0375	48.445
36.5875	-9.0125	48.487
36.5875	-8.9875	48.532
36.5875	-8.9625	48.58
36.5875	-8.9375	48.633
36.5875	-8.9125	48.692
36.5875	-8.8875	48.752
36.5875	-8.8625	48.81
36.5875	-8.8375	48.861
36.5875	-8.8125	48.906
36.5875	-8.7875	48.944
36.5875	-8.7625	48.971
36.5875	-8.7375	48.986
36.5875	-8.7125	48.99
36.5875	-8.6875	48.986
36.5875	-8.6625	48.977
36.5875	-8.6375	48.975
36.5875	-8.6125	48.976
36.5875	-8.5875	48.964
36.5875	-8.5625	48.948
36.5875	-8.5375	48.939
36.5875	-8.5125	48.946
36.5875	-8.4875	48.973
36.5875	-8.4625	49.007
36.5875	-8.4375	49.039
36.5875	-8.4125	49.066
36.5875	-8.3875	49.085
36.5875	-8.3625	49.107
36.5875	-8.3375	49.133
36.5875	-8.3125	49.161
36.5875	-8.2875	49.186
36.5875	-8.2625	49.21
36.5875	-8.2375	49.233
36.5875	-8.2125	49.255
36.5875	-8.1875	49.274
36.5875	-8.1625	49.291
36.5875	-8.1375	49.304
36.5875	-8.1125	49.317
36.5875	-8.0875	49.329
36.5875	-8.0625	49.34
36.5875	-8.0375	49.347
36.5875	-8.0125	49.352
36.5875	-7.9875	49.355
36.5875	-7.9625	49.355
36.5875	-7.9375	49.354
36.5875	-7.9125	49.352
36.5875	-7.8875	49.349
36.5875	-7.8625	49.345
36.5875	-7.8375	49.342
36.5875	-7.8125	49.341
36.5875	-7.7875	49.341
36.5875	-7.7625	49.343
36.5875	-7.7375	49.344
36.5875	-7.7125	49.342
36.5875	-7.6875	49.334
36.5875	-7.6625	49.325
36.5875	-7.6375	49.31
36.5875	-7.6125	49.282
36.5875	-7.5875	49.245
36.5875	-7.5625	49.2
36.5875	-7.5375	49.148
36.5875	-7.5125	49.089
36.5875	-7.4875	49.023
36.5875	-7.4625	48.946
36.5875	-7.4375	48.859
36.5875	-7.4125	48.767
36.5875	-7.3875	48.67
36.5875	-7.3625	48.571
36.5875	-7.3375	48.472
36.5875	-7.3125	48.375
36.5875	-7.2875	48.283
36.5875	-7.2625	48.196
36.5875	-7.2375	48.116
36.5875	-7.2125	48.039
36.5875	-7.1875	47.968
36.5875	-7.1625	47.898
36.5875	-7.1375	47.829
36.5875	-7.1125	47.758
36.5875	-7.0875	47.687
36.5875	-7.0625	47.613
36.5875	-7.0375	47.542
36.5875	-7.0125	47.468
36.5875	-6.9875	47.395
36.5875	-6.9625	47.316
36.5875	-6.9375	47.238
36.5875	-6.9125	47.159
36.5875	-6.8875	47.085
36.5875	-6.8625	47.018
36.5875	-6.8375	46.948
36.5875	-6.8125	46.877
36.5875	-6.7875	46.797
36.5875	-6.7625	46.713
36.5875	-6.7375	46.626
36.5875	-6.7125	46.539
36.5875	-6.6875	46.453
36.5875	-6.6625	46.369
36.5875	-6.6375	46.288
36.5875	-6.6125	46.207
36.5875	-6.5875	46.127
36.5875	-6.5625	46.047
36.5875	-6.5375	45.969
36.5875	-6.5125	45.889
36.5875	-6.4875	45.822
36.5875	-6.4625	45.765
36.5875	-6.4375	45.709
36.5875	-6.4125	45.656
36.5875	-6.3875	45.605
36.5875	-6.3625	45.56
36.5875	-6.3375	45.524
36.5875	-6.3125	45.494
36.5875	-6.2875	45.48
36.5875	-6.2625	45.466
36.5875	-6.2375	45.448
36.5875	-6.2125	45.434
36.5875	-6.1875	45.423
36.5875	-6.1625	45.406
36.5875	-6.1375	45.39
36.5875	-6.1125	45.382
36.5875	-6.0875	45.377
36.5875	-6.0625	45.369
36.5875	-6.0375	45.363
36.5875	-6.0125	45.357
36.5875	-5.9875	45.355
36.6125	-10.0125	47.902
36.6125	-9.9875	47.947
36.6125	-9.9625	47.988
36.6125	-9.9375	48.021
36.6125	-9.9125	48.049
36.6125	-9.8875	48.074
36.6125	-9.8625	48.1
36.6125	-9.8375	48.128
36.6125	-9.8125	48.163
36.6125	-9.7875	48.208
36.6125	-9.7625	48.26
36.6125	-9.7375	48.317
36.6125	-9.7125	48.373
36.6125	-9.6875	48.429
36.6125	-9.6625	48.483
36.6125	-9.6375	48.534
36.6125	-9.6125	48.579
36.6125	-9.5875	48.62
36.6125	-9.5625	48.656
36.6125	-9.5375	48.688
36.6125	-9.5125	48.717
36.6125	-9.4875	48.744
36.6125	-9.4625	48.768
36.6125	-9.4375	48.785
36.6125	-9.4125	48.791
36.6125	-9.3875	48.786
36.6125	-9.3625	48.777
36.6125	-9.3375	48.77
36.6125	-9.3125	48.762
36.6125	-9.2875	48.748
36.6125	-9.2625	48.729
36.6125	-9.2375	48.708
36.6125	-9.2125	48.692
36.6125	-9.1875	48.678
36.6125	-9.1625	48.666
36.6125	-9.1375	48.655
36.6125	-9.1125	48.648
36.6125	-9.0875	48.647
36.6125	-9.0625	48.661
36.6125	-9.0375	48.69
36.6125	-9.0125	48.728
36.6125	-8.9875	48.766
36.6125	-8.9625	48.8
36.6125	-8.9375	48.84
36.6125	-8.9125	48.887
36.6125	-8.8875	48.934
36.6125	-8.8625	48.978
36.6125	-8.8375	49.019
36.6125	-8.8125	49.059
36.6125	-8.7875	49.094
36.6125	-8.7625	49.121
36.6125	-8.7375	49.141
36.6125	-8.7125	49.151
36.6125	-8.6875	49.151
36.6125	-8.6625	49.15
36.6125	-8.6375	49.15
36.6125	-8.6125	49.146
36.6125	-8.5875	49.129
36.6125	-8.5625	49.109
36.6125	-8.5375	49.097
36.6125	-8.5125	49.105
36.6125	-8.4875	49.131
36.6125	-8.4625	49.159
36.6125	-8.4375	49.186
36.6125	-8.4125	49.206
36.6125	-8.3875	49.223
36.6125	-8.3625	49.242
36.6125	-8.3375	49.264
36.6125	-8.3125	49.289
36.6125	-8.2875	49.31
36.6125	-8.2625	49.328
36.6125	-8.2375	49.346
36.6125	-8.2125	49.364
36.6125	-8.1875	49.382
36.6125	-8.1625	49.395
36.6125	-8.1375	49.405
36.6125	-8.1125	49.415
36.6125	-8.0875	49.424
36.6125	-8.0625	49.431
36.6125	-8.0375	49.436
36.6125	-8.0125	49.439
36.6125	-7.9875	49.44
36.6125	-7.9625	49.44
36.6125	-7.9375	49.439
36.6125	-7.9125	49.436
36.6125	-7.8875	49.431
36.6125	-7.8625	49.426
36.6125	-7.8375	49.423
36.6125	-7.8125	49.421
36.6125	-7.7875	49.42
36.6125	-7.7625	49.42
36.6125	-7.7375	49.419
36.6125	-7.7125	49.417
36.6125	-7.6875	49.412
36.6125	-7.6625	49.411
36.6125	-7.6375	49.405
36.6125	-7.6125	49.389
36.6125	-7.5875	49.361
36.6125	-7.5625	49.323
36.6125	-7.5375	49.279
36.6125	-7.5125	49.227
36.6125	-7.4875	49.169
36.6125	-7.4625	49.103
36.6125	-7.4375	49.03
36.6125	-7.4125	48.953
36.6125	-7.3875	48.872
36.6125	-7.3625	48.787
36.6125	-7.3375	48.702
36.6125	-7.3125	48.617
36.6125	-7.2875	48.535
36.6125	-7.2625	48.457
36.6125	-7.2375	48.384
36.6125	-7.2125	48.315
36.6125	-7.1875	48.25
36.6125	-7.1625	48.185
36.6125	-7.1375	48.118
36.6125	-7.1125	48.048
36.6125	-7.0875	47.977
36.6125	-7.0625	47.905
36.6125	-7.0375	47.831
36.6125	-7.0125	47.755
36.6125	-6.9875	47.677
36.6125	-6.9625	47.598
36.6125	-6.9375	47.516
36.6125	-6.9125	47.433
36.6125	-6.8875	47.353
36.6125	-6.8625	47.278
36.6125	-6.8375	47.203
36.6125	-6.8125	47.125
36.6125	-6.7875	47.041
36.6125	-6.7625	46.95
36.6125	-6.7375	46.858
36.6125	-6.7125	46.765
36.6125	-6.6875	46.675
36.6125	-6.6625	46.585
36.6125	-6.6375	46.499
36.6125	-6.6125	46.414
36.6125	-6.5875	46.329
36.6125	-6.5625	46.243
36.6125	-6.5375	46.156
36.6125	-6.5125	46.076
36.6125	-6.4875	46.005
36.6125	-6.4625	45.945
36.6125	-6.4375	45.897
36.6125	-6.4125	45.845
36.6125	-6.3875	45.79
36.6125	-6.3625	45.741
36.6125	-6.3375	45.701
36.6125	-6.3125	45.665
36.6125	-6.2875	45.65
36.6125	-6.2625	45.637
36.6125	-6.2375	45.614
36.6125	-6.2125	45.589
36.6125	-6.1875	45.582
36.6125	-6.1625	45.563
36.6125	-6.1375	45.549
36.6125	-6.1125	45.54
36.6125	-6.0875	45.531
36.6125	-6.0625	45.522
36.6125	-6.0375	45.508
36.6125	-6.0125	45.508
36.6125	-5.9875	45.512
36.6375	-10.0125	48.119
36.6375	-9.9875	48.163
36.6375	-9.9625	48.201
36.6375	-9.9375	48.233
36.6375	-9.9125	48.259
36.6375	-9.8875	48.279
36.6375	-9.8625	48.3
36.6375	-9.8375	48.323
36.6375	-9.8125	48.352
36.6375	-9.7875	48.391
36.6375	-9.7625	48.441
36.6375	-9.7375	48.496
36.6375	-9.7125	48.552
36.6375	-9.6875	48.609
36.6375	-9.6625	48.665
36.6375	-9.6375	48.718
36.6375	-9.6125	48.766
36.6375	-9.5875	48.812
36.6375	-9.5625	48.853
36.6375	-9.5375	48.892
36.6375	-9.5125	48.929
36.6375	-9.4875	48.964
36.6375	-9.4625	48.998
36.6375	-9.4375	49.027
36.6375	-9.4125	49.046
36.6375	-9.3875	49.048
36.6375	-9.3625	49.045
36.6375	-9.3375	49.038
36.6375	-9.3125	49.029
36.6375	-9.2875	49.014
36.6375	-9.2625	48.997
36.6375	-9.2375	48.98
36.6375	-9.2125	48.966
36.6375	-9.1875	48.951
36.6375	-9.1625	48.934
36.6375	-9.1375	48.921
36.6375	-9.1125	48.915
36.6375	-9.0875	48.915
36.6375	-9.0625	48.927
36.6375	-9.0375	48.954
36.6375	-9.0125	48.988
36.6375	-8.9875	49.014
36.6375	-8.9625	49.039
36.6375	-8.9375	49.071
36.6375	-8.9125	49.112
36.6375	-8.8875	49.15
36.6375	-8.8625	49.183
36.6375	-8.8375	49.213
36.6375	-8.8125	49.238
36.6375	-8.7875	49.26
36.6375	-8.7625	49.283
36.6375	-8.7375	49.302
36.6375	-8.7125	49.314
36.6375	-8.6875	49.318
36.6375	-8.6625	49.319
36.6375	-8.6375	49.317
36.6375	-8.6125	49.307
36.6375	-8.5875	49.29
36.6375	-8.5625	49.269
36.6375	-8.5375	49.259
36.6375	-8.5125	49.266
36.6375	-8.4875	49.29
36.6375	-8.4625	49.315
36.6375	-8.4375	49.337
36.6375	-8.4125	49.357
36.6375	-8.3875	49.376
36.6375	-8.3625	49.393
36.6375	-8.3375	49.41
36.6375	-8.3125	49.426
36.6375	-8.2875	49.439
36.6375	-8.2625	49.455
36.6375	-8.2375	49.47
36.6375	-8.2125	49.484
36.6375	-8.1875	49.497
36.6375	-8.1625	49.508
36.6375	-8.1375	49.516
36.6375	-8.1125	49.522
36.6375	-8.0875	49.527
36.6375	-8.0625	49.53
36.6375	-8.0375	49.534
36.6375	-8.0125	49.535
36.6375	-7.9875	49.535
36.6375	-7.9625	49.534
36.6375	-7.9375	49.532
36.6375	-7.9125	49.528
36.6375	-7.8875	49.524
36.6375	-7.8625	49.518
36.6375	-7.8375	49.512
36.6375	-7.8125	49.508
36.6375	-7.7875	49.505
36.6375	-7.7625	49.503
36.6375	-7.7375	49.502
36.6375	-7.7125	49.498
36.6375	-7.6875	49.496
36.6375	-7.6625	49.493
36.6375	-7.6375	49.491
36.6375	-7.6125	49.482
36.6375	-7.5875	49.462
36.6375	-7.5625	49.431
36.6375	-7.5375	49.391
36.6375	-7.5125	49.345
36.6375	-7.4875	49.294
36.6375	-7.4625	49.239
36.6375	-7.4375	49.179
36.6375	-7.4125	49.116
36.6375	-7.3875	49.049
36.6375	-7.3625	48.979
36.6375	-7.3375	48.909
36.6375	-7.3125	48.837
36.6375	-7.2875	48.767
36.6375	-7.2625	48.701
36.6375	-7.2375	48.636
36.6375	-7.2125	48.575
36.6375	-7.1875	48.516
36.6375	-7.1625	48.455
36.6375	-7.1375	48.391
36.6375	-7.1125	48.324
36.6375	-7.0875	48.255
36.6375	-7.0625	48.183
36.6375	-7.0375	48.107
36.6375	-7.0125	48.029
36.6375	-6.9875	47.95
36.6375	-6.9625	47.868
36.6375	-6.9375	47.783
36.6375	-6.9125	47.697
36.6375	-6.8875	47.613
36.6375	-6.8625	47.532
36.6375	-6.8375	47.447
36.6375	-6.8125	47.359
36.6375	-6.7875	47.271
36.6375	-6.7625	47.176
36.6375	-6.7375	47.078
36.6375	-6.7125	46.979
36.6375	-6.6875	46.884
36.6375	-6.6625	46.789
36.6375	-6.6375	46.698
36.6375	-6.6125	46.611
36.6375	-6.5875	46.524
36.6375	-6.5625	46.434
36.6375	-6.5375	46.347
36.6375	-6.5125	46.267
36.6375	-6.4875	46.196
36.6375	-6.4625	46.135
36.6375	-6.4375	46.079
36.6375	-6.4125	46.024
36.6375	-6.3875	45.967
36.6375	-6.3625	45.919
36.6375	-6.3375	45.879
36.6375	-6.3125	45.835
36.6375	-6.2875	45.82
36.6375	-6.2625	45.798
36.6375	-6.2375	45.769
36.6375	-6.2125	45.748
36.6375	-6.1875	45.739
36.6375	-6.1625	45.723
36.6375	-6.1375	45.705
36.6375	-6.1125	45.685
36.6375	-6.0875	45.67
36.6375	-6.0625	45.663
36.6375	-6.0375	45.656
36.6375	-6.0125	45.654
36.6375	-5.9875	45.659
36.6625	-10.0125	48.313
36.6625	-9.9875	48.358
36.6625	-9.9625	48.398
36.6625	-9.9375	48.429
36.6625	-9.9125	48.454
36.6625	-9.8875	48.472
36.6625	-9.8625	48.491
36.6625	-9.8375	48.509
36.6625	-9.8125	48.532
36.6625	-9.7875	48.567
36.6625	-9.7625	48.612
36.6625	-9.7375	48.662
36.6625	-9.7125	48.72
36.6625	-9.6875	48.778
36.6625	-9.6625	48.835
36.6625	-9.6375	48.891
36.6625	-9.6125	48.945
36.6625	-9.5875	48.997
36.6625	-9.5625	49.045
36.6625	-9.5375	49.092
36.6625	-9.5125	49.136
36.6625	-9.4875	49.178
36.6625	-9.4625	49.219
36.6625	-9.4375	49.258
36.6625	-9.4125	49.285
36.6625	-9.3875	49.299
36.6625	-9.3625	49.304
36.6625	-9.3375	49.303
36.6625	-9.3125	49.293
36.6625	-9.2875	49.28
36.6625	-9.2625	49.264
36.6625	-9.2375	49.25
36.6625	-9.2125	49.236
36.6625	-9.1875	49.22
36.6625	-9.1625	49.2
36.6625	-9.1375	49.191
36.6625	-9.1125	49.19
36.6625	-9.0875	49.196
36.6625	-9.0625	49.202
36.6625	-9.0375	49.218
36.6625	-9.0125	49.239
36.6625	-8.9875	49.262
36.6625	-8.9625	49.284
36.6625	-8.9375	49.311
36.6625	-8.9125	49.344
36.6625	-8.8875	49.375
36.6625	-8.8625	49.4
36.6625	-8.8375	49.42
36.6625	-8.8125	49.435
36.6625	-8.7875	49.447
36.6625	-8.7625	49.461
36.6625	-8.7375	49.475
36.6625	-8.7125	49.484
36.6625	-8.6875	49.489
36.6625	-8.6625	49.489
36.6625	-8.6375	49.484
36.6625	-8.6125	49.472
36.6625	-8.5875	49.453
36.6625	-8.5625	49.432
36.6625	-8.5375	49.423
36.6625	-8.5125	49.432
36.6625	-8.4875	49.451
36.6625	-8.4625	49.473
36.6625	-8.4375	49.494
36.6625	-8.4125	49.513
36.6625	-8.3875	49.529
36.6625	-8.3625	49.544
36.6625	-8.3375	49.558
36.6625	-8.3125	49.568
36.6625	-8.2875	49.579
36.6625	-8.2625	49.59
36.6625	-8.2375	49.601
36.6625	-8.2125	49.612
36.6625	-8.1875	49.621
36.6625	-8.1625	49.63
36.6625	-8.1375	49.633
36.6625	-8.1125	49.635
36.6625	-8.0875	49.637
36.6625	-8.0625	49.638
36.6625	-8.0375	49.639
36.6625	-8.0125	49.639
36.6625	-7.9875	49.639
36.6625	-7.9625	49.637
36.6625	-7.9375	49.634
36.6625	-7.9125	49.63
36.6625	-7.8875	49.623
36.6625	-7.8625	49.615
36.6625	-7.8375	49.607
36.6625	-7.8125	49.601
36.6625	-7.7875	49.597
36.6625	-7.7625	49.593
36.6625	-7.7375	49.59
36.6625	-7.7125	49.587
36.6625	-7.6875	49.587
36.6625	-7.6625	49.586
36.6625	-7.6375	49.583
36.6625	-7.6125	49.571
36.6625	-7.5875	49.553
36.6625	-7.5625	49.528
36.6625	-7.5375	49.495
36.6625	-7.5125	49.455
36.6625	-7.4875	49.41
36.6625	-7.4625	49.362
36.6625	-7.4375	49.312
36.6625	-7.4125	49.26
36.6625	-7.3875	49.206
36.6625	-7.3625	49.151
36.6625	-7.3375	49.094
36.6625	-7.3125	49.036
36.6625	-7.2875	48.979
36.6625	-7.2625	48.922
36.6625	-7.2375	48.867
36.6625	-7.2125	48.812
36.6625	-7.1875	48.757
36.6625	-7.1625	48.699
36.6625	-7.1375	48.639
36.6625	-7.1125	48.576
36.6625	-7.0875	48.509
36.6625	-7.0625	48.439
36.6625	-7.0375	48.364
36.6625	-7.0125	48.285
36.6625	-6.9875	48.204
36.6625	-6.9625	48.121
36.6625	-6.9375	48.036
36.6625	-6.9125	47.947
36.6625	-6.8875	47.859
36.6625	-6.8625	47.77
36.6625	-6.8375	47.678
36.6625	-6.8125	47.583
36.6625	-6.7875	47.485
36.6625	-6.7625	47.382
36.6625	-6.7375	47.278
36.6625	-6.7125	47.173
36.6625	-6.6875	47.071
36.6625	-6.6625	46.971
36.6625	-6.6375	46.879
36.6625	-6.6125	46.788
36.6625	-6.5875	46.702
36.6625	-6.5625	46.616
36.6625	-6.5375	46.533
36.6625	-6.5125	46.455
36.6625	-6.4875	46.378
36.6625	-6.4625	46.313
36.6625	-6.4375	46.252
36.6625	-6.4125	46.194
36.6625	-6.3875	46.137
36.6625	-6.3625	46.087
36.6625	-6.3375	46.045
36.6625	-6.3125	46
36.6625	-6.2875	45.976
36.6625	-6.2625	45.954
36.6625	-6.2375	45.925
36.6625	-6.2125	45.898
36.6625	-6.1875	45.877
36.6625	-6.1625	45.856
36.6625	-6.1375	45.838
36.6625	-6.1125	45.825
36.6625	-6.0875	45.81
36.6625	-6.0625	45.803
36.6625	-6.0375	45.804
36.6625	-6.0125	45.802
36.6625	-5.9875	45.798
36.6875	-10.0125	48.484
36.6875	-9.9875	48.531
36.6875	-9.9625	48.571
36.6875	-9.9375	48.604
36.6875	-9.9125	48.632
36.6875	-9.8875	48.651
36.6875	-9.8625	48.67
36.6875	-9.8375	48.685
36.6875	-9.8125	48.703
36.6875	-9.7875	48.73
36.6875	-9.7625	48.768
36.6875	-9.7375	48.813
36.6875	-9.7125	48.87
36.6875	-9.6875	48.929
36.6875	-9.6625	48.985
36.6875	-9.6375	49.045
36.6875	-9.6125	49.104
36.6875	-9.5875	49.162
36.6875	-9.5625	49.22
36.6875	-9.5375	49.277
36.6875	-9.5125	49.33
36.6875	-9.4875	49.379
36.6875	-9.4625	49.425
36.6875	-9.4375	49.468
36.6875	-9.4125	49.501
36.6875	-9.3875	49.523
36.6875	-9.3625	49.533
36.6875	-9.3375	49.536
36.6875	-9.3125	49.532
36.6875	-9.2875	49.523
36.6875	-9.2625	49.512
36.6875	-9.2375	49.501
36.6875	-9.2125	49.489
36.6875	-9.1875	49.472
36.6875	-9.1625	49.459
36.6875	-9.1375	49.453
36.6875	-9.1125	49.451
36.6875	-9.0875	49.455
36.6875	-9.0625	49.462
36.6875	-9.0375	49.474
36.6875	-9.0125	49.491
36.6875	-8.9875	49.509
36.6875	-8.9625	49.527
36.6875	-8.9375	49.549
36.6875	-8.9125	49.571
36.6875	-8.8875	49.593
36.6875	-8.8625	49.612
36.6875	-8.8375	49.626
36.6875	-8.8125	49.636
36.6875	-8.7875	49.645
36.6875	-8.7625	49.653
36.6875	-8.7375	49.662
36.6875	-8.7125	49.668
36.6875	-8.6875	49.669
36.6875	-8.6625	49.667
36.6875	-8.6375	49.658
36.6875	-8.6125	49.645
36.6875	-8.5875	49.627
36.6875	-8.5625	49.605
36.6875	-8.5375	49.597
36.6875	-8.5125	49.601
36.6875	-8.4875	49.617
36.6875	-8.4625	49.635
36.6875	-8.4375	49.652
36.6875	-8.4125	49.668
36.6875	-8.3875	49.681
36.6875	-8.3625	49.694
36.6875	-8.3375	49.704
36.6875	-8.3125	49.712
36.6875	-8.2875	49.722
36.6875	-8.2625	49.73
36.6875	-8.2375	49.74
36.6875	-8.2125	49.748
36.6875	-8.1875	49.755
36.6875	-8.1625	49.759
36.6875	-8.1375	49.758
36.6875	-8.1125	49.757
36.6875	-8.0875	49.757
36.6875	-8.0625	49.756
36.6875	-8.0375	49.754
36.6875	-8.0125	49.752
36.6875	-7.9875	49.75
36.6875	-7.9625	49.747
36.6875	-7.9375	49.744
36.6875	-7.9125	49.737
36.6875	-7.8875	49.729
36.6875	-7.8625	49.72
36.6875	-7.8375	49.709
36.6875	-7.8125	49.701
36.6875	-7.7875	49.694
36.6875	-7.7625	49.689
36.6875	-7.7375	49.686
36.6875	-7.7125	49.684
36.6875	-7.6875	49.684
36.6875	-7.6625	49.681
36.6875	-7.6375	49.677
36.6875	-7.6125	49.666
36.6875	-7.5875	49.648
36.6875	-7.5625	49.625
36.6875	-7.5375	49.597
36.6875	-7.5125	49.561
36.6875	-7.4875	49.522
36.6875	-7.4625	49.479
36.6875	-7.4375	49.436
36.6875	-7.4125	49.393
36.6875	-7.3875	49.35
36.6875	-7.3625	49.305
36.6875	-7.3375	49.259
36.6875	-7.3125	49.213
36.6875	-7.2875	49.167
36.6875	-7.2625	49.119
36.6875	-7.2375	49.071
36.6875	-7.2125	49.022
36.6875	-7.1875	48.97
36.6875	-7.1625	48.917
36.6875	-7.1375	48.859
36.6875	-7.1125	48.8
36.6875	-7.0875	48.735
36.6875	-7.0625	48.667
36.6875	-7.0375	48.594
36.6875	-7.0125	48.518
36.6875	-6.9875	48.438
36.6875	-6.9625	48.355
36.6875	-6.9375	48.269
36.6875	-6.9125	48.18
36.6875	-6.8875	48.087
36.6875	-6.8625	47.992
36.6875	-6.8375	47.894
36.6875	-6.8125	47.792
36.6875	-6.7875	47.69
36.6875	-6.7625	47.583
36.6875	-6.7375	47.475
36.6875	-6.7125	47.367
36.6875	-6.6875	47.261
36.6875	-6.6625	47.159
36.6875	-6.6375	47.06
36.6875	-6.6125	46.965
36.6875	-6.5875	46.874
36.6875	-6.5625	46.786
36.6875	-6.5375	46.702
36.6875	-6.5125	46.624
36.6875	-6.4875	46.551
36.6875	-6.4625	46.482
36.6875	-6.4375	46.418
36.6875	-6.4125	46.356
36.6875	-6.3875	46.297
36.6875	-6.3625	46.242
36.6875	-6.3375	46.191
36.6875	-6.3125	46.146
36.6875	-6.2875	46.119
36.6875	-6.2625	46.098
36.6875	-6.2375	46.073
36.6875	-6.2125	46.044
36.6875	-6.1875	46.016
36.6875	-6.1625	45.989
36.6875	-6.1375	45.97
36.6875	-6.1125	45.95
36.6875	-6.0875	45.935
36.6875	-6.0625	45.929
36.6875	-6.0375	45.923
36.6875	-6.0125	45.916
36.6875	-5.9875	45.919
36.7125	-10.0125	48.628
36.7125	-9.9875	48.678
36.7125	-9.9625	48.721
36.7125	-9.9375	48.758
36.7125	-9.9125	48.789
36.7125	-9.8875	48.813
36.7125	-9.8625	48.832
36.7125	-9.8375	48.847
36.7125	-9.8125	48.861
36.7125	-9.7875	48.88
36.7125	-9.7625	48.906
36.7125	-9.7375	48.947
36.7125	-9.7125	48.996
36.7125	-9.6875	49.053
36.7125	-9.6625	49.111
36.7125	-9.6375	49.172
36.7125	-9.6125	49.235
36.7125	-9.5875	49.298
36.7125	-9.5625	49.364
36.7125	-9.5375	49.43
36.7125	-9.5125	49.494
36.7125	-9.4875	49.553
36.7125	-9.4625	49.604
36.7125	-9.4375	49.65
36.7125	-9.4125	49.689
36.7125	-9.3875	49.715
36.7125	-9.3625	49.732
36.7125	-9.3375	49.741
36.7125	-9.3125	49.743
36.7125	-9.2875	49.738
36.7125	-9.2625	49.733
36.7125	-9.2375	49.724
36.7125	-9.2125	49.711
36.7125	-9.1875	49.702
36.7125	-9.1625	49.696
36.7125	-9.1375	49.695
36.7125	-9.1125	49.697
36.7125	-9.0875	49.699
36.7125	-9.0625	49.706
36.7125	-9.0375	49.711
36.7125	-9.0125	49.727
36.7125	-8.9875	49.743
36.7125	-8.9625	49.757
36.7125	-8.9375	49.772
36.7125	-8.9125	49.786
36.7125	-8.8875	49.801
36.7125	-8.8625	49.814
36.7125	-8.8375	49.824
36.7125	-8.8125	49.833
36.7125	-8.7875	49.851
36.7125	-8.7625	49.858
36.7125	-8.7375	49.862
36.7125	-8.7125	49.862
36.7125	-8.6875	49.858
36.7125	-8.6625	49.85
36.7125	-8.6375	49.84
36.7125	-8.6125	49.825
36.7125	-8.5875	49.81
36.7125	-8.5625	49.794
36.7125	-8.5375	49.78
36.7125	-8.5125	49.774
36.7125	-8.4875	49.786
36.7125	-8.4625	49.8
36.7125	-8.4375	49.811
36.7125	-8.4125	49.821
36.7125	-8.3875	49.831
36.7125	-8.3625	49.842
36.7125	-8.3375	49.851
36.7125	-8.3125	49.859
36.7125	-8.2875	49.868
36.7125	-8.2625	49.876
36.7125	-8.2375	49.884
36.7125	-8.2125	49.891
36.7125	-8.1875	49.897
36.7125	-8.1625	49.897
36.7125	-8.1375	49.893
36.7125	-8.1125	49.886
36.7125	-8.0875	49.884
36.7125	-8.0625	49.882
36.7125	-8.0375	49.88
36.7125	-8.0125	49.874
36.7125	-7.9875	49.87
36.7125	-7.9625	49.866
36.7125	-7.9375	49.861
36.7125	-7.9125	49.855
36.7125	-7.8875	49.846
36.7125	-7.8625	49.835
36.7125	-7.8375	49.822
36.7125	-7.8125	49.811
36.7125	-7.7875	49.801
36.7125	-7.7625	49.793
36.7125	-7.7375	49.788
36.7125	-7.7125	49.785
36.7125	-7.6875	49.782
36.7125	-7.6625	49.779
36.7125	-7.6375	49.772
36.7125	-7.6125	49.76
36.7125	-7.5875	49.745
36.7125	-7.5625	49.723
36.7125	-7.5375	49.697
36.7125	-7.5125	49.665
36.7125	-7.4875	49.63
36.7125	-7.4625	49.592
36.7125	-7.4375	49.553
36.7125	-7.4125	49.517
36.7125	-7.3875	49.481
36.7125	-7.3625	49.444
36.7125	-7.3375	49.408
36.7125	-7.3125	49.37
36.7125	-7.2875	49.332
36.7125	-7.2625	49.292
36.7125	-7.2375	49.249
36.7125	-7.2125	49.204
36.7125	-7.1875	49.156
36.7125	-7.1625	49.105
36.7125	-7.1375	49.052
36.7125	-7.1125	48.994
36.7125	-7.0875	48.933
36.7125	-7.0625	48.868
36.7125	-7.0375	48.798
36.7125	-7.0125	48.724
36.7125	-6.9875	48.648
36.7125	-6.9625	48.565
36.7125	-6.9375	48.479
36.7125	-6.9125	48.386
36.7125	-6.8875	48.29
36.7125	-6.8625	48.191
36.7125	-6.8375	48.09
36.7125	-6.8125	47.986
36.7125	-6.7875	47.881
36.7125	-6.7625	47.772
36.7125	-6.7375	47.662
36.7125	-6.7125	47.554
36.7125	-6.6875	47.447
36.7125	-6.6625	47.343
36.7125	-6.6375	47.242
36.7125	-6.6125	47.145
36.7125	-6.5875	47.052
36.7125	-6.5625	46.963
36.7125	-6.5375	46.878
36.7125	-6.5125	46.797
36.7125	-6.4875	46.721
36.7125	-6.4625	46.647
36.7125	-6.4375	46.576
36.7125	-6.4125	46.507
36.7125	-6.3875	46.444
36.7125	-6.3625	46.386
36.7125	-6.3375	46.33
36.7125	-6.3125	46.279
36.7125	-6.2875	46.244
36.7125	-6.2625	46.224
36.7125	-6.2375	46.196
36.7125	-6.2125	46.174
36.7125	-6.1875	46.144
36.7125	-6.1625	46.117
36.7125	-6.1375	46.096
36.7125	-6.1125	46.068
36.7125	-6.0875	46.047
36.7125	-6.0625	46.035
36.7125	-6.0375	46.025
36.7125	-6.0125	46.026
36.7125	-5.9875	46.022
36.7375	-10.0125	48.756
36.7375	-9.9875	48.809
36.7375	-9.9625	48.857
36.7375	-9.9375	48.898
36.7375	-9.9125	48.93
36.7375	-9.8875	48.957
36.7375	-9.8625	48.976
36.7375	-9.8375	48.991
36.7375	-9.8125	49.002
36.7375	-9.7875	49.015
36.7375	-9.7625	49.032
36.7375	-9.7375	49.062
36.7375	-9.7125	49.103
36.7375	-9.6875	49.155
36.7375	-9.6625	49.212
36.7375	-9.6375	49.275
36.7375	-9.6125	49.339
36.7375	-9.5875	49.406
36.7375	-9.5625	49.475
36.7375	-9.5375	49.547
36.7375	-9.5125	49.62
36.7375	-9.4875	49.689
36.7375	-9.4625	49.749
36.7375	-9.4375	49.802
36.7375	-9.4125	49.846
36.7375	-9.3875	49.878
36.7375	-9.3625	49.902
36.7375	-9.3375	49.918
36.7375	-9.3125	49.925
36.7375	-9.2875	49.925
36.7375	-9.2625	49.919
36.7375	-9.2375	49.913
36.7375	-9.2125	49.91
36.7375	-9.1875	49.911
36.7375	-9.1625	49.915
36.7375	-9.1375	49.924
36.7375	-9.1125	49.925
36.7375	-9.0875	49.936
36.7375	-9.0625	49.951
36.7375	-9.0375	49.965
36.7375	-9.0125	49.98
36.7375	-8.9875	49.991
36.7375	-8.9625	49.998
36.7375	-8.9375	50.004
36.7375	-8.9125	50.012
36.7375	-8.8875	50.019
36.7375	-8.8625	50.026
36.7375	-8.8375	50.033
36.7375	-8.8125	50.041
36.7375	-8.7875	50.049
36.7375	-8.7625	50.054
36.7375	-8.7375	50.055
36.7375	-8.7125	50.06
36.7375	-8.6875	50.053
36.7375	-8.6625	50.042
36.7375	-8.6375	50.028
36.7375	-8.6125	50.013
36.7375	-8.5875	49.998
36.7375	-8.5625	49.985
36.7375	-8.5375	49.972
36.7375	-8.5125	49.963
36.7375	-8.4875	49.964
36.7375	-8.4625	49.969
36.7375	-8.4375	49.974
36.7375	-8.4125	49.98
36.7375	-8.3875	49.988
36.7375	-8.3625	49.997
36.7375	-8.3375	50.004
36.7375	-8.3125	50.012
36.7375	-8.2875	50.02
36.7375	-8.2625	50.028
36.7375	-8.2375	50.034
36.7375	-8.2125	50.04
36.7375	-8.1875	50.043
36.7375	-8.1625	50.04
36.7375	-8.1375	50.032
36.7375	-8.1125	50.023
36.7375	-8.0875	50.018
36.7375	-8.0625	50.014
36.7375	-8.0375	50.011
36.7375	-8.0125	50.007
36.7375	-7.9875	50.001
36.7375	-7.9625	49.995
36.7375	-7.9375	49.988
36.7375	-7.9125	49.98
36.7375	-7.8875	49.971
36.7375	-7.8625	49.959
36.7375	-7.8375	49.944
36.7375	-7.8125	49.929
36.7375	-7.7875	49.917
36.7375	-7.7625	49.905
36.7375	-7.7375	49.897
36.7375	-7.7125	49.89
36.7375	-7.6875	49.884
36.7375	-7.6625	49.878
36.7375	-7.6375	49.87
36.7375	-7.6125	49.86
36.7375	-7.5875	49.844
36.7375	-7.5625	49.824
36.7375	-7.5375	49.799
36.7375	-7.5125	49.77
36.7375	-7.4875	49.737
36.7375	-7.4625	49.702
36.7375	-7.4375	49.668
36.7375	-7.4125	49.634
36.7375	-7.3875	49.602
36.7375	-7.3625	49.571
36.7375	-7.3375	49.539
36.7375	-7.3125	49.507
36.7375	-7.2875	49.475
36.7375	-7.2625	49.44
36.7375	-7.2375	49.402
36.7375	-7.2125	49.36
36.7375	-7.1875	49.316
36.7375	-7.1625	49.267
36.7375	-7.1375	49.216
36.7375	-7.1125	49.162
36.7375	-7.0875	49.104
36.7375	-7.0625	49.044
36.7375	-7.0375	48.977
36.7375	-7.0125	48.906
36.7375	-6.9875	48.831
36.7375	-6.9625	48.751
36.7375	-6.9375	48.662
36.7375	-6.9125	48.568
36.7375	-6.8875	48.472
36.7375	-6.8625	48.372
36.7375	-6.8375	48.27
36.7375	-6.8125	48.164
36.7375	-6.7875	48.057
36.7375	-6.7625	47.948
36.7375	-6.7375	47.839
36.7375	-6.7125	47.731
36.7375	-6.6875	47.624
36.7375	-6.6625	47.52
36.7375	-6.6375	47.419
36.7375	-6.6125	47.32
36.7375	-6.5875	47.226
36.7375	-6.5625	47.136
36.7375	-6.5375	47.047
36.7375	-6.5125	46.963
36.7375	-6.4875	46.883
36.7375	-6.4625	46.804
36.7375	-6.4375	46.725
36.7375	-6.4125	46.65
36.7375	-6.3875	46.583
36.7375	-6.3625	46.524
36.7375	-6.3375	46.464
36.7375	-6.3125	46.406
36.7375	-6.2875	46.363
36.7375	-6.2625	46.332
36.7375	-6.2375	46.306
36.7375	-6.2125	46.286
36.7375	-6.1875	46.259
36.7375	-6.1625	46.24
36.7375	-6.1375	46.219
36.7375	-6.1125	46.185
36.7375	-6.0875	46.159
36.7375	-6.0625	46.142
36.7375	-6.0375	46.132
36.7375	-6.0125	46.125
36.7375	-5.9875	46.117
36.7625	-10.0125	48.87
36.7625	-9.9875	48.927
36.7625	-9.9625	48.976
36.7625	-9.9375	49.018
36.7625	-9.9125	49.053
36.7625	-9.8875	49.082
36.7625	-9.8625	49.103
36.7625	-9.8375	49.118
36.7625	-9.8125	49.129
36.7625	-9.7875	49.137
36.7625	-9.7625	49.148
36.7625	-9.7375	49.168
36.7625	-9.7125	49.198
36.7625	-9.6875	49.243
36.7625	-9.6625	49.297
36.7625	-9.6375	49.357
36.7625	-9.6125	49.421
36.7625	-9.5875	49.488
36.7625	-9.5625	49.559
36.7625	-9.5375	49.632
36.7625	-9.5125	49.708
36.7625	-9.4875	49.784
36.7625	-9.4625	49.853
36.7625	-9.4375	49.915
36.7625	-9.4125	49.966
36.7625	-9.3875	50.008
36.7625	-9.3625	50.04
36.7625	-9.3375	50.063
36.7625	-9.3125	50.075
36.7625	-9.2875	50.079
36.7625	-9.2625	50.077
36.7625	-9.2375	50.077
36.7625	-9.2125	50.082
36.7625	-9.1875	50.094
36.7625	-9.1625	50.1
36.7625	-9.1375	50.12
36.7625	-9.1125	50.15
36.7625	-9.0875	50.181
36.7625	-9.0625	50.203
36.7625	-9.0375	50.22
36.7625	-9.0125	50.232
36.7625	-8.9875	50.228
36.7625	-8.9625	50.23
36.7625	-8.9375	50.228
36.7625	-8.9125	50.226
36.7625	-8.8875	50.226
36.7625	-8.8625	50.239
36.7625	-8.8375	50.242
36.7625	-8.8125	50.246
36.7625	-8.7875	50.251
36.7625	-8.7625	50.254
36.7625	-8.7375	50.254
36.7625	-8.7125	50.25
36.7625	-8.6875	50.244
36.7625	-8.6625	50.242
36.7625	-8.6375	50.227
36.7625	-8.6125	50.21
36.7625	-8.5875	50.198
36.7625	-8.5625	50.191
36.7625	-8.5375	50.18
36.7625	-8.5125	50.168
36.7625	-8.4875	50.16
36.7625	-8.4625	50.157
36.7625	-8.4375	50.157
36.7625	-8.4125	50.161
36.7625	-8.3875	50.168
36.7625	-8.3625	50.172
36.7625	-8.3375	50.177
36.7625	-8.3125	50.183
36.7625	-8.2875	50.189
36.7625	-8.2625	50.194
36.7625	-8.2375	50.198
36.7625	-8.2125	50.203
36.7625	-8.1875	50.201
36.7625	-8.1625	50.195
36.7625	-8.1375	50.183
36.7625	-8.1125	50.171
36.7625	-8.0875	50.167
36.7625	-8.0625	50.163
36.7625	-8.0375	50.156
36.7625	-8.0125	50.15
36.7625	-7.9875	50.142
36.7625	-7.9625	50.134
36.7625	-7.9375	50.127
36.7625	-7.9125	50.117
36.7625	-7.8875	50.104
36.7625	-7.8625	50.089
36.7625	-7.8375	50.071
36.7625	-7.8125	50.054
36.7625	-7.7875	50.04
36.7625	-7.7625	50.027
36.7625	-7.7375	50.014
36.7625	-7.7125	50.003
36.7625	-7.6875	49.993
36.7625	-7.6625	49.984
36.7625	-7.6375	49.975
36.7625	-7.6125	49.963
36.7625	-7.5875	49.948
36.7625	-7.5625	49.928
36.7625	-7.5375	49.905
36.7625	-7.5125	49.877
36.7625	-7.4875	49.847
36.7625	-7.4625	49.814
36.7625	-7.4375	49.781
36.7625	-7.4125	49.748
36.7625	-7.3875	49.718
36.7625	-7.3625	49.688
36.7625	-7.3375	49.659
36.7625	-7.3125	49.629
36.7625	-7.2875	49.6
36.7625	-7.2625	49.568
36.7625	-7.2375	49.534
36.7625	-7.2125	49.495
36.7625	-7.1875	49.453
36.7625	-7.1625	49.407
36.7625	-7.1375	49.359
36.7625	-7.1125	49.308
36.7625	-7.0875	49.255
36.7625	-7.0625	49.198
36.7625	-7.0375	49.135
36.7625	-7.0125	49.066
36.7625	-6.9875	48.992
36.7625	-6.9625	48.911
36.7625	-6.9375	48.823
36.7625	-6.9125	48.73
36.7625	-6.8875	48.634
36.7625	-6.8625	48.534
36.7625	-6.8375	48.432
36.7625	-6.8125	48.329
36.7625	-6.7875	48.223
36.7625	-6.7625	48.116
36.7625	-6.7375	48.007
36.7625	-6.7125	47.899
36.7625	-6.6875	47.792
36.7625	-6.6625	47.69
36.7625	-6.6375	47.588
36.7625	-6.6125	47.49
36.7625	-6.5875	47.394
36.7625	-6.5625	47.3
36.7625	-6.5375	47.208
36.7625	-6.5125	47.12
36.7625	-6.4875	47.033
36.7625	-6.4625	46.949
36.7625	-6.4375	46.866
36.7625	-6.4125	46.784
36.7625	-6.3875	46.712
36.7625	-6.3625	46.65
36.7625	-6.3375	46.588
36.7625	-6.3125	46.528
36.7625	-6.2875	46.479
36.7625	-6.2625	46.441
36.7625	-6.2375	46.413
36.7625	-6.2125	46.386
36.7625	-6.1875	46.36
36.7625	-6.1625	46.335
36.7625	-6.1375	46.311
36.7625	-6.1125	46.284
36.7625	-6.0875	46.261
36.7625	-6.0625	46.243
36.7625	-6.0375	46.234
36.7625	-6.0125	46.225
36.7625	-5.9875	46.217
36.7875	-10.0125	48.968
36.7875	-9.9875	49.027
36.7875	-9.9625	49.079
36.7875	-9.9375	49.122
36.7875	-9.9125	49.159
36.7875	-9.8875	49.19
36.7875	-9.8625	49.213
36.7875	-9.8375	49.231
36.7875	-9.8125	49.242
36.7875	-9.7875	49.249
36.7875	-9.7625	49.256
36.7875	-9.7375	49.268
36.7875	-9.7125	49.29
36.7875	-9.6875	49.325
36.7875	-9.6625	49.371
36.7875	-9.6375	49.425
36.7875	-9.6125	49.482
36.7875	-9.5875	49.547
36.7875	-9.5625	49.617
36.7875	-9.5375	49.693
36.7875	-9.5125	49.772
36.7875	-9.4875	49.852
36.7875	-9.4625	49.928
36.7875	-9.4375	49.996
36.7875	-9.4125	50.055
36.7875	-9.3875	50.104
36.7875	-9.3625	50.144
36.7875	-9.3375	50.174
36.7875	-9.3125	50.193
36.7875	-9.2875	50.203
36.7875	-9.2625	50.207
36.7875	-9.2375	50.212
36.7875	-9.2125	50.224
36.7875	-9.1875	50.232
36.7875	-9.1625	50.258
36.7875	-9.1375	50.296
36.7875	-9.1125	50.345
36.7875	-9.0875	50.398
36.7875	-9.0625	50.427
36.7875	-9.0375	50.45
36.7875	-9.0125	50.462
36.7875	-8.9875	50.465
36.7875	-8.9625	50.462
36.7875	-8.9375	50.455
36.7875	-8.9125	50.446
36.7875	-8.8875	50.441
36.7875	-8.8625	50.437
36.7875	-8.8375	50.438
36.7875	-8.8125	50.439
36.7875	-8.7875	50.44
36.7875	-8.7625	50.453
36.7875	-8.7375	50.455
36.7875	-8.7125	50.452
36.7875	-8.6875	50.445
36.7875	-8.6625	50.434
36.7875	-8.6375	50.432
36.7875	-8.6125	50.424
36.7875	-8.5875	50.414
36.7875	-8.5625	50.402
36.7875	-8.5375	50.388
36.7875	-8.5125	50.377
36.7875	-8.4875	50.367
36.7875	-8.4625	50.36
36.7875	-8.4375	50.355
36.7875	-8.4125	50.355
36.7875	-8.3875	50.359
36.7875	-8.3625	50.364
36.7875	-8.3375	50.371
36.7875	-8.3125	50.378
36.7875	-8.2875	50.385
36.7875	-8.2625	50.386
36.7875	-8.2375	50.385
36.7875	-8.2125	50.381
36.7875	-8.1875	50.374
36.7875	-8.1625	50.37
36.7875	-8.1375	50.361
36.7875	-8.1125	50.349
36.7875	-8.0875	50.338
36.7875	-8.0625	50.329
36.7875	-8.0375	50.317
36.7875	-8.0125	50.307
36.7875	-7.9875	50.299
36.7875	-7.9625	50.289
36.7875	-7.9375	50.278
36.7875	-7.9125	50.264
36.7875	-7.8875	50.237
36.7875	-7.8625	50.217
36.7875	-7.8375	50.197
36.7875	-7.8125	50.178
36.7875	-7.7875	50.161
36.7875	-7.7625	50.146
36.7875	-7.7375	50.129
36.7875	-7.7125	50.124
36.7875	-7.6875	50.111
36.7875	-7.6625	50.1
36.7875	-7.6375	50.088
36.7875	-7.6125	50.075
36.7875	-7.5875	50.06
36.7875	-7.5625	50.04
36.7875	-7.5375	50.017
36.7875	-7.5125	49.99
36.7875	-7.4875	49.96
36.7875	-7.4625	49.928
36.7875	-7.4375	49.894
36.7875	-7.4125	49.862
36.7875	-7.3875	49.83
36.7875	-7.3625	49.8
36.7875	-7.3375	49.77
36.7875	-7.3125	49.742
36.7875	-7.2875	49.714
36.7875	-7.2625	49.685
36.7875	-7.2375	49.653
36.7875	-7.2125	49.617
36.7875	-7.1875	49.577
36.7875	-7.1625	49.533
36.7875	-7.1375	49.487
36.7875	-7.1125	49.44
36.7875	-7.0875	49.39
36.7875	-7.0625	49.336
36.7875	-7.0375	49.275
36.7875	-7.0125	49.208
36.7875	-6.9875	49.135
36.7875	-6.9625	49.056
36.7875	-6.9375	48.97
36.7875	-6.9125	48.879
36.7875	-6.8875	48.784
36.7875	-6.8625	48.687
36.7875	-6.8375	48.587
36.7875	-6.8125	48.485
36.7875	-6.7875	48.382
36.7875	-6.7625	48.277
36.7875	-6.7375	48.17
36.7875	-6.7125	48.064
36.7875	-6.6875	47.96
36.7875	-6.6625	47.856
36.7875	-6.6375	47.754
36.7875	-6.6125	47.654
36.7875	-6.5875	47.554
36.7875	-6.5625	47.457
36.7875	-6.5375	47.363
36.7875	-6.5125	47.27
36.7875	-6.4875	47.18
36.7875	-6.4625	47.09
36.7875	-6.4375	47
36.7875	-6.4125	46.916
36.7875	-6.3875	46.838
36.7875	-6.3625	46.769
36.7875	-6.3375	46.709
36.7875	-6.3125	46.647
36.7875	-6.2875	46.597
36.7875	-6.2625	46.554
36.7875	-6.2375	46.524
36.7875	-6.2125	46.488
36.7875	-6.1875	46.454
36.7875	-6.1625	46.425
36.7875	-6.1375	46.403
36.7875	-6.1125	46.379
36.7875	-6.0875	46.356
36.7875	-6.0625	46.34
36.7875	-6.0375	46.335
36.7875	-6.0125	46.328
36.7875	-5.9875	46.327
36.8125	-10.0125	49.055
36.8125	-9.9875	49.115
36.8125	-9.9625	49.167
36.8125	-9.9375	49.211
36.8125	-9.9125	49.249
36.8125	-9.8875	49.28
36.8125	-9.8625	49.308
36.8125	-9.8375	49.328
36.8125	-9.8125	49.341
36.8125	-9.7875	49.349
36.8125	-9.7625	49.355
36.8125	-9.7375	49.362
36.8125	-9.7125	49.376
36.8125	-9.6875	49.401
36.8125	-9.6625	49.437
36.8125	-9.6375	49.48
36.8125	-9.6125	49.53
36.8125	-9.5875	49.59
36.8125	-9.5625	49.66
36.8125	-9.5375	49.736
36.8125	-9.5125	49.817
36.8125	-9.4875	49.895
36.8125	-9.4625	49.972
36.8125	-9.4375	50.045
36.8125	-9.4125	50.111
36.8125	-9.3875	50.167
36.8125	-9.3625	50.218
36.8125	-9.3375	50.257
36.8125	-9.3125	50.284
36.8125	-9.2875	50.302
36.8125	-9.2625	50.313
36.8125	-9.2375	50.324
36.8125	-9.2125	50.332
36.8125	-9.1875	50.356
36.8125	-9.1625	50.394
36.8125	-9.1375	50.446
36.8125	-9.1125	50.501
36.8125	-9.0875	50.574
36.8125	-9.0625	50.632
36.8125	-9.0375	50.659
36.8125	-9.0125	50.674
36.8125	-8.9875	50.676
36.8125	-8.9625	50.674
36.8125	-8.9375	50.658
36.8125	-8.9125	50.655
36.8125	-8.8875	50.643
36.8125	-8.8625	50.637
36.8125	-8.8375	50.635
36.8125	-8.8125	50.633
36.8125	-8.7875	50.643
36.8125	-8.7625	50.644
36.8125	-8.7375	50.644
36.8125	-8.7125	50.652
36.8125	-8.6875	50.65
36.8125	-8.6625	50.641
36.8125	-8.6375	50.633
36.8125	-8.6125	50.633
36.8125	-8.5875	50.619
36.8125	-8.5625	50.597
36.8125	-8.5375	50.574
36.8125	-8.5125	50.56
36.8125	-8.4875	50.559
36.8125	-8.4625	50.557
36.8125	-8.4375	50.554
36.8125	-8.4125	50.552
36.8125	-8.3875	50.554
36.8125	-8.3625	50.56
36.8125	-8.3375	50.569
36.8125	-8.3125	50.577
36.8125	-8.2875	50.581
36.8125	-8.2625	50.578
36.8125	-8.2375	50.572
36.8125	-8.2125	50.564
36.8125	-8.1875	50.555
36.8125	-8.1625	50.546
36.8125	-8.1375	50.534
36.8125	-8.1125	50.521
36.8125	-8.0875	50.509
36.8125	-8.0625	50.499
36.8125	-8.0375	50.49
36.8125	-8.0125	50.482
36.8125	-7.9875	50.47
36.8125	-7.9625	50.459
36.8125	-7.9375	50.434
36.8125	-7.9125	50.414
36.8125	-7.8875	50.392
36.8125	-7.8625	50.368
36.8125	-7.8375	50.344
36.8125	-7.8125	50.322
36.8125	-7.7875	50.302
36.8125	-7.7625	50.283
36.8125	-7.7375	50.263
36.8125	-7.7125	50.245
36.8125	-7.6875	50.229
36.8125	-7.6625	50.224
36.8125	-7.6375	50.21
36.8125	-7.6125	50.197
36.8125	-7.5875	50.18
36.8125	-7.5625	50.16
36.8125	-7.5375	50.136
36.8125	-7.5125	50.109
36.8125	-7.4875	50.078
36.8125	-7.4625	50.046
36.8125	-7.4375	50.01
36.8125	-7.4125	49.976
36.8125	-7.3875	49.943
36.8125	-7.3625	49.912
36.8125	-7.3375	49.882
36.8125	-7.3125	49.853
36.8125	-7.2875	49.826
36.8125	-7.2625	49.798
36.8125	-7.2375	49.767
36.8125	-7.2125	49.733
36.8125	-7.1875	49.696
36.8125	-7.1625	49.655
36.8125	-7.1375	49.611
36.8125	-7.1125	49.566
36.8125	-7.0875	49.518
36.8125	-7.0625	49.464
36.8125	-7.0375	49.404
36.8125	-7.0125	49.339
36.8125	-6.9875	49.269
36.8125	-6.9625	49.193
36.8125	-6.9375	49.11
36.8125	-6.9125	49.022
36.8125	-6.8875	48.931
36.8125	-6.8625	48.836
36.8125	-6.8375	48.74
36.8125	-6.8125	48.639
36.8125	-6.7875	48.539
36.8125	-6.7625	48.436
36.8125	-6.7375	48.332
36.8125	-6.7125	48.226
36.8125	-6.6875	48.123
36.8125	-6.6625	48.019
36.8125	-6.6375	47.916
36.8125	-6.6125	47.812
36.8125	-6.5875	47.71
36.8125	-6.5625	47.61
36.8125	-6.5375	47.512
36.8125	-6.5125	47.416
36.8125	-6.4875	47.322
36.8125	-6.4625	47.226
36.8125	-6.4375	47.134
36.8125	-6.4125	47.046
36.8125	-6.3875	46.965
36.8125	-6.3625	46.893
36.8125	-6.3375	46.824
36.8125	-6.3125	46.761
36.8125	-6.2875	46.707
36.8125	-6.2625	46.661
36.8125	-6.2375	46.62
36.8125	-6.2125	46.58
36.8125	-6.1875	46.543
36.8125	-6.1625	46.513
36.8125	-6.1375	46.489
36.8125	-6.1125	46.469
36.8125	-6.0875	46.45
36.8125	-6.0625	46.437
36.8125	-6.0375	46.426
36.8125	-6.0125	46.425
36.8125	-5.9875	46.429
36.8375	-10.0125	49.129
36.8375	-9.9875	49.19
36.8375	-9.9625	49.241
36.8375	-9.9375	49.284
36.8375	-9.9125	49.323
36.8375	-9.8875	49.356
36.8375	-9.8625	49.386
36.8375	-9.8375	49.408
36.8375	-9.8125	49.421
36.8375	-9.7875	49.432
36.8375	-9.7625	49.439
36.8375	-9.7375	49.445
36.8375	-9.7125	49.455
36.8375	-9.6875	49.474
36.8375	-9.6625	49.5
36.8375	-9.6375	49.537
36.8375	-9.6125	49.576
36.8375	-9.5875	49.63
36.8375	-9.5625	49.696
36.8375	-9.5375	49.767
36.8375	-9.5125	49.839
36.8375	-9.4875	49.915
36.8375	-9.4625	49.99
36.8375	-9.4375	50.061
36.8375	-9.4125	50.13
36.8375	-9.3875	50.205
36.8375	-9.3625	50.269
36.8375	-9.3375	50.319
36.8375	-9.3125	50.354
36.8375	-9.2875	50.38
36.8375	-9.2625	50.4
36.8375	-9.2375	50.409
36.8375	-9.2125	50.435
36.8375	-9.1875	50.467
36.8375	-9.1625	50.516
36.8375	-9.1375	50.568
36.8375	-9.1125	50.646
36.8375	-9.0875	50.725
36.8375	-9.0625	50.802
36.8375	-9.0375	50.846
36.8375	-9.0125	50.872
36.8375	-8.9875	50.87
36.8375	-8.9625	50.869
36.8375	-8.9375	50.866
36.8375	-8.9125	50.857
36.8375	-8.8875	50.842
36.8375	-8.8625	50.841
36.8375	-8.8375	50.832
36.8375	-8.8125	50.828
36.8375	-8.7875	50.836
36.8375	-8.7625	50.839
36.8375	-8.7375	50.85
36.8375	-8.7125	50.843
36.8375	-8.6875	50.84
36.8375	-8.6625	50.839
36.8375	-8.6375	50.827
36.8375	-8.6125	50.818
36.8375	-8.5875	50.814
36.8375	-8.5625	50.79
36.8375	-8.5375	50.765
36.8375	-8.5125	50.751
36.8375	-8.4875	50.754
36.8375	-8.4625	50.751
36.8375	-8.4375	50.746
36.8375	-8.4125	50.744
36.8375	-8.3875	50.744
36.8375	-8.3625	50.746
36.8375	-8.3375	50.753
36.8375	-8.3125	50.759
36.8375	-8.2875	50.761
36.8375	-8.2625	50.758
36.8375	-8.2375	50.752
36.8375	-8.2125	50.742
36.8375	-8.1875	50.732
36.8375	-8.1625	50.723
36.8375	-8.1375	50.71
36.8375	-8.1125	50.698
36.8375	-8.0875	50.689
36.8375	-8.0625	50.683
36.8375	-8.0375	50.677
36.8375	-8.0125	50.672
36.8375	-7.9875	50.661
36.8375	-7.9625	50.644
36.8375	-7.9375	50.614
36.8375	-7.9125	50.591
36.8375	-7.8875	50.563
36.8375	-7.8625	50.534
36.8375	-7.8375	50.493
36.8375	-7.8125	50.466
36.8375	-7.7875	50.445
36.8375	-7.7625	50.431
36.8375	-7.7375	50.409
36.8375	-7.7125	50.388
36.8375	-7.6875	50.368
36.8375	-7.6625	50.36
36.8375	-7.6375	50.342
36.8375	-7.6125	50.327
36.8375	-7.5875	50.31
36.8375	-7.5625	50.289
36.8375	-7.5375	50.264
36.8375	-7.5125	50.236
36.8375	-7.4875	50.204
36.8375	-7.4625	50.17
36.8375	-7.4375	50.133
36.8375	-7.4125	50.097
36.8375	-7.3875	50.062
36.8375	-7.3625	50.029
36.8375	-7.3375	49.999
36.8375	-7.3125	49.969
36.8375	-7.2875	49.942
36.8375	-7.2625	49.914
36.8375	-7.2375	49.885
36.8375	-7.2125	49.854
36.8375	-7.1875	49.819
36.8375	-7.1625	49.779
36.8375	-7.1375	49.737
36.8375	-7.1125	49.691
36.8375	-7.0875	49.642
36.8375	-7.0625	49.588
36.8375	-7.0375	49.53
36.8375	-7.0125	49.467
36.8375	-6.9875	49.4
36.8375	-6.9625	49.328
36.8375	-6.9375	49.249
36.8375	-6.9125	49.165
36.8375	-6.8875	49.077
36.8375	-6.8625	48.986
36.8375	-6.8375	48.892
36.8375	-6.8125	48.796
36.8375	-6.7875	48.697
36.8375	-6.7625	48.595
36.8375	-6.7375	48.491
36.8375	-6.7125	48.388
36.8375	-6.6875	48.283
36.8375	-6.6625	48.18
36.8375	-6.6375	48.074
36.8375	-6.6125	47.968
36.8375	-6.5875	47.862
36.8375	-6.5625	47.759
36.8375	-6.5375	47.658
36.8375	-6.5125	47.559
36.8375	-6.4875	47.461
36.8375	-6.4625	47.365
36.8375	-6.4375	47.271
36.8375	-6.4125	47.179
36.8375	-6.3875	47.093
36.8375	-6.3625	47.012
36.8375	-6.3375	46.938
36.8375	-6.3125	46.872
36.8375	-6.2875	46.815
36.8375	-6.2625	46.764
36.8375	-6.2375	46.718
36.8375	-6.2125	46.676
36.8375	-6.1875	46.637
36.8375	-6.1625	46.608
36.8375	-6.1375	46.572
36.8375	-6.1125	46.547
36.8375	-6.0875	46.529
36.8375	-6.0625	46.514
36.8375	-6.0375	46.508
36.8375	-6.0125	46.508
36.8375	-5.9875	46.519
36.8625	-10.0125	49.19
36.8625	-9.9875	49.251
36.8625	-9.9625	49.303
36.8625	-9.9375	49.346
36.8625	-9.9125	49.383
36.8625	-9.8875	49.417
36.8625	-9.8625	49.446
36.8625	-9.8375	49.469
36.8625	-9.8125	49.486
36.8625	-9.7875	49.496
36.8625	-9.7625	49.506
36.8625	-9.7375	49.517
36.8625	-9.7125	49.528
36.8625	-9.6875	49.545
36.8625	-9.6625	49.569
36.8625	-9.6375	49.6
36.8625	-9.6125	49.634
36.8625	-9.5875	49.683
36.8625	-9.5625	49.735
36.8625	-9.5375	49.793
36.8625	-9.5125	49.856
36.8625	-9.4875	49.925
36.8625	-9.4625	49.994
36.8625	-9.4375	50.065
36.8625	-9.4125	50.147
36.8625	-9.3875	50.226
36.8625	-9.3625	50.296
36.8625	-9.3375	50.355
36.8625	-9.3125	50.404
36.8625	-9.2875	50.444
36.8625	-9.2625	50.466
36.8625	-9.2375	50.497
36.8625	-9.2125	50.532
36.8625	-9.1875	50.572
36.8625	-9.1625	50.617
36.8625	-9.1375	50.689
36.8625	-9.1125	50.767
36.8625	-9.0875	50.859
36.8625	-9.0625	50.954
36.8625	-9.0375	51.016
36.8625	-9.0125	51.044
36.8625	-8.9875	51.052
36.8625	-8.9625	51.058
36.8625	-8.9375	51.06
36.8625	-8.9125	51.055
36.8625	-8.8875	51.043
36.8625	-8.8625	51.04
36.8625	-8.8375	51.031
36.8625	-8.8125	51.034
36.8625	-8.7875	51.04
36.8625	-8.7625	51.041
36.8625	-8.7375	51.044
36.8625	-8.7125	51.045
36.8625	-8.6875	51.036
36.8625	-8.6625	51.023
36.8625	-8.6375	51.023
36.8625	-8.6125	51.013
36.8625	-8.5875	51.001
36.8625	-8.5625	50.99
36.8625	-8.5375	50.966
36.8625	-8.5125	50.945
36.8625	-8.4875	50.94
36.8625	-8.4625	50.935
36.8625	-8.4375	50.93
36.8625	-8.4125	50.926
36.8625	-8.3875	50.925
36.8625	-8.3625	50.925
36.8625	-8.3375	50.928
36.8625	-8.3125	50.931
36.8625	-8.2875	50.93
36.8625	-8.2625	50.926
36.8625	-8.2375	50.921
36.8625	-8.2125	50.913
36.8625	-8.1875	50.904
36.8625	-8.1625	50.896
36.8625	-8.1375	50.888
36.8625	-8.1125	50.883
36.8625	-8.0875	50.879
36.8625	-8.0625	50.876
36.8625	-8.0375	50.874
36.8625	-8.0125	50.87
36.8625	-7.9875	50.86
36.8625	-7.9625	50.833
36.8625	-7.9375	50.81
36.8625	-7.9125	50.79
36.8625	-7.8875	50.746
36.8625	-7.8625	50.711
36.8625	-7.8375	50.674
36.8625	-7.8125	50.641
36.8625	-7.7875	50.613
36.8625	-7.7625	50.586
36.8625	-7.7375	50.561
36.8625	-7.7125	50.544
36.8625	-7.6875	50.52
36.8625	-7.6625	50.496
36.8625	-7.6375	50.486
36.8625	-7.6125	50.466
36.8625	-7.5875	50.448
36.8625	-7.5625	50.425
36.8625	-7.5375	50.399
36.8625	-7.5125	50.37
36.8625	-7.4875	50.339
36.8625	-7.4625	50.303
36.8625	-7.4375	50.264
36.8625	-7.4125	50.226
36.8625	-7.3875	50.191
36.8625	-7.3625	50.158
36.8625	-7.3375	50.127
36.8625	-7.3125	50.097
36.8625	-7.2875	50.071
36.8625	-7.2625	50.043
36.8625	-7.2375	50.015
36.8625	-7.2125	49.984
36.8625	-7.1875	49.949
36.8625	-7.1625	49.909
36.8625	-7.1375	49.864
36.8625	-7.1125	49.817
36.8625	-7.0875	49.768
36.8625	-7.0625	49.715
36.8625	-7.0375	49.659
36.8625	-7.0125	49.598
36.8625	-6.9875	49.534
36.8625	-6.9625	49.465
36.8625	-6.9375	49.389
36.8625	-6.9125	49.309
36.8625	-6.8875	49.224
36.8625	-6.8625	49.138
36.8625	-6.8375	49.048
36.8625	-6.8125	48.954
36.8625	-6.7875	48.856
36.8625	-6.7625	48.755
36.8625	-6.7375	48.651
36.8625	-6.7125	48.548
36.8625	-6.6875	48.443
36.8625	-6.6625	48.337
36.8625	-6.6375	48.229
36.8625	-6.6125	48.122
36.8625	-6.5875	48.014
36.8625	-6.5625	47.906
36.8625	-6.5375	47.802
36.8625	-6.5125	47.7
36.8625	-6.4875	47.602
36.8625	-6.4625	47.506
36.8625	-6.4375	47.411
36.8625	-6.4125	47.318
36.8625	-6.3875	47.227
36.8625	-6.3625	47.14
36.8625	-6.3375	47.061
36.8625	-6.3125	46.99
36.8625	-6.2875	46.925
36.8625	-6.2625	46.867
36.8625	-6.2375	46.815
36.8625	-6.2125	46.767
36.8625	-6.1875	46.725
36.8625	-6.1625	46.688
36.8625	-6.1375	46.646
36.8625	-6.1125	46.619
36.8625	-6.0875	46.606
36.8625	-6.0625	46.589
36.8625	-6.0375	46.582
36.8625	-6.0125	46.58
36.8625	-5.9875	46.578
36.8875	-10.0125	49.233
36.8875	-9.9875	49.295
36.8875	-9.9625	49.348
36.8875	-9.9375	49.391
36.8875	-9.9125	49.428
36.8875	-9.8875	49.46
36.8875	-9.8625	49.489
36.8875	-9.8375	49.512
36.8875	-9.8125	49.529
36.8875	-9.7875	49.543
36.8875	-9.7625	49.557
36.8875	-9.7375	49.57
36.8875	-9.7125	49.586
36.8875	-9.6875	49.608
36.8875	-9.6625	49.636
36.8875	-9.6375	49.67
36.8875	-9.6125	49.706
36.8875	-9.5875	49.746
36.8875	-9.5625	49.79
36.8875	-9.5375	49.838
36.8875	-9.5125	49.891
36.8875	-9.4875	49.948
36.8875	-9.4625	50.01
36.8875	-9.4375	50.082
36.8875	-9.4125	50.161
36.8875	-9.3875	50.239
36.8875	-9.3625	50.313
36.8875	-9.3375	50.382
36.8875	-9.3125	50.441
36.8875	-9.2875	50.494
36.8875	-9.2625	50.532
36.8875	-9.2375	50.578
36.8875	-9.2125	50.625
36.8875	-9.1875	50.664
36.8875	-9.1625	50.728
36.8875	-9.1375	50.8
36.8875	-9.1125	50.893
36.8875	-9.0875	50.999
36.8875	-9.0625	51.095
36.8875	-9.0375	51.163
36.8875	-9.0125	51.205
36.8875	-8.9875	51.223
36.8875	-8.9625	51.227
36.8875	-8.9375	51.231
36.8875	-8.9125	51.231
36.8875	-8.8875	51.234
36.8875	-8.8625	51.235
36.8875	-8.8375	51.234
36.8875	-8.8125	51.236
36.8875	-8.7875	51.231
36.8875	-8.7625	51.237
36.8875	-8.7375	51.24
36.8875	-8.7125	51.239
36.8875	-8.6875	51.229
36.8875	-8.6625	51.227
36.8875	-8.6375	51.214
36.8875	-8.6125	51.21
36.8875	-8.5875	51.195
36.8875	-8.5625	51.184
36.8875	-8.5375	51.158
36.8875	-8.5125	51.135
36.8875	-8.4875	51.122
36.8875	-8.4625	51.113
36.8875	-8.4375	51.118
36.8875	-8.4125	51.103
36.8875	-8.3875	51.099
36.8875	-8.3625	51.098
36.8875	-8.3375	51.097
36.8875	-8.3125	51.096
36.8875	-8.2875	51.094
36.8875	-8.2625	51.09
36.8875	-8.2375	51.085
36.8875	-8.2125	51.08
36.8875	-8.1875	51.073
36.8875	-8.1625	51.067
36.8875	-8.1375	51.064
36.8875	-8.1125	51.063
36.8875	-8.0875	51.065
36.8875	-8.0625	51.067
36.8875	-8.0375	51.066
36.8875	-8.0125	51.062
36.8875	-7.9875	51.055
36.8875	-7.9625	51.042
36.8875	-7.9375	51.01
36.8875	-7.9125	50.983
36.8875	-7.8875	50.951
36.8875	-7.8625	50.906
36.8875	-7.8375	50.868
36.8875	-7.8125	50.822
36.8875	-7.7875	50.796
36.8875	-7.7625	50.765
36.8875	-7.7375	50.741
36.8875	-7.7125	50.709
36.8875	-7.6875	50.69
36.8875	-7.6625	50.661
36.8875	-7.6375	50.643
36.8875	-7.6125	50.618
36.8875	-7.5875	50.605
36.8875	-7.5625	50.58
36.8875	-7.5375	50.553
36.8875	-7.5125	50.523
36.8875	-7.4875	50.491
36.8875	-7.4625	50.446
36.8875	-7.4375	50.406
36.8875	-7.4125	50.369
36.8875	-7.3875	50.334
36.8875	-7.3625	50.302
36.8875	-7.3375	50.27
36.8875	-7.3125	50.241
36.8875	-7.2875	50.213
36.8875	-7.2625	50.185
36.8875	-7.2375	50.153
36.8875	-7.2125	50.12
36.8875	-7.1875	50.084
36.8875	-7.1625	50.043
36.8875	-7.1375	49.999
36.8875	-7.1125	49.952
36.8875	-7.0875	49.901
36.8875	-7.0625	49.849
36.8875	-7.0375	49.794
36.8875	-7.0125	49.736
36.8875	-6.9875	49.673
36.8875	-6.9625	49.607
36.8875	-6.9375	49.535
36.8875	-6.9125	49.459
36.8875	-6.8875	49.379
36.8875	-6.8625	49.293
36.8875	-6.8375	49.212
36.8875	-6.8125	49.12
36.8875	-6.7875	49.024
36.8875	-6.7625	48.917
36.8875	-6.7375	48.814
36.8875	-6.7125	48.708
36.8875	-6.6875	48.603
36.8875	-6.6625	48.496
36.8875	-6.6375	48.386
36.8875	-6.6125	48.275
36.8875	-6.5875	48.163
36.8875	-6.5625	48.055
36.8875	-6.5375	47.948
36.8875	-6.5125	47.845
36.8875	-6.4875	47.747
36.8875	-6.4625	47.652
36.8875	-6.4375	47.558
36.8875	-6.4125	47.464
36.8875	-6.3875	47.37
36.8875	-6.3625	47.279
36.8875	-6.3375	47.193
36.8875	-6.3125	47.115
36.8875	-6.2875	47.042
36.8875	-6.2625	46.977
36.8875	-6.2375	46.915
36.8875	-6.2125	46.86
36.8875	-6.1875	46.812
36.8875	-6.1625	46.764
36.8875	-6.1375	46.721
36.8875	-6.1125	46.691
36.8875	-6.0875	46.669
36.8875	-6.0625	46.652
36.8875	-6.0375	46.642
36.8875	-6.0125	46.633
36.8875	-5.9875	46.622
36.9125	-10.0125	49.259
36.9125	-9.9875	49.321
36.9125	-9.9625	49.373
36.9125	-9.9375	49.416
36.9125	-9.9125	49.452
36.9125	-9.8875	49.483
36.9125	-9.8625	49.509
36.9125	-9.8375	49.532
36.9125	-9.8125	49.55
36.9125	-9.7875	49.566
36.9125	-9.7625	49.584
36.9125	-9.7375	49.604
36.9125	-9.7125	49.626
36.9125	-9.6875	49.654
36.9125	-9.6625	49.69
36.9125	-9.6375	49.734
36.9125	-9.6125	49.775
36.9125	-9.5875	49.814
36.9125	-9.5625	49.858
36.9125	-9.5375	49.902
36.9125	-9.5125	49.945
36.9125	-9.4875	49.988
36.9125	-9.4625	50.041
36.9125	-9.4375	50.105
36.9125	-9.4125	50.178
36.9125	-9.3875	50.253
36.9125	-9.3625	50.33
36.9125	-9.3375	50.405
36.9125	-9.3125	50.473
36.9125	-9.2875	50.539
36.9125	-9.2625	50.591
36.9125	-9.2375	50.653
36.9125	-9.2125	50.716
36.9125	-9.1875	50.769
36.9125	-9.1625	50.837
36.9125	-9.1375	50.931
36.9125	-9.1125	51.032
36.9125	-9.0875	51.137
36.9125	-9.0625	51.235
36.9125	-9.0375	51.302
36.9125	-9.0125	51.354
36.9125	-8.9875	51.373
36.9125	-8.9625	51.383
36.9125	-8.9375	51.395
36.9125	-8.9125	51.398
36.9125	-8.8875	51.405
36.9125	-8.8625	51.407
36.9125	-8.8375	51.406
36.9125	-8.8125	51.417
36.9125	-8.7875	51.421
36.9125	-8.7625	51.426
36.9125	-8.7375	51.429
36.9125	-8.7125	51.432
36.9125	-8.6875	51.435
36.9125	-8.6625	51.416
36.9125	-8.6375	51.411
36.9125	-8.6125	51.392
36.9125	-8.5875	51.384
36.9125	-8.5625	51.36
36.9125	-8.5375	51.344
36.9125	-8.5125	51.32
36.9125	-8.4875	51.304
36.9125	-8.4625	51.301
36.9125	-8.4375	51.292
36.9125	-8.4125	51.286
36.9125	-8.3875	51.28
36.9125	-8.3625	51.267
36.9125	-8.3375	51.265
36.9125	-8.3125	51.26
36.9125	-8.2875	51.256
36.9125	-8.2625	51.253
36.9125	-8.2375	51.25
36.9125	-8.2125	51.245
36.9125	-8.1875	51.24
36.9125	-8.1625	51.237
36.9125	-8.1375	51.235
36.9125	-8.1125	51.239
36.9125	-8.0875	51.243
36.9125	-8.0625	51.246
36.9125	-8.0375	51.248
36.9125	-8.0125	51.248
36.9125	-7.9875	51.242
36.9125	-7.9625	51.23
36.9125	-7.9375	51.201
36.9125	-7.9125	51.181
36.9125	-7.8875	51.146
36.9125	-7.8625	51.106
36.9125	-7.8375	51.064
36.9125	-7.8125	51.031
36.9125	-7.7875	50.994
36.9125	-7.7625	50.969
36.9125	-7.7375	50.94
36.9125	-7.7125	50.908
36.9125	-7.6875	50.882
36.9125	-7.6625	50.855
36.9125	-7.6375	50.82
36.9125	-7.6125	50.797
36.9125	-7.5875	50.769
36.9125	-7.5625	50.741
36.9125	-7.5375	50.711
36.9125	-7.5125	50.681
36.9125	-7.4875	50.648
36.9125	-7.4625	50.614
36.9125	-7.4375	50.564
36.9125	-7.4125	50.528
36.9125	-7.3875	50.493
36.9125	-7.3625	50.46
36.9125	-7.3375	50.427
36.9125	-7.3125	50.394
36.9125	-7.2875	50.362
36.9125	-7.2625	50.331
36.9125	-7.2375	50.297
36.9125	-7.2125	50.262
36.9125	-7.1875	50.226
36.9125	-7.1625	50.185
36.9125	-7.1375	50.141
36.9125	-7.1125	50.094
36.9125	-7.0875	50.043
36.9125	-7.0625	49.989
36.9125	-7.0375	49.934
36.9125	-7.0125	49.879
36.9125	-6.9875	49.818
36.9125	-6.9625	49.753
36.9125	-6.9375	49.683
36.9125	-6.9125	49.61
36.9125	-6.8875	49.535
36.9125	-6.8625	49.452
36.9125	-6.8375	49.373
36.9125	-6.8125	49.287
36.9125	-6.7875	49.193
36.9125	-6.7625	49.081
36.9125	-6.7375	48.979
36.9125	-6.7125	48.874
36.9125	-6.6875	48.766
36.9125	-6.6625	48.659
36.9125	-6.6375	48.548
36.9125	-6.6125	48.432
36.9125	-6.5875	48.319
36.9125	-6.5625	48.209
36.9125	-6.5375	48.101
36.9125	-6.5125	47.999
36.9125	-6.4875	47.899
36.9125	-6.4625	47.803
36.9125	-6.4375	47.709
36.9125	-6.4125	47.615
36.9125	-6.3875	47.519
36.9125	-6.3625	47.425
36.9125	-6.3375	47.336
36.9125	-6.3125	47.252
36.9125	-6.2875	47.173
36.9125	-6.2625	47.099
36.9125	-6.2375	47.028
36.9125	-6.2125	46.964
36.9125	-6.1875	46.907
36.9125	-6.1625	46.854
36.9125	-6.1375	46.808
36.9125	-6.1125	46.769
36.9125	-6.0875	46.739
36.9125	-6.0625	46.718
36.9125	-6.0375	46.696
36.9125	-6.0125	46.679
36.9125	-5.9875	46.662
36.9375	-10.0125	49.264
36.9375	-9.9875	49.325
36.9375	-9.9625	49.375
36.9375	-9.9375	49.415
36.9375	-9.9125	49.448
36.9375	-9.8875	49.475
36.9375	-9.8625	49.5
36.9375	-9.8375	49.523
36.9375	-9.8125	49.542
36.9375	-9.7875	49.562
36.9375	-9.7625	49.585
36.9375	-9.7375	49.613
36.9375	-9.7125	49.645
36.9375	-9.6875	49.683
36.9375	-9.6625	49.729
36.9375	-9.6375	49.781
36.9375	-9.6125	49.828
36.9375	-9.5875	49.875
36.9375	-9.5625	49.923
36.9375	-9.5375	49.97
36.9375	-9.5125	50.011
36.9375	-9.4875	50.045
36.9375	-9.4625	50.089
36.9375	-9.4375	50.143
36.9375	-9.4125	50.206
36.9375	-9.3875	50.275
36.9375	-9.3625	50.354
36.9375	-9.3375	50.431
36.9375	-9.3125	50.502
36.9375	-9.2875	50.574
36.9375	-9.2625	50.639
36.9375	-9.2375	50.719
36.9375	-9.2125	50.8
36.9375	-9.1875	50.873
36.9375	-9.1625	50.956
36.9375	-9.1375	51.052
36.9375	-9.1125	51.16
36.9375	-9.0875	51.278
36.9375	-9.0625	51.372
36.9375	-9.0375	51.444
36.9375	-9.0125	51.483
36.9375	-8.9875	51.51
36.9375	-8.9625	51.531
36.9375	-8.9375	51.539
36.9375	-8.9125	51.559
36.9375	-8.8875	51.568
36.9375	-8.8625	51.571
36.9375	-8.8375	51.581
36.9375	-8.8125	51.592
36.9375	-8.7875	51.593
36.9375	-8.7625	51.609
36.9375	-8.7375	51.612
36.9375	-8.7125	51.616
36.9375	-8.6875	51.62
36.9375	-8.6625	51.608
36.9375	-8.6375	51.589
36.9375	-8.6125	51.578
36.9375	-8.5875	51.568
36.9375	-8.5625	51.544
36.9375	-8.5375	51.527
36.9375	-8.5125	51.511
36.9375	-8.4875	51.492
36.9375	-8.4625	51.477
36.9375	-8.4375	51.465
36.9375	-8.4125	51.457
36.9375	-8.3875	51.452
36.9375	-8.3625	51.445
36.9375	-8.3375	51.431
36.9375	-8.3125	51.426
36.9375	-8.2875	51.421
36.9375	-8.2625	51.418
36.9375	-8.2375	51.416
36.9375	-8.2125	51.411
36.9375	-8.1875	51.406
36.9375	-8.1625	51.403
36.9375	-8.1375	51.401
36.9375	-8.1125	51.405
36.9375	-8.0875	51.41
36.9375	-8.0625	51.42
36.9375	-8.0375	51.434
36.9375	-8.0125	51.438
36.9375	-7.9875	51.434
36.9375	-7.9625	51.413
36.9375	-7.9375	51.398
36.9375	-7.9125	51.374
36.9375	-7.8875	51.347
36.9375	-7.8625	51.303
36.9375	-7.8375	51.269
36.9375	-7.8125	51.233
36.9375	-7.7875	51.215
36.9375	-7.7625	51.191
36.9375	-7.7375	51.155
36.9375	-7.7125	51.131
36.9375	-7.6875	51.095
36.9375	-7.6625	51.059
36.9375	-7.6375	51.026
36.9375	-7.6125	50.998
36.9375	-7.5875	50.966
36.9375	-7.5625	50.934
36.9375	-7.5375	50.9
36.9375	-7.5125	50.856
36.9375	-7.4875	50.821
36.9375	-7.4625	50.785
36.9375	-7.4375	50.746
36.9375	-7.4125	50.699
36.9375	-7.3875	50.662
36.9375	-7.3625	50.626
36.9375	-7.3375	50.589
36.9375	-7.3125	50.553
36.9375	-7.2875	50.517
36.9375	-7.2625	50.482
36.9375	-7.2375	50.446
36.9375	-7.2125	50.411
36.9375	-7.1875	50.373
36.9375	-7.1625	50.333
36.9375	-7.1375	50.29
36.9375	-7.1125	50.242
36.9375	-7.0875	50.193
36.9375	-7.0625	50.139
36.9375	-7.0375	50.084
36.9375	-7.0125	50.03
36.9375	-6.9875	49.97
36.9375	-6.9625	49.904
36.9375	-6.9375	49.837
36.9375	-6.9125	49.767
36.9375	-6.8875	49.695
36.9375	-6.8625	49.62
36.9375	-6.8375	49.54
36.9375	-6.8125	49.457
36.9375	-6.7875	49.361
36.9375	-6.7625	49.252
36.9375	-6.7375	49.147
36.9375	-6.7125	49.04
36.9375	-6.6875	48.933
36.9375	-6.6625	48.824
36.9375	-6.6375	48.713
36.9375	-6.6125	48.598
36.9375	-6.5875	48.482
36.9375	-6.5625	48.37
36.9375	-6.5375	48.262
36.9375	-6.5125	48.158
36.9375	-6.4875	48.06
36.9375	-6.4625	47.963
36.9375	-6.4375	47.866
36.9375	-6.4125	47.77
36.9375	-6.3875	47.675
36.9375	-6.3625	47.579
36.9375	-6.3375	47.488
36.9375	-6.3125	47.4
36.9375	-6.2875	47.316
36.9375	-6.2625	47.236
36.9375	-6.2375	47.158
36.9375	-6.2125	47.086
36.9375	-6.1875	47.021
36.9375	-6.1625	46.96
36.9375	-6.1375	46.907
36.9375	-6.1125	46.861
36.9375	-6.0875	46.821
36.9375	-6.0625	46.789
36.9375	-6.0375	46.759
36.9375	-6.0125	46.737
36.9375	-5.9875	46.711
36.9625	-10.0125	49.248
36.9625	-9.9875	49.303
36.9625	-9.9625	49.346
36.9625	-9.9375	49.381
36.9625	-9.9125	49.41
36.9625	-9.8875	49.436
36.9625	-9.8625	49.459
36.9625	-9.8375	49.484
36.9625	-9.8125	49.509
36.9625	-9.7875	49.536
36.9625	-9.7625	49.568
36.9625	-9.7375	49.606
36.9625	-9.7125	49.648
36.9625	-9.6875	49.697
36.9625	-9.6625	49.753
36.9625	-9.6375	49.811
36.9625	-9.6125	49.869
36.9625	-9.5875	49.923
36.9625	-9.5625	49.976
36.9625	-9.5375	50.026
36.9625	-9.5125	50.071
36.9625	-9.4875	50.113
36.9625	-9.4625	50.155
36.9625	-9.4375	50.201
36.9625	-9.4125	50.253
36.9625	-9.3875	50.315
36.9625	-9.3625	50.385
36.9625	-9.3375	50.454
36.9625	-9.3125	50.525
36.9625	-9.2875	50.603
36.9625	-9.2625	50.683
36.9625	-9.2375	50.783
36.9625	-9.2125	50.883
36.9625	-9.1875	50.972
36.9625	-9.1625	51.073
36.9625	-9.1375	51.182
36.9625	-9.1125	51.297
36.9625	-9.0875	51.41
36.9625	-9.0625	51.515
36.9625	-9.0375	51.591
36.9625	-9.0125	51.635
36.9625	-8.9875	51.656
36.9625	-8.9625	51.672
36.9625	-8.9375	51.686
36.9625	-8.9125	51.71
36.9625	-8.8875	51.723
36.9625	-8.8625	51.738
36.9625	-8.8375	51.751
36.9625	-8.8125	51.759
36.9625	-8.7875	51.771
36.9625	-8.7625	51.778
36.9625	-8.7375	51.78
36.9625	-8.7125	51.795
36.9625	-8.6875	51.788
36.9625	-8.6625	51.783
36.9625	-8.6375	51.771
36.9625	-8.6125	51.751
36.9625	-8.5875	51.738
36.9625	-8.5625	51.733
36.9625	-8.5375	51.716
36.9625	-8.5125	51.688
36.9625	-8.4875	51.666
36.9625	-8.4625	51.662
36.9625	-8.4375	51.638
36.9625	-8.4125	51.627
36.9625	-8.3875	51.621
36.9625	-8.3625	51.612
36.9625	-8.3375	51.599
36.9625	-8.3125	51.591
36.9625	-8.2875	51.585
36.9625	-8.2625	51.582
36.9625	-8.2375	51.578
36.9625	-8.2125	51.576
36.9625	-8.1875	51.57
36.9625	-8.1625	51.568
36.9625	-8.1375	51.571
36.9625	-8.1125	51.573
36.9625	-8.0875	51.58
36.9625	-8.0625	51.596
36.9625	-8.0375	51.604
36.9625	-8.0125	51.624
36.9625	-7.9875	51.624
36.9625	-7.9625	51.615
36.9625	-7.9375	51.594
36.9625	-7.9125	51.57
36.9625	-7.8875	51.525
36.9625	-7.8625	51.489
36.9625	-7.8375	51.455
36.9625	-7.8125	51.427
36.9625	-7.7875	51.417
36.9625	-7.7625	51.41
36.9625	-7.7375	51.39
36.9625	-7.7125	51.362
36.9625	-7.6875	51.33
36.9625	-7.6625	51.29
36.9625	-7.6375	51.249
36.9625	-7.6125	51.216
36.9625	-7.5875	51.181
36.9625	-7.5625	51.142
36.9625	-7.5375	51.092
36.9625	-7.5125	51.052
36.9625	-7.4875	51.002
36.9625	-7.4625	50.964
36.9625	-7.4375	50.914
36.9625	-7.4125	50.875
36.9625	-7.3875	50.834
36.9625	-7.3625	50.795
36.9625	-7.3375	50.745
36.9625	-7.3125	50.706
36.9625	-7.2875	50.667
36.9625	-7.2625	50.628
36.9625	-7.2375	50.591
36.9625	-7.2125	50.555
36.9625	-7.1875	50.527
36.9625	-7.1625	50.487
36.9625	-7.1375	50.441
36.9625	-7.1125	50.394
36.9625	-7.0875	50.347
36.9625	-7.0625	50.292
36.9625	-7.0375	50.237
36.9625	-7.0125	50.18
36.9625	-6.9875	50.125
36.9625	-6.9625	50.06
36.9625	-6.9375	49.996
36.9625	-6.9125	49.929
36.9625	-6.8875	49.859
36.9625	-6.8625	49.789
36.9625	-6.8375	49.711
36.9625	-6.8125	49.628
36.9625	-6.7875	49.533
36.9625	-6.7625	49.422
36.9625	-6.7375	49.323
36.9625	-6.7125	49.211
36.9625	-6.6875	49.102
36.9625	-6.6625	48.993
36.9625	-6.6375	48.881
36.9625	-6.6125	48.767
36.9625	-6.5875	48.652
36.9625	-6.5625	48.54
36.9625	-6.5375	48.433
36.9625	-6.5125	48.33
36.9625	-6.4875	48.23
36.9625	-6.4625	48.132
36.9625	-6.4375	48.033
36.9625	-6.4125	47.936
36.9625	-6.3875	47.839
36.9625	-6.3625	47.743
36.9625	-6.3375	47.648
36.9625	-6.3125	47.557
36.9625	-6.2875	47.469
36.9625	-6.2625	47.384
36.9625	-6.2375	47.302
36.9625	-6.2125	47.225
36.9625	-6.1875	47.152
36.9625	-6.1625	47.084
36.9625	-6.1375	47.022
36.9625	-6.1125	46.967
36.9625	-6.0875	46.918
36.9625	-6.0625	46.872
36.9625	-6.0375	46.835
36.9625	-6.0125	46.801
36.9625	-5.9875	46.77
36.9875	-10.0125	49.213
36.9875	-9.9875	49.257
36.9875	-9.9625	49.293
36.9875	-9.9375	49.323
36.9875	-9.9125	49.347
36.9875	-9.8875	49.372
36.9875	-9.8625	49.397
36.9875	-9.8375	49.426
36.9875	-9.8125	49.458
36.9875	-9.7875	49.494
36.9875	-9.7625	49.538
36.9875	-9.7375	49.587
36.9875	-9.7125	49.641
36.9875	-9.6875	49.7
36.9875	-9.6625	49.763
36.9875	-9.6375	49.827
36.9875	-9.6125	49.89
36.9875	-9.5875	49.951
36.9875	-9.5625	50.012
36.9875	-9.5375	50.071
36.9875	-9.5125	50.128
36.9875	-9.4875	50.183
36.9875	-9.4625	50.231
36.9875	-9.4375	50.273
36.9875	-9.4125	50.316
36.9875	-9.3875	50.367
36.9875	-9.3625	50.426
36.9875	-9.3375	50.492
36.9875	-9.3125	50.561
36.9875	-9.2875	50.643
36.9875	-9.2625	50.735
36.9875	-9.2375	50.849
36.9875	-9.2125	50.961
36.9875	-9.1875	51.068
36.9875	-9.1625	51.194
36.9875	-9.1375	51.315
36.9875	-9.1125	51.432
36.9875	-9.0875	51.567
36.9875	-9.0625	51.67
36.9875	-9.0375	51.743
36.9875	-9.0125	51.79
36.9875	-8.9875	51.821
36.9875	-8.9625	51.83
36.9875	-8.9375	51.838
36.9875	-8.9125	51.866
36.9875	-8.8875	51.891
36.9875	-8.8625	51.908
36.9875	-8.8375	51.92
36.9875	-8.8125	51.928
36.9875	-8.7875	51.93
36.9875	-8.7625	51.948
36.9875	-8.7375	51.952
36.9875	-8.7125	51.958
36.9875	-8.6875	51.959
36.9875	-8.6625	51.941
36.9875	-8.6375	51.927
36.9875	-8.6125	51.925
36.9875	-8.5875	51.913
36.9875	-8.5625	51.908
36.9875	-8.5375	51.891
36.9875	-8.5125	51.874
36.9875	-8.4875	51.848
36.9875	-8.4625	51.842
36.9875	-8.4375	51.82
36.9875	-8.4125	51.807
36.9875	-8.3875	51.787
36.9875	-8.3625	51.782
36.9875	-8.3375	51.765
36.9875	-8.3125	51.757
36.9875	-8.2875	51.752
36.9875	-8.2625	51.748
36.9875	-8.2375	51.743
36.9875	-8.2125	51.741
36.9875	-8.1875	51.735
36.9875	-8.1625	51.723
36.9875	-8.1375	51.729
36.9875	-8.1125	51.745
36.9875	-8.0875	51.751
36.9875	-8.0625	51.769
36.9875	-8.0375	51.789
36.9875	-8.0125	51.808
36.9875	-7.9875	51.813
36.9875	-7.9625	51.82
36.9875	-7.9375	51.798
36.9875	-7.9125	51.773
36.9875	-7.8875	51.724
36.9875	-7.8625	51.675
36.9875	-7.8375	51.637
36.9875	-7.8125	51.625
36.9875	-7.7875	51.632
36.9875	-7.7625	51.63
36.9875	-7.7375	51.625
36.9875	-7.7125	51.6
36.9875	-7.6875	51.567
36.9875	-7.6625	51.532
36.9875	-7.6375	51.497
36.9875	-7.6125	51.449
36.9875	-7.5875	51.403
36.9875	-7.5625	51.347
36.9875	-7.5375	51.294
36.9875	-7.5125	51.248
36.9875	-7.4875	51.193
36.9875	-7.4625	51.145
36.9875	-7.4375	51.094
36.9875	-7.4125	51.053
36.9875	-7.3875	51
36.9875	-7.3625	50.958
36.9875	-7.3375	50.916
36.9875	-7.3125	50.873
36.9875	-7.2875	50.831
36.9875	-7.2625	50.79
36.9875	-7.2375	50.751
36.9875	-7.2125	50.715
36.9875	-7.1875	50.675
36.9875	-7.1625	50.634
36.9875	-7.1375	50.599
36.9875	-7.1125	50.551
36.9875	-7.0875	50.501
36.9875	-7.0625	50.449
36.9875	-7.0375	50.396
36.9875	-7.0125	50.34
36.9875	-6.9875	50.286
36.9875	-6.9625	50.222
36.9875	-6.9375	50.16
36.9875	-6.9125	50.101
36.9875	-6.8875	50.028
36.9875	-6.8625	49.959
36.9875	-6.8375	49.883
36.9875	-6.8125	49.798
36.9875	-6.7875	49.702
36.9875	-6.7625	49.59
36.9875	-6.7375	49.49
36.9875	-6.7125	49.38
36.9875	-6.6875	49.272
36.9875	-6.6625	49.164
36.9875	-6.6375	49.055
36.9875	-6.6125	48.946
36.9875	-6.5875	48.832
36.9875	-6.5625	48.722
36.9875	-6.5375	48.614
36.9875	-6.5125	48.514
36.9875	-6.4875	48.412
36.9875	-6.4625	48.311
36.9875	-6.4375	48.211
36.9875	-6.4125	48.11
36.9875	-6.3875	48.012
36.9875	-6.3625	47.913
36.9875	-6.3375	47.816
36.9875	-6.3125	47.723
36.9875	-6.2875	47.632
36.9875	-6.2625	47.544
36.9875	-6.2375	47.459
36.9875	-6.2125	47.377
36.9875	-6.1875	47.3
36.9875	-6.1625	47.224
36.9875	-6.1375	47.153
36.9875	-6.1125	47.088
36.9875	-6.0875	47.029
36.9875	-6.0625	46.976
36.9875	-6.0375	46.927
36.9875	-6.0125	46.883
36.9875	-5.9875	46.847
37.0125	-10.0125	49.165
37.0125	-9.9875	49.198
37.0125	-9.9625	49.227
37.0125	-9.9375	49.25
37.0125	-9.9125	49.273
37.0125	-9.8875	49.297
37.0125	-9.8625	49.325
37.0125	-9.8375	49.36
37.0125	-9.8125	49.4
37.0125	-9.7875	49.445
37.0125	-9.7625	49.501
37.0125	-9.7375	49.563
37.0125	-9.7125	49.627
37.0125	-9.6875	49.692
37.0125	-9.6625	49.76
37.0125	-9.6375	49.827
37.0125	-9.6125	49.894
37.0125	-9.5875	49.961
37.0125	-9.5625	50.033
37.0125	-9.5375	50.107
37.0125	-9.5125	50.18
37.0125	-9.4875	50.246
37.0125	-9.4625	50.304
37.0125	-9.4375	50.348
37.0125	-9.4125	50.386
37.0125	-9.3875	50.431
37.0125	-9.3625	50.491
37.0125	-9.3375	50.554
37.0125	-9.3125	50.625
37.0125	-9.2875	50.707
37.0125	-9.2625	50.81
37.0125	-9.2375	50.914
37.0125	-9.2125	51.033
37.0125	-9.1875	51.159
37.0125	-9.1625	51.283
37.0125	-9.1375	51.413
37.0125	-9.1125	51.551
37.0125	-9.0875	51.697
37.0125	-9.0625	51.825
37.0125	-9.0375	51.912
37.0125	-9.0125	51.969
37.0125	-8.9875	52.01
37.0125	-8.9625	52.024
37.0125	-8.9375	52.039
37.0125	-8.9125	52.069
37.0125	-8.8875	52.079
37.0125	-8.8625	52.091
37.0125	-8.8375	52.095
37.0125	-8.8125	52.094
37.0125	-8.7875	52.093
37.0125	-8.7625	52.101
37.0125	-8.7375	52.107
37.0125	-8.7125	52.114
37.0125	-8.6875	52.11
37.0125	-8.6625	52.088
37.0125	-8.6375	52.084
37.0125	-8.6125	52.081
37.0125	-8.5875	52.082
37.0125	-8.5625	52.079
37.0125	-8.5375	52.063
37.0125	-8.5125	52.056
37.0125	-8.4875	52.042
37.0125	-8.4625	52.02
37.0125	-8.4375	51.998
37.0125	-8.4125	51.977
37.0125	-8.3875	51.955
37.0125	-8.3625	51.95
37.0125	-8.3375	51.933
37.0125	-8.3125	51.925
37.0125	-8.2875	51.917
37.0125	-8.2625	51.911
37.0125	-8.2375	51.907
37.0125	-8.2125	51.905
37.0125	-8.1875	51.9
37.0125	-8.1625	51.891
37.0125	-8.1375	51.897
37.0125	-8.1125	51.917
37.0125	-8.0875	51.926
37.0125	-8.0625	51.948
37.0125	-8.0375	51.97
37.0125	-8.0125	52.001
37.0125	-7.9875	52.018
37.0125	-7.9625	52.028
37.0125	-7.9375	52.021
37.0125	-7.9125	51.995
37.0125	-7.8875	51.942
37.0125	-7.8625	51.886
37.0125	-7.8375	51.849
37.0125	-7.8125	51.838
37.0125	-7.7875	51.846
37.0125	-7.7625	51.855
37.0125	-7.7375	51.853
37.0125	-7.7125	51.831
37.0125	-7.6875	51.812
37.0125	-7.6625	51.775
37.0125	-7.6375	51.729
37.0125	-7.6125	51.683
37.0125	-7.5875	51.619
37.0125	-7.5625	51.559
37.0125	-7.5375	51.499
37.0125	-7.5125	51.431
37.0125	-7.4875	51.38
37.0125	-7.4625	51.328
37.0125	-7.4375	51.276
37.0125	-7.4125	51.222
37.0125	-7.3875	51.178
37.0125	-7.3625	51.124
37.0125	-7.3375	51.079
37.0125	-7.3125	51.034
37.0125	-7.2875	50.99
37.0125	-7.2625	50.947
37.0125	-7.2375	50.915
37.0125	-7.2125	50.877
37.0125	-7.1875	50.837
37.0125	-7.1625	50.796
37.0125	-7.1375	50.751
37.0125	-7.1125	50.709
37.0125	-7.0875	50.661
37.0125	-7.0625	50.611
37.0125	-7.0375	50.561
37.0125	-7.0125	50.513
37.0125	-6.9875	50.451
37.0125	-6.9625	50.387
37.0125	-6.9375	50.333
37.0125	-6.9125	50.267
37.0125	-6.8875	50.205
37.0125	-6.8625	50.139
37.0125	-6.8375	50.055
37.0125	-6.8125	49.961
37.0125	-6.7875	49.87
37.0125	-6.7625	49.757
37.0125	-6.7375	49.656
37.0125	-6.7125	49.55
37.0125	-6.6875	49.446
37.0125	-6.6625	49.34
37.0125	-6.6375	49.236
37.0125	-6.6125	49.13
37.0125	-6.5875	49.022
37.0125	-6.5625	48.917
37.0125	-6.5375	48.812
37.0125	-6.5125	48.708
37.0125	-6.4875	48.602
37.0125	-6.4625	48.498
37.0125	-6.4375	48.394
37.0125	-6.4125	48.293
37.0125	-6.3875	48.192
37.0125	-6.3625	48.092
37.0125	-6.3375	47.994
37.0125	-6.3125	47.897
37.0125	-6.2875	47.803
37.0125	-6.2625	47.713
37.0125	-6.2375	47.623
37.0125	-6.2125	47.539
37.0125	-6.1875	47.455
37.0125	-6.1625	47.371
37.0125	-6.1375	47.293
37.0125	-6.1125	47.222
37.0125	-6.0875	47.158
37.0125	-6.0625	47.097
37.0125	-6.0375	47.04
37.0125	-6.0125	46.99
37.0125	-5.9875	46.945
37.0375	-10.0125	49.11
37.0375	-9.9875	49.134
37.0375	-9.9625	49.155
37.0375	-9.9375	49.175
37.0375	-9.9125	49.196
37.0375	-9.8875	49.22
37.0375	-9.8625	49.25
37.0375	-9.8375	49.287
37.0375	-9.8125	49.334
37.0375	-9.7875	49.392
37.0375	-9.7625	49.459
37.0375	-9.7375	49.53
37.0375	-9.7125	49.603
37.0375	-9.6875	49.672
37.0375	-9.6625	49.743
37.0375	-9.6375	49.811
37.0375	-9.6125	49.882
37.0375	-9.5875	49.959
37.0375	-9.5625	50.046
37.0375	-9.5375	50.135
37.0375	-9.5125	50.219
37.0375	-9.4875	50.298
37.0375	-9.4625	50.363
37.0375	-9.4375	50.41
37.0375	-9.4125	50.452
37.0375	-9.3875	50.503
37.0375	-9.3625	50.567
37.0375	-9.3375	50.635
37.0375	-9.3125	50.708
37.0375	-9.2875	50.792
37.0375	-9.2625	50.889
37.0375	-9.2375	50.997
37.0375	-9.2125	51.106
37.0375	-9.1875	51.237
37.0375	-9.1625	51.375
37.0375	-9.1375	51.507
37.0375	-9.1125	51.668
37.0375	-9.0875	51.832
37.0375	-9.0625	51.975
37.0375	-9.0375	52.075
37.0375	-9.0125	52.156
37.0375	-8.9875	52.216
37.0375	-8.9625	52.263
37.0375	-8.9375	52.3
37.0375	-8.9125	52.295
37.0375	-8.8875	52.285
37.0375	-8.8625	52.27
37.0375	-8.8375	52.255
37.0375	-8.8125	52.241
37.0375	-8.7875	52.24
37.0375	-8.7625	52.246
37.0375	-8.7375	52.254
37.0375	-8.7125	52.252
37.0375	-8.6875	52.244
37.0375	-8.6625	52.223
37.0375	-8.6375	52.22
37.0375	-8.6125	52.22
37.0375	-8.5875	52.232
37.0375	-8.5625	52.243
37.0375	-8.5375	52.24
37.0375	-8.5125	52.233
37.0375	-8.4875	52.218
37.0375	-8.4625	52.195
37.0375	-8.4375	52.17
37.0375	-8.4125	52.151
37.0375	-8.3875	52.121
37.0375	-8.3625	52.104
37.0375	-8.3375	52.099
37.0375	-8.3125	52.089
37.0375	-8.2875	52.079
37.0375	-8.2625	52.07
37.0375	-8.2375	52.065
37.0375	-8.2125	52.064
37.0375	-8.1875	52.062
37.0375	-8.1625	52.056
37.0375	-8.1375	52.063
37.0375	-8.1125	52.074
37.0375	-8.0875	52.098
37.0375	-8.0625	52.123
37.0375	-8.0375	52.162
37.0375	-8.0125	52.197
37.0375	-7.9875	52.217
37.0375	-7.9625	52.244
37.0375	-7.9375	52.242
37.0375	-7.9125	52.219
37.0375	-7.8875	52.18
37.0375	-7.8625	52.147
37.0375	-7.8375	52.106
37.0375	-7.8125	52.09
37.0375	-7.7875	52.082
37.0375	-7.7625	52.078
37.0375	-7.7375	52.076
37.0375	-7.7125	52.067
37.0375	-7.6875	52.049
37.0375	-7.6625	52.014
37.0375	-7.6375	51.967
37.0375	-7.6125	51.907
37.0375	-7.5875	51.84
37.0375	-7.5625	51.765
37.0375	-7.5375	51.693
37.0375	-7.5125	51.627
37.0375	-7.4875	51.562
37.0375	-7.4625	51.499
37.0375	-7.4375	51.446
37.0375	-7.4125	51.39
37.0375	-7.3875	51.334
37.0375	-7.3625	51.289
37.0375	-7.3375	51.243
37.0375	-7.3125	51.195
37.0375	-7.2875	51.149
37.0375	-7.2625	51.114
37.0375	-7.2375	51.07
37.0375	-7.2125	51.032
37.0375	-7.1875	51.002
37.0375	-7.1625	50.959
37.0375	-7.1375	50.914
37.0375	-7.1125	50.862
37.0375	-7.0875	50.824
37.0375	-7.0625	50.776
37.0375	-7.0375	50.731
37.0375	-7.0125	50.68
37.0375	-6.9875	50.618
37.0375	-6.9625	50.554
37.0375	-6.9375	50.507
37.0375	-6.9125	50.443
37.0375	-6.8875	50.374
37.0375	-6.8625	50.306
37.0375	-6.8375	50.221
37.0375	-6.8125	50.126
37.0375	-6.7875	50.029
37.0375	-6.7625	49.924
37.0375	-6.7375	49.828
37.0375	-6.7125	49.727
37.0375	-6.6875	49.624
37.0375	-6.6625	49.521
37.0375	-6.6375	49.42
37.0375	-6.6125	49.319
37.0375	-6.5875	49.219
37.0375	-6.5625	49.115
37.0375	-6.5375	49.01
37.0375	-6.5125	48.904
37.0375	-6.4875	48.798
37.0375	-6.4625	48.691
37.0375	-6.4375	48.586
37.0375	-6.4125	48.482
37.0375	-6.3875	48.38
37.0375	-6.3625	48.279
37.0375	-6.3375	48.179
37.0375	-6.3125	48.08
37.0375	-6.2875	47.983
37.0375	-6.2625	47.89
37.0375	-6.2375	47.798
37.0375	-6.2125	47.709
37.0375	-6.1875	47.62
37.0375	-6.1625	47.531
37.0375	-6.1375	47.448
37.0375	-6.1125	47.373
37.0375	-6.0875	47.302
37.0375	-6.0625	47.235
37.0375	-6.0375	47.172
37.0375	-6.0125	47.115
37.0375	-5.9875	47.062
37.0625	-10.0125	49.049
37.0625	-9.9875	49.067
37.0625	-9.9625	49.084
37.0625	-9.9375	49.1
37.0625	-9.9125	49.119
37.0625	-9.8875	49.144
37.0625	-9.8625	49.174
37.0625	-9.8375	49.214
37.0625	-9.8125	49.266
37.0625	-9.7875	49.332
37.0625	-9.7625	49.406
37.0625	-9.7375	49.482
37.0625	-9.7125	49.558
37.0625	-9.6875	49.631
37.0625	-9.6625	49.703
37.0625	-9.6375	49.776
37.0625	-9.6125	49.856
37.0625	-9.5875	49.947
37.0625	-9.5625	50.05
37.0625	-9.5375	50.156
37.0625	-9.5125	50.254
37.0625	-9.4875	50.338
37.0625	-9.4625	50.41
37.0625	-9.4375	50.464
37.0625	-9.4125	50.517
37.0625	-9.3875	50.584
37.0625	-9.3625	50.654
37.0625	-9.3375	50.724
37.0625	-9.3125	50.803
37.0625	-9.2875	50.891
37.0625	-9.2625	50.988
37.0625	-9.2375	51.092
37.0625	-9.2125	51.209
37.0625	-9.1875	51.342
37.0625	-9.1625	51.478
37.0625	-9.1375	51.616
37.0625	-9.1125	51.788
37.0625	-9.0875	51.963
37.0625	-9.0625	52.102
37.0625	-9.0375	52.22
37.0625	-9.0125	52.309
37.0625	-8.9875	52.387
37.0625	-8.9625	52.467
37.0625	-8.9375	52.491
37.0625	-8.9125	52.48
37.0625	-8.8875	52.464
37.0625	-8.8625	52.433
37.0625	-8.8375	52.408
37.0625	-8.8125	52.392
37.0625	-8.7875	52.378
37.0625	-8.7625	52.367
37.0625	-8.7375	52.373
37.0625	-8.7125	52.37
37.0625	-8.6875	52.355
37.0625	-8.6625	52.339
37.0625	-8.6375	52.339
37.0625	-8.6125	52.362
37.0625	-8.5875	52.388
37.0625	-8.5625	52.404
37.0625	-8.5375	52.423
37.0625	-8.5125	52.418
37.0625	-8.4875	52.403
37.0625	-8.4625	52.378
37.0625	-8.4375	52.338
37.0625	-8.4125	52.31
37.0625	-8.3875	52.275
37.0625	-8.3625	52.258
37.0625	-8.3375	52.254
37.0625	-8.3125	52.245
37.0625	-8.2875	52.243
37.0625	-8.2625	52.24
37.0625	-8.2375	52.233
37.0625	-8.2125	52.233
37.0625	-8.1875	52.226
37.0625	-8.1625	52.232
37.0625	-8.1375	52.241
37.0625	-8.1125	52.251
37.0625	-8.0875	52.278
37.0625	-8.0625	52.312
37.0625	-8.0375	52.355
37.0625	-8.0125	52.383
37.0625	-7.9875	52.419
37.0625	-7.9625	52.441
37.0625	-7.9375	52.447
37.0625	-7.9125	52.44
37.0625	-7.8875	52.425
37.0625	-7.8625	52.41
37.0625	-7.8375	52.387
37.0625	-7.8125	52.357
37.0625	-7.7875	52.33
37.0625	-7.7625	52.307
37.0625	-7.7375	52.292
37.0625	-7.7125	52.281
37.0625	-7.6875	52.273
37.0625	-7.6625	52.252
37.0625	-7.6375	52.208
37.0625	-7.6125	52.141
37.0625	-7.5875	52.059
37.0625	-7.5625	51.974
37.0625	-7.5375	51.891
37.0625	-7.5125	51.808
37.0625	-7.4875	51.741
37.0625	-7.4625	51.667
37.0625	-7.4375	51.614
37.0625	-7.4125	51.556
37.0625	-7.3875	51.5
37.0625	-7.3625	51.443
37.0625	-7.3375	51.397
37.0625	-7.3125	51.357
37.0625	-7.2875	51.309
37.0625	-7.2625	51.271
37.0625	-7.2375	51.226
37.0625	-7.2125	51.198
37.0625	-7.1875	51.158
37.0625	-7.1625	51.122
37.0625	-7.1375	51.08
37.0625	-7.1125	51.026
37.0625	-7.0875	50.979
37.0625	-7.0625	50.941
37.0625	-7.0375	50.897
37.0625	-7.0125	50.844
37.0625	-6.9875	50.777
37.0625	-6.9625	50.717
37.0625	-6.9375	50.672
37.0625	-6.9125	50.606
37.0625	-6.8875	50.537
37.0625	-6.8625	50.467
37.0625	-6.8375	50.379
37.0625	-6.8125	50.29
37.0625	-6.7875	50.196
37.0625	-6.7625	50.099
37.0625	-6.7375	50.004
37.0625	-6.7125	49.908
37.0625	-6.6875	49.805
37.0625	-6.6625	49.706
37.0625	-6.6375	49.612
37.0625	-6.6125	49.515
37.0625	-6.5875	49.412
37.0625	-6.5625	49.309
37.0625	-6.5375	49.204
37.0625	-6.5125	49.098
37.0625	-6.4875	48.99
37.0625	-6.4625	48.884
37.0625	-6.4375	48.779
37.0625	-6.4125	48.676
37.0625	-6.3875	48.573
37.0625	-6.3625	48.472
37.0625	-6.3375	48.371
37.0625	-6.3125	48.272
37.0625	-6.2875	48.173
37.0625	-6.2625	48.077
37.0625	-6.2375	47.982
37.0625	-6.2125	47.889
37.0625	-6.1875	47.798
37.0625	-6.1625	47.707
37.0625	-6.1375	47.621
37.0625	-6.1125	47.539
37.0625	-6.0875	47.463
37.0625	-6.0625	47.388
37.0625	-6.0375	47.318
37.0625	-6.0125	47.254
37.0625	-5.9875	47.195
37.0875	-10.0125	48.985
37.0875	-9.9875	48.998
37.0875	-9.9625	49.011
37.0875	-9.9375	49.026
37.0875	-9.9125	49.044
37.0875	-9.8875	49.068
37.0875	-9.8625	49.1
37.0875	-9.8375	49.142
37.0875	-9.8125	49.197
37.0875	-9.7875	49.266
37.0875	-9.7625	49.341
37.0875	-9.7375	49.418
37.0875	-9.7125	49.498
37.0875	-9.6875	49.577
37.0875	-9.6625	49.656
37.0875	-9.6375	49.736
37.0875	-9.6125	49.824
37.0875	-9.5875	49.926
37.0875	-9.5625	50.043
37.0875	-9.5375	50.165
37.0875	-9.5125	50.276
37.0875	-9.4875	50.371
37.0875	-9.4625	50.448
37.0875	-9.4375	50.514
37.0875	-9.4125	50.583
37.0875	-9.3875	50.663
37.0875	-9.3625	50.737
37.0875	-9.3375	50.815
37.0875	-9.3125	50.903
37.0875	-9.2875	51.001
37.0875	-9.2625	51.099
37.0875	-9.2375	51.199
37.0875	-9.2125	51.309
37.0875	-9.1875	51.438
37.0875	-9.1625	51.576
37.0875	-9.1375	51.74
37.0875	-9.1125	51.941
37.0875	-9.0875	52.09
37.0875	-9.0625	52.226
37.0875	-9.0375	52.331
37.0875	-9.0125	52.43
37.0875	-8.9875	52.522
37.0875	-8.9625	52.588
37.0875	-8.9375	52.633
37.0875	-8.9125	52.634
37.0875	-8.8875	52.611
37.0875	-8.8625	52.588
37.0875	-8.8375	52.561
37.0875	-8.8125	52.526
37.0875	-8.7875	52.502
37.0875	-8.7625	52.491
37.0875	-8.7375	52.491
37.0875	-8.7125	52.488
37.0875	-8.6875	52.459
37.0875	-8.6625	52.436
37.0875	-8.6375	52.459
37.0875	-8.6125	52.487
37.0875	-8.5875	52.538
37.0875	-8.5625	52.566
37.0875	-8.5375	52.592
37.0875	-8.5125	52.604
37.0875	-8.4875	52.59
37.0875	-8.4625	52.564
37.0875	-8.4375	52.516
37.0875	-8.4125	52.452
37.0875	-8.3875	52.415
37.0875	-8.3625	52.401
37.0875	-8.3375	52.398
37.0875	-8.3125	52.414
37.0875	-8.2875	52.414
37.0875	-8.2625	52.411
37.0875	-8.2375	52.412
37.0875	-8.2125	52.409
37.0875	-8.1875	52.412
37.0875	-8.1625	52.412
37.0875	-8.1375	52.421
37.0875	-8.1125	52.438
37.0875	-8.0875	52.468
37.0875	-8.0625	52.504
37.0875	-8.0375	52.543
37.0875	-8.0125	52.588
37.0875	-7.9875	52.621
37.0875	-7.9625	52.641
37.0875	-7.9375	52.649
37.0875	-7.9125	52.641
37.0875	-7.8875	52.634
37.0875	-7.8625	52.641
37.0875	-7.8375	52.626
37.0875	-7.8125	52.601
37.0875	-7.7875	52.55
37.0875	-7.7625	52.514
37.0875	-7.7375	52.485
37.0875	-7.7125	52.483
37.0875	-7.6875	52.485
37.0875	-7.6625	52.476
37.0875	-7.6375	52.433
37.0875	-7.6125	52.355
37.0875	-7.5875	52.256
37.0875	-7.5625	52.17
37.0875	-7.5375	52.075
37.0875	-7.5125	51.99
37.0875	-7.4875	51.9
37.0875	-7.4625	51.834
37.0875	-7.4375	51.768
37.0875	-7.4125	51.701
37.0875	-7.3875	51.654
37.0875	-7.3625	51.598
37.0875	-7.3375	51.56
37.0875	-7.3125	51.509
37.0875	-7.2875	51.47
37.0875	-7.2625	51.431
37.0875	-7.2375	51.393
37.0875	-7.2125	51.354
37.0875	-7.1875	51.32
37.0875	-7.1625	51.276
37.0875	-7.1375	51.247
37.0875	-7.1125	51.192
37.0875	-7.0875	51.146
37.0875	-7.0625	51.103
37.0875	-7.0375	51.06
37.0875	-7.0125	50.999
37.0875	-6.9875	50.938
37.0875	-6.9625	50.876
37.0875	-6.9375	50.824
37.0875	-6.9125	50.764
37.0875	-6.8875	50.698
37.0875	-6.8625	50.618
37.0875	-6.8375	50.538
37.0875	-6.8125	50.451
37.0875	-6.7875	50.366
37.0875	-6.7625	50.272
37.0875	-6.7375	50.179
37.0875	-6.7125	50.091
37.0875	-6.6875	49.995
37.0875	-6.6625	49.901
37.0875	-6.6375	49.806
37.0875	-6.6125	49.707
37.0875	-6.5875	49.604
37.0875	-6.5625	49.5
37.0875	-6.5375	49.396
37.0875	-6.5125	49.29
37.0875	-6.4875	49.184
37.0875	-6.4625	49.077
37.0875	-6.4375	48.974
37.0875	-6.4125	48.872
37.0875	-6.3875	48.772
37.0875	-6.3625	48.671
37.0875	-6.3375	48.571
37.0875	-6.3125	48.471
37.0875	-6.2875	48.372
37.0875	-6.2625	48.275
37.0875	-6.2375	48.178
37.0875	-6.2125	48.083
37.0875	-6.1875	47.989
37.0875	-6.1625	47.896
37.0875	-6.1375	47.806
37.0875	-6.1125	47.719
37.0875	-6.0875	47.633
37.0875	-6.0625	47.553
37.0875	-6.0375	47.478
37.0875	-6.0125	47.407
37.0875	-5.9875	47.344
37.1125	-10.0125	48.919
37.1125	-9.9875	48.928
37.1125	-9.9625	48.939
37.1125	-9.9375	48.953
37.1125	-9.9125	48.972
37.1125	-9.8875	48.998
37.1125	-9.8625	49.032
37.1125	-9.8375	49.078
37.1125	-9.8125	49.136
37.1125	-9.7875	49.207
37.1125	-9.7625	49.283
37.1125	-9.7375	49.363
37.1125	-9.7125	49.444
37.1125	-9.6875	49.529
37.1125	-9.6625	49.615
37.1125	-9.6375	49.702
37.1125	-9.6125	49.8
37.1125	-9.5875	49.913
37.1125	-9.5625	50.04
37.1125	-9.5375	50.17
37.1125	-9.5125	50.29
37.1125	-9.4875	50.393
37.1125	-9.4625	50.48
37.1125	-9.4375	50.559
37.1125	-9.4125	50.64
37.1125	-9.3875	50.729
37.1125	-9.3625	50.814
37.1125	-9.3375	50.904
37.1125	-9.3125	51.001
37.1125	-9.2875	51.104
37.1125	-9.2625	51.208
37.1125	-9.2375	51.306
37.1125	-9.2125	51.411
37.1125	-9.1875	51.542
37.1125	-9.1625	51.678
37.1125	-9.1375	51.845
37.1125	-9.1125	52.04
37.1125	-9.0875	52.185
37.1125	-9.0625	52.314
37.1125	-9.0375	52.426
37.1125	-9.0125	52.525
37.1125	-8.9875	52.607
37.1125	-8.9625	52.679
37.1125	-8.9375	52.729
37.1125	-8.9125	52.76
37.1125	-8.8875	52.76
37.1125	-8.8625	52.739
37.1125	-8.8375	52.704
37.1125	-8.8125	52.659
37.1125	-8.7875	52.622
37.1125	-8.7625	52.611
37.1125	-8.7375	52.594
37.1125	-8.7125	52.595
37.1125	-8.6875	52.566
37.1125	-8.6625	52.568
37.1125	-8.6375	52.596
37.1125	-8.6125	52.637
37.1125	-8.5875	52.693
37.1125	-8.5625	52.738
37.1125	-8.5375	52.762
37.1125	-8.5125	52.771
37.1125	-8.4875	52.765
37.1125	-8.4625	52.73
37.1125	-8.4375	52.668
37.1125	-8.4125	52.602
37.1125	-8.3875	52.561
37.1125	-8.3625	52.556
37.1125	-8.3375	52.566
37.1125	-8.3125	52.581
37.1125	-8.2875	52.596
37.1125	-8.2625	52.595
37.1125	-8.2375	52.598
37.1125	-8.2125	52.593
37.1125	-8.1875	52.59
37.1125	-8.1625	52.596
37.1125	-8.1375	52.615
37.1125	-8.1125	52.635
37.1125	-8.0875	52.671
37.1125	-8.0625	52.719
37.1125	-8.0375	52.754
37.1125	-8.0125	52.789
37.1125	-7.9875	52.839
37.1125	-7.9625	52.854
37.1125	-7.9375	52.847
37.1125	-7.9125	52.822
37.1125	-7.8875	52.816
37.1125	-7.8625	52.815
37.1125	-7.8375	52.824
37.1125	-7.8125	52.796
37.1125	-7.7875	52.759
37.1125	-7.7625	52.7
37.1125	-7.7375	52.668
37.1125	-7.7125	52.656
37.1125	-7.6875	52.681
37.1125	-7.6625	52.678
37.1125	-7.6375	52.624
37.1125	-7.6125	52.537
37.1125	-7.5875	52.44
37.1125	-7.5625	52.342
37.1125	-7.5375	52.246
37.1125	-7.5125	52.152
37.1125	-7.4875	52.069
37.1125	-7.4625	51.991
37.1125	-7.4375	51.912
37.1125	-7.4125	51.855
37.1125	-7.3875	51.799
37.1125	-7.3625	51.751
37.1125	-7.3375	51.702
37.1125	-7.3125	51.661
37.1125	-7.2875	51.632
37.1125	-7.2625	51.592
37.1125	-7.2375	51.553
37.1125	-7.2125	51.521
37.1125	-7.1875	51.486
37.1125	-7.1625	51.442
37.1125	-7.1375	51.408
37.1125	-7.1125	51.359
37.1125	-7.0875	51.313
37.1125	-7.0625	51.26
37.1125	-7.0375	51.224
37.1125	-7.0125	51.158
37.1125	-6.9875	51.098
37.1125	-6.9625	51.034
37.1125	-6.9375	50.985
37.1125	-6.9125	50.917
37.1125	-6.8875	50.854
37.1125	-6.8625	50.775
37.1125	-6.8375	50.694
37.1125	-6.8125	50.613
37.1125	-6.7875	50.53
37.1125	-6.7625	50.448
37.1125	-6.7375	50.362
37.1125	-6.7125	50.275
37.1125	-6.6875	50.182
37.1125	-6.6625	50.091
37.1125	-6.6375	49.996
37.1125	-6.6125	49.899
37.1125	-6.5875	49.798
37.1125	-6.5625	49.694
37.1125	-6.5375	49.591
37.1125	-6.5125	49.486
37.1125	-6.4875	49.382
37.1125	-6.4625	49.276
37.1125	-6.4375	49.173
37.1125	-6.4125	49.073
37.1125	-6.3875	48.975
37.1125	-6.3625	48.876
37.1125	-6.3375	48.777
37.1125	-6.3125	48.677
37.1125	-6.2875	48.579
37.1125	-6.2625	48.482
37.1125	-6.2375	48.384
37.1125	-6.2125	48.286
37.1125	-6.1875	48.19
37.1125	-6.1625	48.094
37.1125	-6.1375	48
37.1125	-6.1125	47.907
37.1125	-6.0875	47.816
37.1125	-6.0625	47.732
37.1125	-6.0375	47.652
37.1125	-6.0125	47.576
37.1125	-5.9875	47.508
37.1375	-10.0125	48.856
37.1375	-9.9875	48.862
37.1375	-9.9625	48.873
37.1375	-9.9375	48.885
37.1375	-9.9125	48.906
37.1375	-9.8875	48.935
37.1375	-9.8625	48.974
37.1375	-9.8375	49.023
37.1375	-9.8125	49.086
37.1375	-9.7875	49.161
37.1375	-9.7625	49.242
37.1375	-9.7375	49.321
37.1375	-9.7125	49.404
37.1375	-9.6875	49.49
37.1375	-9.6625	49.579
37.1375	-9.6375	49.674
37.1375	-9.6125	49.783
37.1375	-9.5875	49.906
37.1375	-9.5625	50.037
37.1375	-9.5375	50.17
37.1375	-9.5125	50.294
37.1375	-9.4875	50.402
37.1375	-9.4625	50.498
37.1375	-9.4375	50.589
37.1375	-9.4125	50.682
37.1375	-9.3875	50.785
37.1375	-9.3625	50.887
37.1375	-9.3375	50.991
37.1375	-9.3125	51.095
37.1375	-9.2875	51.199
37.1375	-9.2625	51.303
37.1375	-9.2375	51.403
37.1375	-9.2125	51.513
37.1375	-9.1875	51.626
37.1375	-9.1625	51.756
37.1375	-9.1375	51.927
37.1375	-9.1125	52.106
37.1375	-9.0875	52.257
37.1375	-9.0625	52.385
37.1375	-9.0375	52.488
37.1375	-9.0125	52.589
37.1375	-8.9875	52.68
37.1375	-8.9625	52.751
37.1375	-8.9375	52.816
37.1375	-8.9125	52.857
37.1375	-8.8875	52.877
37.1375	-8.8625	52.854
37.1375	-8.8375	52.826
37.1375	-8.8125	52.78
37.1375	-8.7875	52.747
37.1375	-8.7625	52.736
37.1375	-8.7375	52.736
37.1375	-8.7125	52.73
37.1375	-8.6875	52.725
37.1375	-8.6625	52.744
37.1375	-8.6375	52.778
37.1375	-8.6125	52.817
37.1375	-8.5875	52.865
37.1375	-8.5625	52.904
37.1375	-8.5375	52.925
37.1375	-8.5125	52.924
37.1375	-8.4875	52.912
37.1375	-8.4625	52.877
37.1375	-8.4375	52.822
37.1375	-8.4125	52.763
37.1375	-8.3875	52.731
37.1375	-8.3625	52.726
37.1375	-8.3375	52.746
37.1375	-8.3125	52.762
37.1375	-8.2875	52.777
37.1375	-8.2625	52.78
37.1375	-8.2375	52.786
37.1375	-8.2125	52.793
37.1375	-8.1875	52.79
37.1375	-8.1625	52.805
37.1375	-8.1375	52.825
37.1375	-8.1125	52.859
37.1375	-8.0875	52.887
37.1375	-8.0625	52.917
37.1375	-8.0375	52.965
37.1375	-8.0125	53.006
37.1375	-7.9875	53.037
37.1375	-7.9625	53.037
37.1375	-7.9375	53.017
37.1375	-7.9125	52.979
37.1375	-7.8875	52.946
37.1375	-7.8625	52.959
37.1375	-7.8375	52.975
37.1375	-7.8125	52.971
37.1375	-7.7875	52.941
37.1375	-7.7625	52.89
37.1375	-7.7375	52.848
37.1375	-7.7125	52.823
37.1375	-7.6875	52.825
37.1375	-7.6625	52.812
37.1375	-7.6375	52.754
37.1375	-7.6125	52.678
37.1375	-7.5875	52.592
37.1375	-7.5625	52.504
37.1375	-7.5375	52.417
37.1375	-7.5125	52.32
37.1375	-7.4875	52.236
37.1375	-7.4625	52.145
37.1375	-7.4375	52.066
37.1375	-7.4125	51.999
37.1375	-7.3875	51.942
37.1375	-7.3625	51.894
37.1375	-7.3375	51.854
37.1375	-7.3125	51.823
37.1375	-7.2875	51.792
37.1375	-7.2625	51.754
37.1375	-7.2375	51.714
37.1375	-7.2125	51.677
37.1375	-7.1875	51.644
37.1375	-7.1625	51.611
37.1375	-7.1375	51.568
37.1375	-7.1125	51.529
37.1375	-7.0875	51.485
37.1375	-7.0625	51.426
37.1375	-7.0375	51.379
37.1375	-7.0125	51.318
37.1375	-6.9875	51.254
37.1375	-6.9625	51.189
37.1375	-6.9375	51.129
37.1375	-6.9125	51.075
37.1375	-6.8875	51.013
37.1375	-6.8625	50.933
37.1375	-6.8375	50.853
37.1375	-6.8125	50.782
37.1375	-6.7875	50.71
37.1375	-6.7625	50.631
37.1375	-6.7375	50.546
37.1375	-6.7125	50.46
37.1375	-6.6875	50.371
37.1375	-6.6625	50.281
37.1375	-6.6375	50.188
37.1375	-6.6125	50.093
37.1375	-6.5875	49.994
37.1375	-6.5625	49.893
37.1375	-6.5375	49.792
37.1375	-6.5125	49.689
37.1375	-6.4875	49.586
37.1375	-6.4625	49.483
37.1375	-6.4375	49.381
37.1375	-6.4125	49.281
37.1375	-6.3875	49.184
37.1375	-6.3625	49.087
37.1375	-6.3375	48.988
37.1375	-6.3125	48.89
37.1375	-6.2875	48.793
37.1375	-6.2625	48.695
37.1375	-6.2375	48.598
37.1375	-6.2125	48.499
37.1375	-6.1875	48.401
37.1375	-6.1625	48.302
37.1375	-6.1375	48.204
37.1375	-6.1125	48.106
37.1375	-6.0875	48.011
37.1375	-6.0625	47.922
37.1375	-6.0375	47.838
37.1375	-6.0125	47.758
37.1375	-5.9875	47.684
37.1625	-10.0125	48.8
37.1625	-9.9875	48.804
37.1625	-9.9625	48.813
37.1625	-9.9375	48.827
37.1625	-9.9125	48.849
37.1625	-9.8875	48.88
37.1625	-9.8625	48.923
37.1625	-9.8375	48.977
37.1625	-9.8125	49.045
37.1625	-9.7875	49.124
37.1625	-9.7625	49.208
37.1625	-9.7375	49.287
37.1625	-9.7125	49.369
37.1625	-9.6875	49.455
37.1625	-9.6625	49.548
37.1625	-9.6375	49.652
37.1625	-9.6125	49.77
37.1625	-9.5875	49.9
37.1625	-9.5625	50.03
37.1625	-9.5375	50.16
37.1625	-9.5125	50.284
37.1625	-9.4875	50.397
37.1625	-9.4625	50.502
37.1625	-9.4375	50.604
37.1625	-9.4125	50.715
37.1625	-9.3875	50.827
37.1625	-9.3625	50.944
37.1625	-9.3375	51.067
37.1625	-9.3125	51.187
37.1625	-9.2875	51.297
37.1625	-9.2625	51.397
37.1625	-9.2375	51.501
37.1625	-9.2125	51.596
37.1625	-9.1875	51.705
37.1625	-9.1625	51.83
37.1625	-9.1375	51.994
37.1625	-9.1125	52.162
37.1625	-9.0875	52.308
37.1625	-9.0625	52.435
37.1625	-9.0375	52.538
37.1625	-9.0125	52.639
37.1625	-8.9875	52.732
37.1625	-8.9625	52.806
37.1625	-8.9375	52.87
37.1625	-8.9125	52.916
37.1625	-8.8875	52.944
37.1625	-8.8625	52.949
37.1625	-8.8375	52.927
37.1625	-8.8125	52.902
37.1625	-8.7875	52.882
37.1625	-8.7625	52.879
37.1625	-8.7375	52.885
37.1625	-8.7125	52.898
37.1625	-8.6875	52.913
37.1625	-8.6625	52.942
37.1625	-8.6375	52.972
37.1625	-8.6125	53.005
37.1625	-8.5875	53.039
37.1625	-8.5625	53.068
37.1625	-8.5375	53.093
37.1625	-8.5125	53.093
37.1625	-8.4875	53.07
37.1625	-8.4625	53.051
37.1625	-8.4375	53.013
37.1625	-8.4125	52.97
37.1625	-8.3875	52.942
37.1625	-8.3625	52.933
37.1625	-8.3375	52.94
37.1625	-8.3125	52.947
37.1625	-8.2875	52.956
37.1625	-8.2625	52.971
37.1625	-8.2375	52.984
37.1625	-8.2125	52.992
37.1625	-8.1875	53.004
37.1625	-8.1625	53.035
37.1625	-8.1375	53.071
37.1625	-8.1125	53.107
37.1625	-8.0875	53.133
37.1625	-8.0625	53.166
37.1625	-8.0375	53.197
37.1625	-8.0125	53.235
37.1625	-7.9875	53.25
37.1625	-7.9625	53.247
37.1625	-7.9375	53.24
37.1625	-7.9125	53.187
37.1625	-7.8875	53.164
37.1625	-7.8625	53.163
37.1625	-7.8375	53.179
37.1625	-7.8125	53.184
37.1625	-7.7875	53.156
37.1625	-7.7625	53.115
37.1625	-7.7375	53.051
37.1625	-7.7125	52.999
37.1625	-7.6875	52.97
37.1625	-7.6625	52.921
37.1625	-7.6375	52.864
37.1625	-7.6125	52.796
37.1625	-7.5875	52.73
37.1625	-7.5625	52.651
37.1625	-7.5375	52.576
37.1625	-7.5125	52.485
37.1625	-7.4875	52.399
37.1625	-7.4625	52.306
37.1625	-7.4375	52.217
37.1625	-7.4125	52.139
37.1625	-7.3875	52.091
37.1625	-7.3625	52.043
37.1625	-7.3375	52.015
37.1625	-7.3125	51.986
37.1625	-7.2875	51.955
37.1625	-7.2625	51.927
37.1625	-7.2375	51.887
37.1625	-7.2125	51.849
37.1625	-7.1875	51.815
37.1625	-7.1625	51.782
37.1625	-7.1375	51.737
37.1625	-7.1125	51.702
37.1625	-7.0875	51.652
37.1625	-7.0625	51.596
37.1625	-7.0375	51.542
37.1625	-7.0125	51.481
37.1625	-6.9875	51.417
37.1625	-6.9625	51.353
37.1625	-6.9375	51.291
37.1625	-6.9125	51.236
37.1625	-6.8875	51.175
37.1625	-6.8625	51.1
37.1625	-6.8375	51.02
37.1625	-6.8125	50.953
37.1625	-6.7875	50.889
37.1625	-6.7625	50.819
37.1625	-6.7375	50.736
37.1625	-6.7125	50.649
37.1625	-6.6875	50.561
37.1625	-6.6625	50.473
37.1625	-6.6375	50.383
37.1625	-6.6125	50.291
37.1625	-6.5875	50.194
37.1625	-6.5625	50.097
37.1625	-6.5375	49.999
37.1625	-6.5125	49.899
37.1625	-6.4875	49.797
37.1625	-6.4625	49.693
37.1625	-6.4375	49.592
37.1625	-6.4125	49.493
37.1625	-6.3875	49.397
37.1625	-6.3625	49.301
37.1625	-6.3375	49.202
37.1625	-6.3125	49.106
37.1625	-6.2875	49.009
37.1625	-6.2625	48.913
37.1625	-6.2375	48.816
37.1625	-6.2125	48.718
37.1625	-6.1875	48.618
37.1625	-6.1625	48.516
37.1625	-6.1375	48.416
37.1625	-6.1125	48.314
37.1625	-6.0875	48.215
37.1625	-6.0625	48.121
37.1625	-6.0375	48.034
37.1625	-6.0125	47.951
37.1625	-5.9875	47.871
37.1875	-10.0125	48.753
37.1875	-9.9875	48.756
37.1875	-9.9625	48.765
37.1875	-9.9375	48.778
37.1875	-9.9125	48.8
37.1875	-9.8875	48.832
37.1875	-9.8625	48.876
37.1875	-9.8375	48.933
37.1875	-9.8125	49.004
37.1875	-9.7875	49.085
37.1875	-9.7625	49.169
37.1875	-9.7375	49.248
37.1875	-9.7125	49.331
37.1875	-9.6875	49.42
37.1875	-9.6625	49.516
37.1875	-9.6375	49.63
37.1875	-9.6125	49.759
37.1875	-9.5875	49.894
37.1875	-9.5625	50.025
37.1875	-9.5375	50.149
37.1875	-9.5125	50.268
37.1875	-9.4875	50.382
37.1875	-9.4625	50.494
37.1875	-9.4375	50.606
37.1875	-9.4125	50.731
37.1875	-9.3875	50.854
37.1875	-9.3625	50.985
37.1875	-9.3375	51.12
37.1875	-9.3125	51.251
37.1875	-9.2875	51.367
37.1875	-9.2625	51.473
37.1875	-9.2375	51.585
37.1875	-9.2125	51.684
37.1875	-9.1875	51.786
37.1875	-9.1625	51.912
37.1875	-9.1375	52.072
37.1875	-9.1125	52.217
37.1875	-9.0875	52.349
37.1875	-9.0625	52.463
37.1875	-9.0375	52.576
37.1875	-9.0125	52.679
37.1875	-8.9875	52.764
37.1875	-8.9625	52.844
37.1875	-8.9375	52.911
37.1875	-8.9125	52.957
37.1875	-8.8875	52.984
37.1875	-8.8625	53.017
37.1875	-8.8375	53.018
37.1875	-8.8125	53.017
37.1875	-8.7875	53.027
37.1875	-8.7625	53.027
37.1875	-8.7375	53.041
37.1875	-8.7125	53.07
37.1875	-8.6875	53.112
37.1875	-8.6625	53.146
37.1875	-8.6375	53.171
37.1875	-8.6125	53.201
37.1875	-8.5875	53.226
37.1875	-8.5625	53.246
37.1875	-8.5375	53.258
37.1875	-8.5125	53.26
37.1875	-8.4875	53.247
37.1875	-8.4625	53.226
37.1875	-8.4375	53.203
37.1875	-8.4125	53.181
37.1875	-8.3875	53.167
37.1875	-8.3625	53.151
37.1875	-8.3375	53.152
37.1875	-8.3125	53.153
37.1875	-8.2875	53.166
37.1875	-8.2625	53.189
37.1875	-8.2375	53.206
37.1875	-8.2125	53.217
37.1875	-8.1875	53.238
37.1875	-8.1625	53.265
37.1875	-8.1375	53.297
37.1875	-8.1125	53.324
37.1875	-8.0875	53.347
37.1875	-8.0625	53.362
37.1875	-8.0375	53.4
37.1875	-8.0125	53.431
37.1875	-7.9875	53.45
37.1875	-7.9625	53.479
37.1875	-7.9375	53.478
37.1875	-7.9125	53.474
37.1875	-7.8875	53.443
37.1875	-7.8625	53.436
37.1875	-7.8375	53.436
37.1875	-7.8125	53.433
37.1875	-7.7875	53.389
37.1875	-7.7625	53.327
37.1875	-7.7375	53.27
37.1875	-7.7125	53.197
37.1875	-7.6875	53.145
37.1875	-7.6625	53.078
37.1875	-7.6375	53.009
37.1875	-7.6125	52.939
37.1875	-7.5875	52.872
37.1875	-7.5625	52.808
37.1875	-7.5375	52.746
37.1875	-7.5125	52.668
37.1875	-7.4875	52.59
37.1875	-7.4625	52.503
37.1875	-7.4375	52.403
37.1875	-7.4125	52.314
37.1875	-7.3875	52.257
37.1875	-7.3625	52.218
37.1875	-7.3375	52.191
37.1875	-7.3125	52.165
37.1875	-7.2875	52.128
37.1875	-7.2625	52.101
37.1875	-7.2375	52.062
37.1875	-7.2125	52.024
37.1875	-7.1875	51.99
37.1875	-7.1625	51.953
37.1875	-7.1375	51.916
37.1875	-7.1125	51.871
37.1875	-7.0875	51.818
37.1875	-7.0625	51.759
37.1875	-7.0375	51.706
37.1875	-7.0125	51.643
37.1875	-6.9875	51.582
37.1875	-6.9625	51.521
37.1875	-6.9375	51.459
37.1875	-6.9125	51.402
37.1875	-6.8875	51.344
37.1875	-6.8625	51.278
37.1875	-6.8375	51.204
37.1875	-6.8125	51.134
37.1875	-6.7875	51.07
37.1875	-6.7625	51.001
37.1875	-6.7375	50.925
37.1875	-6.7125	50.842
37.1875	-6.6875	50.758
37.1875	-6.6625	50.673
37.1875	-6.6375	50.584
37.1875	-6.6125	50.493
37.1875	-6.5875	50.4
37.1875	-6.5625	50.305
37.1875	-6.5375	50.208
37.1875	-6.5125	50.11
37.1875	-6.4875	50.011
37.1875	-6.4625	49.907
37.1875	-6.4375	49.805
37.1875	-6.4125	49.707
37.1875	-6.3875	49.609
37.1875	-6.3625	49.515
37.1875	-6.3375	49.42
37.1875	-6.3125	49.325
37.1875	-6.2875	49.232
37.1875	-6.2625	49.137
37.1875	-6.2375	49.04
37.1875	-6.2125	48.94
37.1875	-6.1875	48.839
37.1875	-6.1625	48.736
37.1875	-6.1375	48.635
37.1875	-6.1125	48.531
37.1875	-6.0875	48.426
37.1875	-6.0625	48.326
37.1875	-6.0375	48.238
37.1875	-6.0125	48.152
37.1875	-5.9875	48.071
37.2125	-10.0125	48.717
37.2125	-9.9875	48.72
37.2125	-9.9625	48.728
37.2125	-9.9375	48.741
37.2125	-9.9125	48.762
37.2125	-9.8875	48.793
37.2125	-9.8625	48.835
37.2125	-9.8375	48.892
37.2125	-9.8125	48.961
37.2125	-9.7875	49.042
37.2125	-9.7625	49.123
37.2125	-9.7375	49.206
37.2125	-9.7125	49.291
37.2125	-9.6875	49.382
37.2125	-9.6625	49.487
37.2125	-9.6375	49.608
37.2125	-9.6125	49.746
37.2125	-9.5875	49.887
37.2125	-9.5625	50.02
37.2125	-9.5375	50.142
37.2125	-9.5125	50.257
37.2125	-9.4875	50.371
37.2125	-9.4625	50.484
37.2125	-9.4375	50.6
37.2125	-9.4125	50.73
37.2125	-9.3875	50.859
37.2125	-9.3625	50.995
37.2125	-9.3375	51.131
37.2125	-9.3125	51.263
37.2125	-9.2875	51.393
37.2125	-9.2625	51.533
37.2125	-9.2375	51.653
37.2125	-9.2125	51.761
37.2125	-9.1875	51.86
37.2125	-9.1625	51.978
37.2125	-9.1375	52.119
37.2125	-9.1125	52.253
37.2125	-9.0875	52.383
37.2125	-9.0625	52.495
37.2125	-9.0375	52.607
37.2125	-9.0125	52.701
37.2125	-8.9875	52.798
37.2125	-8.9625	52.875
37.2125	-8.9375	52.941
37.2125	-8.9125	52.996
37.2125	-8.8875	53.041
37.2125	-8.8625	53.07
37.2125	-8.8375	53.114
37.2125	-8.8125	53.134
37.2125	-8.7875	53.157
37.2125	-8.7625	53.167
37.2125	-8.7375	53.195
37.2125	-8.7125	53.233
37.2125	-8.6875	53.283
37.2125	-8.6625	53.333
37.2125	-8.6375	53.364
37.2125	-8.6125	53.379
37.2125	-8.5875	53.407
37.2125	-8.5625	53.423
37.2125	-8.5375	53.43
37.2125	-8.5125	53.419
37.2125	-8.4875	53.431
37.2125	-8.4625	53.417
37.2125	-8.4375	53.403
37.2125	-8.4125	53.389
37.2125	-8.3875	53.367
37.2125	-8.3625	53.36
37.2125	-8.3375	53.358
37.2125	-8.3125	53.362
37.2125	-8.2875	53.381
37.2125	-8.2625	53.416
37.2125	-8.2375	53.447
37.2125	-8.2125	53.479
37.2125	-8.1875	53.505
37.2125	-8.1625	53.542
37.2125	-8.1375	53.559
37.2125	-8.1125	53.587
37.2125	-8.0875	53.592
37.2125	-8.0625	53.601
37.2125	-8.0375	53.62
37.2125	-8.0125	53.639
37.2125	-7.9875	53.668
37.2125	-7.9625	53.707
37.2125	-7.9375	53.733
37.2125	-7.9125	53.742
37.2125	-7.8875	53.722
37.2125	-7.8625	53.705
37.2125	-7.8375	53.699
37.2125	-7.8125	53.666
37.2125	-7.7875	53.614
37.2125	-7.7625	53.562
37.2125	-7.7375	53.486
37.2125	-7.7125	53.402
37.2125	-7.6875	53.342
37.2125	-7.6625	53.267
37.2125	-7.6375	53.182
37.2125	-7.6125	53.11
37.2125	-7.5875	53.038
37.2125	-7.5625	52.979
37.2125	-7.5375	52.925
37.2125	-7.5125	52.852
37.2125	-7.4875	52.792
37.2125	-7.4625	52.712
37.2125	-7.4375	52.622
37.2125	-7.4125	52.535
37.2125	-7.3875	52.467
37.2125	-7.3625	52.411
37.2125	-7.3375	52.376
37.2125	-7.3125	52.34
37.2125	-7.2875	52.316
37.2125	-7.2625	52.282
37.2125	-7.2375	52.25
37.2125	-7.2125	52.213
37.2125	-7.1875	52.174
37.2125	-7.1625	52.121
37.2125	-7.1375	52.08
37.2125	-7.1125	52.031
37.2125	-7.0875	51.974
37.2125	-7.0625	51.924
37.2125	-7.0375	51.866
37.2125	-7.0125	51.806
37.2125	-6.9875	51.749
37.2125	-6.9625	51.691
37.2125	-6.9375	51.635
37.2125	-6.9125	51.581
37.2125	-6.8875	51.523
37.2125	-6.8625	51.46
37.2125	-6.8375	51.388
37.2125	-6.8125	51.318
37.2125	-6.7875	51.252
37.2125	-6.7625	51.187
37.2125	-6.7375	51.114
37.2125	-6.7125	51.036
37.2125	-6.6875	50.955
37.2125	-6.6625	50.873
37.2125	-6.6375	50.787
37.2125	-6.6125	50.696
37.2125	-6.5875	50.603
37.2125	-6.5625	50.511
37.2125	-6.5375	50.42
37.2125	-6.5125	50.32
37.2125	-6.4875	50.22
37.2125	-6.4625	50.119
37.2125	-6.4375	50.02
37.2125	-6.4125	49.921
37.2125	-6.3875	49.825
37.2125	-6.3625	49.733
37.2125	-6.3375	49.641
37.2125	-6.3125	49.549
37.2125	-6.2875	49.458
37.2125	-6.2625	49.363
37.2125	-6.2375	49.266
37.2125	-6.2125	49.165
37.2125	-6.1875	49.063
37.2125	-6.1625	48.96
37.2125	-6.1375	48.856
37.2125	-6.1125	48.751
37.2125	-6.0875	48.642
37.2125	-6.0625	48.541
37.2125	-6.0375	48.451
37.2125	-6.0125	48.367
37.2125	-5.9875	48.283
37.2375	-10.0125	48.694
37.2375	-9.9875	48.698
37.2375	-9.9625	48.705
37.2375	-9.9375	48.717
37.2375	-9.9125	48.736
37.2375	-9.8875	48.763
37.2375	-9.8625	48.802
37.2375	-9.8375	48.855
37.2375	-9.8125	48.921
37.2375	-9.7875	48.996
37.2375	-9.7625	49.074
37.2375	-9.7375	49.159
37.2375	-9.7125	49.249
37.2375	-9.6875	49.349
37.2375	-9.6625	49.463
37.2375	-9.6375	49.596
37.2375	-9.6125	49.742
37.2375	-9.5875	49.889
37.2375	-9.5625	50.024
37.2375	-9.5375	50.143
37.2375	-9.5125	50.257
37.2375	-9.4875	50.367
37.2375	-9.4625	50.479
37.2375	-9.4375	50.593
37.2375	-9.4125	50.719
37.2375	-9.3875	50.848
37.2375	-9.3625	50.984
37.2375	-9.3375	51.122
37.2375	-9.3125	51.262
37.2375	-9.2875	51.405
37.2375	-9.2625	51.561
37.2375	-9.2375	51.697
37.2375	-9.2125	51.814
37.2375	-9.1875	51.917
37.2375	-9.1625	52.025
37.2375	-9.1375	52.152
37.2375	-9.1125	52.278
37.2375	-9.0875	52.397
37.2375	-9.0625	52.517
37.2375	-9.0375	52.621
37.2375	-9.0125	52.727
37.2375	-8.9875	52.814
37.2375	-8.9625	52.892
37.2375	-8.9375	52.964
37.2375	-8.9125	53.028
37.2375	-8.8875	53.092
37.2375	-8.8625	53.149
37.2375	-8.8375	53.19
37.2375	-8.8125	53.212
37.2375	-8.7875	53.245
37.2375	-8.7625	53.286
37.2375	-8.7375	53.324
37.2375	-8.7125	53.367
37.2375	-8.6875	53.435
37.2375	-8.6625	53.495
37.2375	-8.6375	53.54
37.2375	-8.6125	53.58
37.2375	-8.5875	53.61
37.2375	-8.5625	53.613
37.2375	-8.5375	53.602
37.2375	-8.5125	53.598
37.2375	-8.4875	53.61
37.2375	-8.4625	53.606
37.2375	-8.4375	53.594
37.2375	-8.4125	53.596
37.2375	-8.3875	53.573
37.2375	-8.3625	53.569
37.2375	-8.3375	53.574
37.2375	-8.3125	53.589
37.2375	-8.2875	53.611
37.2375	-8.2625	53.654
37.2375	-8.2375	53.702
37.2375	-8.2125	53.743
37.2375	-8.1875	53.787
37.2375	-8.1625	53.812
37.2375	-8.1375	53.829
37.2375	-8.1125	53.817
37.2375	-8.0875	53.812
37.2375	-8.0625	53.812
37.2375	-8.0375	53.829
37.2375	-8.0125	53.841
37.2375	-7.9875	53.877
37.2375	-7.9625	53.913
37.2375	-7.9375	53.944
37.2375	-7.9125	53.943
37.2375	-7.8875	53.932
37.2375	-7.8625	53.915
37.2375	-7.8375	53.899
37.2375	-7.8125	53.861
37.2375	-7.7875	53.815
37.2375	-7.7625	53.758
37.2375	-7.7375	53.684
37.2375	-7.7125	53.591
37.2375	-7.6875	53.503
37.2375	-7.6625	53.437
37.2375	-7.6375	53.354
37.2375	-7.6125	53.281
37.2375	-7.5875	53.213
37.2375	-7.5625	53.146
37.2375	-7.5375	53.086
37.2375	-7.5125	53.032
37.2375	-7.4875	52.97
37.2375	-7.4625	52.905
37.2375	-7.4375	52.833
37.2375	-7.4125	52.758
37.2375	-7.3875	52.685
37.2375	-7.3625	52.629
37.2375	-7.3375	52.586
37.2375	-7.3125	52.539
37.2375	-7.2875	52.503
37.2375	-7.2625	52.459
37.2375	-7.2375	52.426
37.2375	-7.2125	52.392
37.2375	-7.1875	52.343
37.2375	-7.1625	52.301
37.2375	-7.1375	52.248
37.2375	-7.1125	52.195
37.2375	-7.0875	52.137
37.2375	-7.0625	52.087
37.2375	-7.0375	52.025
37.2375	-7.0125	51.969
37.2375	-6.9875	51.915
37.2375	-6.9625	51.856
37.2375	-6.9375	51.804
37.2375	-6.9125	51.749
37.2375	-6.8875	51.695
37.2375	-6.8625	51.638
37.2375	-6.8375	51.573
37.2375	-6.8125	51.507
37.2375	-6.7875	51.442
37.2375	-6.7625	51.376
37.2375	-6.7375	51.305
37.2375	-6.7125	51.231
37.2375	-6.6875	51.154
37.2375	-6.6625	51.073
37.2375	-6.6375	50.984
37.2375	-6.6125	50.891
37.2375	-6.5875	50.803
37.2375	-6.5625	50.712
37.2375	-6.5375	50.623
37.2375	-6.5125	50.527
37.2375	-6.4875	50.431
37.2375	-6.4625	50.334
37.2375	-6.4375	50.237
37.2375	-6.4125	50.144
37.2375	-6.3875	50.052
37.2375	-6.3625	49.961
37.2375	-6.3375	49.87
37.2375	-6.3125	49.776
37.2375	-6.2875	49.684
37.2375	-6.2625	49.588
37.2375	-6.2375	49.493
37.2375	-6.2125	49.394
37.2375	-6.1875	49.291
37.2375	-6.1625	49.188
37.2375	-6.1375	49.083
37.2375	-6.1125	48.978
37.2375	-6.0875	48.872
37.2375	-6.0625	48.771
37.2375	-6.0375	48.678
37.2375	-6.0125	48.589
37.2375	-5.9875	48.505
37.2625	-10.0125	48.682
37.2625	-9.9875	48.688
37.2625	-9.9625	48.694
37.2625	-9.9375	48.704
37.2625	-9.9125	48.719
37.2625	-9.8875	48.742
37.2625	-9.8625	48.777
37.2625	-9.8375	48.825
37.2625	-9.8125	48.885
37.2625	-9.7875	48.953
37.2625	-9.7625	49.029
37.2625	-9.7375	49.114
37.2625	-9.7125	49.211
37.2625	-9.6875	49.322
37.2625	-9.6625	49.45
37.2625	-9.6375	49.595
37.2625	-9.6125	49.748
37.2625	-9.5875	49.9
37.2625	-9.5625	50.035
37.2625	-9.5375	50.153
37.2625	-9.5125	50.263
37.2625	-9.4875	50.37
37.2625	-9.4625	50.477
37.2625	-9.4375	50.586
37.2625	-9.4125	50.705
37.2625	-9.3875	50.831
37.2625	-9.3625	50.965
37.2625	-9.3375	51.106
37.2625	-9.3125	51.254
37.2625	-9.2875	51.405
37.2625	-9.2625	51.558
37.2625	-9.2375	51.707
37.2625	-9.2125	51.827
37.2625	-9.1875	51.94
37.2625	-9.1625	52.049
37.2625	-9.1375	52.163
37.2625	-9.1125	52.293
37.2625	-9.0875	52.41
37.2625	-9.0625	52.531
37.2625	-9.0375	52.635
37.2625	-9.0125	52.733
37.2625	-8.9875	52.831
37.2625	-8.9625	52.911
37.2625	-8.9375	52.985
37.2625	-8.9125	53.06
37.2625	-8.8875	53.133
37.2625	-8.8625	53.187
37.2625	-8.8375	53.24
37.2625	-8.8125	53.262
37.2625	-8.7875	53.305
37.2625	-8.7625	53.352
37.2625	-8.7375	53.411
37.2625	-8.7125	53.487
37.2625	-8.6875	53.574
37.2625	-8.6625	53.661
37.2625	-8.6375	53.731
37.2625	-8.6125	53.788
37.2625	-8.5875	53.825
37.2625	-8.5625	53.81
37.2625	-8.5375	53.792
37.2625	-8.5125	53.786
37.2625	-8.4875	53.786
37.2625	-8.4625	53.795
37.2625	-8.4375	53.788
37.2625	-8.4125	53.794
37.2625	-8.3875	53.78
37.2625	-8.3625	53.772
37.2625	-8.3375	53.784
37.2625	-8.3125	53.804
37.2625	-8.2875	53.839
37.2625	-8.2625	53.88
37.2625	-8.2375	53.942
37.2625	-8.2125	53.993
37.2625	-8.1875	54.033
37.2625	-8.1625	54.055
37.2625	-8.1375	54.043
37.2625	-8.1125	54.035
37.2625	-8.0875	54.024
37.2625	-8.0625	54.032
37.2625	-8.0375	54.035
37.2625	-8.0125	54.047
37.2625	-7.9875	54.076
37.2625	-7.9625	54.103
37.2625	-7.9375	54.123
37.2625	-7.9125	54.112
37.2625	-7.8875	54.088
37.2625	-7.8625	54.076
37.2625	-7.8375	54.035
37.2625	-7.8125	54.007
37.2625	-7.7875	53.948
37.2625	-7.7625	53.884
37.2625	-7.7375	53.824
37.2625	-7.7125	53.737
37.2625	-7.6875	53.64
37.2625	-7.6625	53.57
37.2625	-7.6375	53.486
37.2625	-7.6125	53.429
37.2625	-7.5875	53.361
37.2625	-7.5625	53.292
37.2625	-7.5375	53.228
37.2625	-7.5125	53.184
37.2625	-7.4875	53.123
37.2625	-7.4625	53.069
37.2625	-7.4375	53.002
37.2625	-7.4125	52.942
37.2625	-7.3875	52.886
37.2625	-7.3625	52.83
37.2625	-7.3375	52.779
37.2625	-7.3125	52.728
37.2625	-7.2875	52.685
37.2625	-7.2625	52.639
37.2625	-7.2375	52.595
37.2625	-7.2125	52.555
37.2625	-7.1875	52.509
37.2625	-7.1625	52.461
37.2625	-7.1375	52.408
37.2625	-7.1125	52.357
37.2625	-7.0875	52.312
37.2625	-7.0625	52.254
37.2625	-7.0375	52.193
37.2625	-7.0125	52.136
37.2625	-6.9875	52.078
37.2625	-6.9625	52.024
37.2625	-6.9375	51.977
37.2625	-6.9125	51.923
37.2625	-6.8875	51.863
37.2625	-6.8625	51.808
37.2625	-6.8375	51.754
37.2625	-6.8125	51.696
37.2625	-6.7875	51.631
37.2625	-6.7625	51.565
37.2625	-6.7375	51.494
37.2625	-6.7125	51.424
37.2625	-6.6875	51.347
37.2625	-6.6625	51.266
37.2625	-6.6375	51.181
37.2625	-6.6125	51.091
37.2625	-6.5875	51
37.2625	-6.5625	50.91
37.2625	-6.5375	50.823
37.2625	-6.5125	50.735
37.2625	-6.4875	50.643
37.2625	-6.4625	50.55
37.2625	-6.4375	50.459
37.2625	-6.4125	50.371
37.2625	-6.3875	50.284
37.2625	-6.3625	50.194
37.2625	-6.3375	50.102
37.2625	-6.3125	50.007
37.2625	-6.2875	49.911
37.2625	-6.2625	49.815
37.2625	-6.2375	49.721
37.2625	-6.2125	49.623
37.2625	-6.1875	49.52
37.2625	-6.1625	49.42
37.2625	-6.1375	49.316
37.2625	-6.1125	49.216
37.2625	-6.0875	49.11
37.2625	-6.0625	49.009
37.2625	-6.0375	48.912
37.2625	-6.0125	48.819
37.2625	-5.9875	48.733
37.2875	-10.0125	48.683
37.2875	-9.9875	48.688
37.2875	-9.9625	48.695
37.2875	-9.9375	48.702
37.2875	-9.9125	48.714
37.2875	-9.8875	48.732
37.2875	-9.8625	48.762
37.2875	-9.8375	48.804
37.2875	-9.8125	48.859
37.2875	-9.7875	48.923
37.2875	-9.7625	48.997
37.2875	-9.7375	49.083
37.2875	-9.7125	49.184
37.2875	-9.6875	49.304
37.2875	-9.6625	49.443
37.2875	-9.6375	49.598
37.2875	-9.6125	49.759
37.2875	-9.5875	49.915
37.2875	-9.5625	50.05
37.2875	-9.5375	50.165
37.2875	-9.5125	50.271
37.2875	-9.4875	50.375
37.2875	-9.4625	50.477
37.2875	-9.4375	50.581
37.2875	-9.4125	50.693
37.2875	-9.3875	50.815
37.2875	-9.3625	50.948
37.2875	-9.3375	51.091
37.2875	-9.3125	51.241
37.2875	-9.2875	51.395
37.2875	-9.2625	51.548
37.2875	-9.2375	51.699
37.2875	-9.2125	51.826
37.2875	-9.1875	51.948
37.2875	-9.1625	52.061
37.2875	-9.1375	52.176
37.2875	-9.1125	52.304
37.2875	-9.0875	52.419
37.2875	-9.0625	52.529
37.2875	-9.0375	52.643
37.2875	-9.0125	52.743
37.2875	-8.9875	52.832
37.2875	-8.9625	52.924
37.2875	-8.9375	53.001
37.2875	-8.9125	53.079
37.2875	-8.8875	53.167
37.2875	-8.8625	53.228
37.2875	-8.8375	53.28
37.2875	-8.8125	53.309
37.2875	-8.7875	53.337
37.2875	-8.7625	53.397
37.2875	-8.7375	53.493
37.2875	-8.7125	53.589
37.2875	-8.6875	53.709
37.2875	-8.6625	53.815
37.2875	-8.6375	53.922
37.2875	-8.6125	54
37.2875	-8.5875	54.033
37.2875	-8.5625	54.023
37.2875	-8.5375	54.012
37.2875	-8.5125	53.983
37.2875	-8.4875	53.953
37.2875	-8.4625	53.939
37.2875	-8.4375	53.953
37.2875	-8.4125	53.963
37.2875	-8.3875	53.951
37.2875	-8.3625	53.96
37.2875	-8.3375	53.971
37.2875	-8.3125	54
37.2875	-8.2875	54.045
37.2875	-8.2625	54.101
37.2875	-8.2375	54.157
37.2875	-8.2125	54.207
37.2875	-8.1875	54.233
37.2875	-8.1625	54.23
37.2875	-8.1375	54.224
37.2875	-8.1125	54.208
37.2875	-8.0875	54.203
37.2875	-8.0625	54.218
37.2875	-8.0375	54.214
37.2875	-8.0125	54.231
37.2875	-7.9875	54.245
37.2875	-7.9625	54.273
37.2875	-7.9375	54.275
37.2875	-7.9125	54.265
37.2875	-7.8875	54.247
37.2875	-7.8625	54.216
37.2875	-7.8375	54.185
37.2875	-7.8125	54.14
37.2875	-7.7875	54.052
37.2875	-7.7625	53.973
37.2875	-7.7375	53.907
37.2875	-7.7125	53.822
37.2875	-7.6875	53.748
37.2875	-7.6625	53.675
37.2875	-7.6375	53.592
37.2875	-7.6125	53.531
37.2875	-7.5875	53.471
37.2875	-7.5625	53.426
37.2875	-7.5375	53.378
37.2875	-7.5125	53.323
37.2875	-7.4875	53.275
37.2875	-7.4625	53.225
37.2875	-7.4375	53.167
37.2875	-7.4125	53.112
37.2875	-7.3875	53.063
37.2875	-7.3625	53.012
37.2875	-7.3375	52.953
37.2875	-7.3125	52.9
37.2875	-7.2875	52.855
37.2875	-7.2625	52.809
37.2875	-7.2375	52.748
37.2875	-7.2125	52.698
37.2875	-7.1875	52.654
37.2875	-7.1625	52.62
37.2875	-7.1375	52.571
37.2875	-7.1125	52.521
37.2875	-7.0875	52.471
37.2875	-7.0625	52.415
37.2875	-7.0375	52.357
37.2875	-7.0125	52.298
37.2875	-6.9875	52.243
37.2875	-6.9625	52.19
37.2875	-6.9375	52.145
37.2875	-6.9125	52.094
37.2875	-6.8875	52.038
37.2875	-6.8625	51.984
37.2875	-6.8375	51.932
37.2875	-6.8125	51.876
37.2875	-6.7875	51.812
37.2875	-6.7625	51.748
37.2875	-6.7375	51.681
37.2875	-6.7125	51.61
37.2875	-6.6875	51.535
37.2875	-6.6625	51.454
37.2875	-6.6375	51.371
37.2875	-6.6125	51.288
37.2875	-6.5875	51.202
37.2875	-6.5625	51.117
37.2875	-6.5375	51.026
37.2875	-6.5125	50.938
37.2875	-6.4875	50.854
37.2875	-6.4625	50.768
37.2875	-6.4375	50.682
37.2875	-6.4125	50.597
37.2875	-6.3875	50.511
37.2875	-6.3625	50.418
37.2875	-6.3375	50.323
37.2875	-6.3125	50.228
37.2875	-6.2875	50.132
37.2875	-6.2625	50.035
37.2875	-6.2375	49.946
37.2875	-6.2125	49.852
37.2875	-6.1875	49.753
37.2875	-6.1625	49.653
37.2875	-6.1375	49.552
37.2875	-6.1125	49.449
37.2875	-6.0875	49.349
37.2875	-6.0625	49.248
37.2875	-6.0375	49.15
37.2875	-6.0125	49.056
37.2875	-5.9875	48.967
37.3125	-10.0125	48.696
37.3125	-9.9875	48.701
37.3125	-9.9625	48.707
37.3125	-9.9375	48.712
37.3125	-9.9125	48.72
37.3125	-9.8875	48.735
37.3125	-9.8625	48.76
37.3125	-9.8375	48.798
37.3125	-9.8125	48.849
37.3125	-9.7875	48.911
37.3125	-9.7625	48.984
37.3125	-9.7375	49.071
37.3125	-9.7125	49.176
37.3125	-9.6875	49.3
37.3125	-9.6625	49.446
37.3125	-9.6375	49.606
37.3125	-9.6125	49.771
37.3125	-9.5875	49.928
37.3125	-9.5625	50.062
37.3125	-9.5375	50.175
37.3125	-9.5125	50.28
37.3125	-9.4875	50.381
37.3125	-9.4625	50.48
37.3125	-9.4375	50.579
37.3125	-9.4125	50.688
37.3125	-9.3875	50.808
37.3125	-9.3625	50.94
37.3125	-9.3375	51.082
37.3125	-9.3125	51.232
37.3125	-9.2875	51.384
37.3125	-9.2625	51.536
37.3125	-9.2375	51.675
37.3125	-9.2125	51.813
37.3125	-9.1875	51.944
37.3125	-9.1625	52.066
37.3125	-9.1375	52.184
37.3125	-9.1125	52.3
37.3125	-9.0875	52.422
37.3125	-9.0625	52.531
37.3125	-9.0375	52.634
37.3125	-9.0125	52.743
37.3125	-8.9875	52.833
37.3125	-8.9625	52.919
37.3125	-8.9375	53.008
37.3125	-8.9125	53.09
37.3125	-8.8875	53.169
37.3125	-8.8625	53.247
37.3125	-8.8375	53.298
37.3125	-8.8125	53.331
37.3125	-8.7875	53.369
37.3125	-8.7625	53.431
37.3125	-8.7375	53.55
37.3125	-8.7125	53.662
37.3125	-8.6875	53.806
37.3125	-8.6625	53.953
37.3125	-8.6375	54.085
37.3125	-8.6125	54.194
37.3125	-8.5875	54.243
37.3125	-8.5625	54.229
37.3125	-8.5375	54.198
37.3125	-8.5125	54.162
37.3125	-8.4875	54.104
37.3125	-8.4625	54.065
37.3125	-8.4375	54.062
37.3125	-8.4125	54.07
37.3125	-8.3875	54.086
37.3125	-8.3625	54.113
37.3125	-8.3375	54.144
37.3125	-8.3125	54.173
37.3125	-8.2875	54.236
37.3125	-8.2625	54.299
37.3125	-8.2375	54.349
37.3125	-8.2125	54.4
37.3125	-8.1875	54.404
37.3125	-8.1625	54.394
37.3125	-8.1375	54.363
37.3125	-8.1125	54.36
37.3125	-8.0875	54.367
37.3125	-8.0625	54.358
37.3125	-8.0375	54.359
37.3125	-8.0125	54.366
37.3125	-7.9875	54.389
37.3125	-7.9625	54.396
37.3125	-7.9375	54.394
37.3125	-7.9125	54.386
37.3125	-7.8875	54.354
37.3125	-7.8625	54.324
37.3125	-7.8375	54.278
37.3125	-7.8125	54.221
37.3125	-7.7875	54.142
37.3125	-7.7625	54.061
37.3125	-7.7375	53.974
37.3125	-7.7125	53.903
37.3125	-7.6875	53.832
37.3125	-7.6625	53.763
37.3125	-7.6375	53.699
37.3125	-7.6125	53.647
37.3125	-7.5875	53.596
37.3125	-7.5625	53.559
37.3125	-7.5375	53.51
37.3125	-7.5125	53.463
37.3125	-7.4875	53.41
37.3125	-7.4625	53.362
37.3125	-7.4375	53.315
37.3125	-7.4125	53.27
37.3125	-7.3875	53.218
37.3125	-7.3625	53.173
37.3125	-7.3375	53.131
37.3125	-7.3125	53.066
37.3125	-7.2875	53.005
37.3125	-7.2625	52.956
37.3125	-7.2375	52.9
37.3125	-7.2125	52.854
37.3125	-7.1875	52.811
37.3125	-7.1625	52.767
37.3125	-7.1375	52.723
37.3125	-7.1125	52.68
37.3125	-7.0875	52.632
37.3125	-7.0625	52.576
37.3125	-7.0375	52.518
37.3125	-7.0125	52.463
37.3125	-6.9875	52.406
37.3125	-6.9625	52.354
37.3125	-6.9375	52.306
37.3125	-6.9125	52.257
37.3125	-6.8875	52.208
37.3125	-6.8625	52.153
37.3125	-6.8375	52.099
37.3125	-6.8125	52.041
37.3125	-6.7875	51.979
37.3125	-6.7625	51.917
37.3125	-6.7375	51.851
37.3125	-6.7125	51.787
37.3125	-6.6875	51.715
37.3125	-6.6625	51.639
37.3125	-6.6375	51.559
37.3125	-6.6125	51.479
37.3125	-6.5875	51.399
37.3125	-6.5625	51.315
37.3125	-6.5375	51.229
37.3125	-6.5125	51.149
37.3125	-6.4875	51.069
37.3125	-6.4625	50.985
37.3125	-6.4375	50.902
37.3125	-6.4125	50.814
37.3125	-6.3875	50.728
37.3125	-6.3625	50.638
37.3125	-6.3375	50.539
37.3125	-6.3125	50.445
37.3125	-6.2875	50.351
37.3125	-6.2625	50.257
37.3125	-6.2375	50.172
37.3125	-6.2125	50.083
37.3125	-6.1875	49.989
37.3125	-6.1625	49.891
37.3125	-6.1375	49.791
37.3125	-6.1125	49.688
37.3125	-6.0875	49.587
37.3125	-6.0625	49.489
37.3125	-6.0375	49.389
37.3125	-6.0125	49.294
37.3125	-5.9875	49.203
37.3375	-10.0125	48.725
37.3375	-9.9875	48.729
37.3375	-9.9625	48.732
37.3375	-9.9375	48.735
37.3375	-9.9125	48.74
37.3375	-9.8875	48.752
37.3375	-9.8625	48.774
37.3375	-9.8375	48.81
37.3375	-9.8125	48.859
37.3375	-9.7875	48.919
37.3375	-9.7625	48.991
37.3375	-9.7375	49.079
37.3375	-9.7125	49.187
37.3375	-9.6875	49.318
37.3375	-9.6625	49.469
37.3375	-9.6375	49.63
37.3375	-9.6125	49.792
37.3375	-9.5875	49.944
37.3375	-9.5625	50.074
37.3375	-9.5375	50.185
37.3375	-9.5125	50.287
37.3375	-9.4875	50.387
37.3375	-9.4625	50.484
37.3375	-9.4375	50.584
37.3375	-9.4125	50.693
37.3375	-9.3875	50.812
37.3375	-9.3625	50.942
37.3375	-9.3375	51.081
37.3375	-9.3125	51.228
37.3375	-9.2875	51.377
37.3375	-9.2625	51.525
37.3375	-9.2375	51.661
37.3375	-9.2125	51.799
37.3375	-9.1875	51.937
37.3375	-9.1625	52.065
37.3375	-9.1375	52.183
37.3375	-9.1125	52.296
37.3375	-9.0875	52.406
37.3375	-9.0625	52.522
37.3375	-9.0375	52.624
37.3375	-9.0125	52.721
37.3375	-8.9875	52.822
37.3375	-8.9625	52.909
37.3375	-8.9375	52.994
37.3375	-8.9125	53.079
37.3375	-8.8875	53.16
37.3375	-8.8625	53.234
37.3375	-8.8375	53.291
37.3375	-8.8125	53.35
37.3375	-8.7875	53.401
37.3375	-8.7625	53.473
37.3375	-8.7375	53.589
37.3375	-8.7125	53.732
37.3375	-8.6875	53.877
37.3375	-8.6625	54.024
37.3375	-8.6375	54.147
37.3375	-8.6125	54.236
37.3375	-8.5875	54.296
37.3375	-8.5625	54.298
37.3375	-8.5375	54.27
37.3375	-8.5125	54.239
37.3375	-8.4875	54.203
37.3375	-8.4625	54.174
37.3375	-8.4375	54.154
37.3375	-8.4125	54.153
37.3375	-8.3875	54.181
37.3375	-8.3625	54.216
37.3375	-8.3375	54.247
37.3375	-8.3125	54.31
37.3375	-8.2875	54.384
37.3375	-8.2625	54.462
37.3375	-8.2375	54.521
37.3375	-8.2125	54.559
37.3375	-8.1875	54.551
37.3375	-8.1625	54.521
37.3375	-8.1375	54.507
37.3375	-8.1125	54.499
37.3375	-8.0875	54.498
37.3375	-8.0625	54.488
37.3375	-8.0375	54.471
37.3375	-8.0125	54.476
37.3375	-7.9875	54.48
37.3375	-7.9625	54.494
37.3375	-7.9375	54.49
37.3375	-7.9125	54.47
37.3375	-7.8875	54.439
37.3375	-7.8625	54.397
37.3375	-7.8375	54.348
37.3375	-7.8125	54.298
37.3375	-7.7875	54.239
37.3375	-7.7625	54.146
37.3375	-7.7375	54.048
37.3375	-7.7125	53.969
37.3375	-7.6875	53.895
37.3375	-7.6625	53.835
37.3375	-7.6375	53.801
37.3375	-7.6125	53.759
37.3375	-7.5875	53.708
37.3375	-7.5625	53.66
37.3375	-7.5375	53.617
37.3375	-7.5125	53.585
37.3375	-7.4875	53.538
37.3375	-7.4625	53.501
37.3375	-7.4375	53.459
37.3375	-7.4125	53.423
37.3375	-7.3875	53.38
37.3375	-7.3625	53.328
37.3375	-7.3375	53.271
37.3375	-7.3125	53.22
37.3375	-7.2875	53.161
37.3375	-7.2625	53.106
37.3375	-7.2375	53.047
37.3375	-7.2125	53.012
37.3375	-7.1875	52.963
37.3375	-7.1625	52.919
37.3375	-7.1375	52.878
37.3375	-7.1125	52.84
37.3375	-7.0875	52.797
37.3375	-7.0625	52.744
37.3375	-7.0375	52.683
37.3375	-7.0125	52.623
37.3375	-6.9875	52.567
37.3375	-6.9625	52.517
37.3375	-6.9375	52.469
37.3375	-6.9125	52.422
37.3375	-6.8875	52.374
37.3375	-6.8625	52.321
37.3375	-6.8375	52.269
37.3375	-6.8125	52.218
37.3375	-6.7875	52.159
37.3375	-6.7625	52.099
37.3375	-6.7375	52.03
37.3375	-6.7125	51.963
37.3375	-6.6875	51.9
37.3375	-6.6625	51.822
37.3375	-6.6375	51.741
37.3375	-6.6125	51.663
37.3375	-6.5875	51.585
37.3375	-6.5625	51.505
37.3375	-6.5375	51.432
37.3375	-6.5125	51.358
37.3375	-6.4875	51.284
37.3375	-6.4625	51.196
37.3375	-6.4375	51.11
37.3375	-6.4125	51.027
37.3375	-6.3875	50.938
37.3375	-6.3625	50.85
37.3375	-6.3375	50.757
37.3375	-6.3125	50.66
37.3375	-6.2875	50.576
37.3375	-6.2625	50.48
37.3375	-6.2375	50.39
37.3375	-6.2125	50.312
37.3375	-6.1875	50.224
37.3375	-6.1625	50.128
37.3375	-6.1375	50.029
37.3375	-6.1125	49.928
37.3375	-6.0875	49.826
37.3375	-6.0625	49.728
37.3375	-6.0375	49.632
37.3375	-6.0125	49.53
37.3375	-5.9875	49.436
37.3625	-10.0125	48.772
37.3625	-9.9875	48.773
37.3625	-9.9625	48.774
37.3625	-9.9375	48.775
37.3625	-9.9125	48.778
37.3625	-9.8875	48.786
37.3625	-9.8625	48.805
37.3625	-9.8375	48.838
37.3625	-9.8125	48.886
37.3625	-9.7875	48.944
37.3625	-9.7625	49.017
37.3625	-9.7375	49.108
37.3625	-9.7125	49.222
37.3625	-9.6875	49.36
37.3625	-9.6625	49.513
37.3625	-9.6375	49.672
37.3625	-9.6125	49.826
37.3625	-9.5875	49.967
37.3625	-9.5625	50.088
37.3625	-9.5375	50.196
37.3625	-9.5125	50.297
37.3625	-9.4875	50.397
37.3625	-9.4625	50.495
37.3625	-9.4375	50.595
37.3625	-9.4125	50.704
37.3625	-9.3875	50.823
37.3625	-9.3625	50.952
37.3625	-9.3375	51.089
37.3625	-9.3125	51.231
37.3625	-9.2875	51.378
37.3625	-9.2625	51.524
37.3625	-9.2375	51.659
37.3625	-9.2125	51.794
37.3625	-9.1875	51.939
37.3625	-9.1625	52.063
37.3625	-9.1375	52.179
37.3625	-9.1125	52.29
37.3625	-9.0875	52.399
37.3625	-9.0625	52.505
37.3625	-9.0375	52.615
37.3625	-9.0125	52.713
37.3625	-8.9875	52.805
37.3625	-8.9625	52.895
37.3625	-8.9375	52.981
37.3625	-8.9125	53.066
37.3625	-8.8875	53.142
37.3625	-8.8625	53.221
37.3625	-8.8375	53.299
37.3625	-8.8125	53.367
37.3625	-8.7875	53.426
37.3625	-8.7625	53.505
37.3625	-8.7375	53.616
37.3625	-8.7125	53.746
37.3625	-8.6875	53.879
37.3625	-8.6625	54.012
37.3625	-8.6375	54.125
37.3625	-8.6125	54.21
37.3625	-8.5875	54.269
37.3625	-8.5625	54.301
37.3625	-8.5375	54.291
37.3625	-8.5125	54.263
37.3625	-8.4875	54.243
37.3625	-8.4625	54.222
37.3625	-8.4375	54.224
37.3625	-8.4125	54.226
37.3625	-8.3875	54.247
37.3625	-8.3625	54.276
37.3625	-8.3375	54.321
37.3625	-8.3125	54.39
37.3625	-8.2875	54.463
37.3625	-8.2625	54.539
37.3625	-8.2375	54.603
37.3625	-8.2125	54.625
37.3625	-8.1875	54.623
37.3625	-8.1625	54.607
37.3625	-8.1375	54.594
37.3625	-8.1125	54.591
37.3625	-8.0875	54.598
37.3625	-8.0625	54.593
37.3625	-8.0375	54.565
37.3625	-8.0125	54.544
37.3625	-7.9875	54.556
37.3625	-7.9625	54.557
37.3625	-7.9375	54.551
37.3625	-7.9125	54.529
37.3625	-7.8875	54.504
37.3625	-7.8625	54.458
37.3625	-7.8375	54.424
37.3625	-7.8125	54.357
37.3625	-7.7875	54.306
37.3625	-7.7625	54.227
37.3625	-7.7375	54.141
37.3625	-7.7125	54.066
37.3625	-7.6875	54.013
37.3625	-7.6625	53.968
37.3625	-7.6375	53.927
37.3625	-7.6125	53.878
37.3625	-7.5875	53.839
37.3625	-7.5625	53.8
37.3625	-7.5375	53.747
37.3625	-7.5125	53.7
37.3625	-7.4875	53.655
37.3625	-7.4625	53.634
37.3625	-7.4375	53.582
37.3625	-7.4125	53.548
37.3625	-7.3875	53.516
37.3625	-7.3625	53.468
37.3625	-7.3375	53.406
37.3625	-7.3125	53.34
37.3625	-7.2875	53.286
37.3625	-7.2625	53.23
37.3625	-7.2375	53.201
37.3625	-7.2125	53.163
37.3625	-7.1875	53.125
37.3625	-7.1625	53.081
37.3625	-7.1375	53.03
37.3625	-7.1125	52.995
37.3625	-7.0875	52.952
37.3625	-7.0625	52.902
37.3625	-7.0375	52.844
37.3625	-7.0125	52.782
37.3625	-6.9875	52.725
37.3625	-6.9625	52.677
37.3625	-6.9375	52.626
37.3625	-6.9125	52.577
37.3625	-6.8875	52.535
37.3625	-6.8625	52.49
37.3625	-6.8375	52.442
37.3625	-6.8125	52.396
37.3625	-6.7875	52.345
37.3625	-6.7625	52.281
37.3625	-6.7375	52.209
37.3625	-6.7125	52.145
37.3625	-6.6875	52.082
37.3625	-6.6625	51.996
37.3625	-6.6375	51.913
37.3625	-6.6125	51.841
37.3625	-6.5875	51.77
37.3625	-6.5625	51.692
37.3625	-6.5375	51.624
37.3625	-6.5125	51.554
37.3625	-6.4875	51.479
37.3625	-6.4625	51.401
37.3625	-6.4375	51.314
37.3625	-6.4125	51.229
37.3625	-6.3875	51.147
37.3625	-6.3625	51.056
37.3625	-6.3375	50.967
37.3625	-6.3125	50.884
37.3625	-6.2875	50.793
37.3625	-6.2625	50.703
37.3625	-6.2375	50.615
37.3625	-6.2125	50.539
37.3625	-6.1875	50.453
37.3625	-6.1625	50.362
37.3625	-6.1375	50.266
37.3625	-6.1125	50.163
37.3625	-6.0875	50.06
37.3625	-6.0625	49.966
37.3625	-6.0375	49.861
37.3625	-6.0125	49.76
37.3625	-5.9875	49.668
37.3875	-10.0125	48.84
37.3875	-9.9875	48.838
37.3875	-9.9625	48.836
37.3875	-9.9375	48.834
37.3875	-9.9125	48.833
37.3875	-9.8875	48.837
37.3875	-9.8625	48.853
37.3875	-9.8375	48.883
37.3875	-9.8125	48.929
37.3875	-9.7875	48.986
37.3875	-9.7625	49.06
37.3875	-9.7375	49.154
37.3875	-9.7125	49.273
37.3875	-9.6875	49.415
37.3875	-9.6625	49.569
37.3875	-9.6375	49.722
37.3875	-9.6125	49.867
37.3875	-9.5875	49.997
37.3875	-9.5625	50.112
37.3875	-9.5375	50.215
37.3875	-9.5125	50.315
37.3875	-9.4875	50.413
37.3875	-9.4625	50.512
37.3875	-9.4375	50.614
37.3875	-9.4125	50.723
37.3875	-9.3875	50.842
37.3875	-9.3625	50.969
37.3875	-9.3375	51.103
37.3875	-9.3125	51.242
37.3875	-9.2875	51.385
37.3875	-9.2625	51.531
37.3875	-9.2375	51.673
37.3875	-9.2125	51.807
37.3875	-9.1875	51.935
37.3875	-9.1625	52.064
37.3875	-9.1375	52.177
37.3875	-9.1125	52.287
37.3875	-9.0875	52.395
37.3875	-9.0625	52.501
37.3875	-9.0375	52.6
37.3875	-9.0125	52.698
37.3875	-8.9875	52.801
37.3875	-8.9625	52.892
37.3875	-8.9375	52.978
37.3875	-8.9125	53.063
37.3875	-8.8875	53.139
37.3875	-8.8625	53.216
37.3875	-8.8375	53.294
37.3875	-8.8125	53.369
37.3875	-8.7875	53.439
37.3875	-8.7625	53.514
37.3875	-8.7375	53.606
37.3875	-8.7125	53.714
37.3875	-8.6875	53.83
37.3875	-8.6625	53.961
37.3875	-8.6375	54.069
37.3875	-8.6125	54.16
37.3875	-8.5875	54.214
37.3875	-8.5625	54.251
37.3875	-8.5375	54.267
37.3875	-8.5125	54.252
37.3875	-8.4875	54.251
37.3875	-8.4625	54.23
37.3875	-8.4375	54.247
37.3875	-8.4125	54.255
37.3875	-8.3875	54.289
37.3875	-8.3625	54.319
37.3875	-8.3375	54.363
37.3875	-8.3125	54.417
37.3875	-8.2875	54.48
37.3875	-8.2625	54.556
37.3875	-8.2375	54.606
37.3875	-8.2125	54.639
37.3875	-8.1875	54.643
37.3875	-8.1625	54.64
37.3875	-8.1375	54.635
37.3875	-8.1125	54.639
37.3875	-8.0875	54.651
37.3875	-8.0625	54.633
37.3875	-8.0375	54.618
37.3875	-8.0125	54.602
37.3875	-7.9875	54.602
37.3875	-7.9625	54.594
37.3875	-7.9375	54.597
37.3875	-7.9125	54.583
37.3875	-7.8875	54.567
37.3875	-7.8625	54.527
37.3875	-7.8375	54.482
37.3875	-7.8125	54.425
37.3875	-7.7875	54.372
37.3875	-7.7625	54.306
37.3875	-7.7375	54.232
37.3875	-7.7125	54.164
37.3875	-7.6875	54.107
37.3875	-7.6625	54.063
37.3875	-7.6375	54.019
37.3875	-7.6125	53.982
37.3875	-7.5875	53.941
37.3875	-7.5625	53.884
37.3875	-7.5375	53.841
37.3875	-7.5125	53.807
37.3875	-7.4875	53.765
37.3875	-7.4625	53.737
37.3875	-7.4375	53.697
37.3875	-7.4125	53.664
37.3875	-7.3875	53.631
37.3875	-7.3625	53.587
37.3875	-7.3375	53.527
37.3875	-7.3125	53.472
37.3875	-7.2875	53.408
37.3875	-7.2625	53.36
37.3875	-7.2375	53.337
37.3875	-7.2125	53.304
37.3875	-7.1875	53.269
37.3875	-7.1625	53.227
37.3875	-7.1375	53.176
37.3875	-7.1125	53.137
37.3875	-7.0875	53.097
37.3875	-7.0625	53.048
37.3875	-7.0375	52.993
37.3875	-7.0125	52.935
37.3875	-6.9875	52.878
37.3875	-6.9625	52.831
37.3875	-6.9375	52.783
37.3875	-6.9125	52.736
37.3875	-6.8875	52.692
37.3875	-6.8625	52.646
37.3875	-6.8375	52.603
37.3875	-6.8125	52.556
37.3875	-6.7875	52.511
37.3875	-6.7625	52.447
37.3875	-6.7375	52.364
37.3875	-6.7125	52.283
37.3875	-6.6875	52.216
37.3875	-6.6625	52.154
37.3875	-6.6375	52.081
37.3875	-6.6125	52.008
37.3875	-6.5875	51.933
37.3875	-6.5625	51.861
37.3875	-6.5375	51.796
37.3875	-6.5125	51.727
37.3875	-6.4875	51.66
37.3875	-6.4625	51.592
37.3875	-6.4375	51.512
37.3875	-6.4125	51.425
37.3875	-6.3875	51.343
37.3875	-6.3625	51.263
37.3875	-6.3375	51.18
37.3875	-6.3125	51.094
37.3875	-6.2875	51.006
37.3875	-6.2625	50.92
37.3875	-6.2375	50.836
37.3875	-6.2125	50.759
37.3875	-6.1875	50.675
37.3875	-6.1625	50.585
37.3875	-6.1375	50.493
37.3875	-6.1125	50.392
37.3875	-6.0875	50.296
37.3875	-6.0625	50.2
37.3875	-6.0375	50.094
37.3875	-6.0125	49.992
37.3875	-5.9875	49.901
37.4125	-10.0125	48.926
37.4125	-9.9875	48.922
37.4125	-9.9625	48.917
37.4125	-9.9375	48.911
37.4125	-9.9125	48.906
37.4125	-9.8875	48.907
37.4125	-9.8625	48.919
37.4125	-9.8375	48.946
37.4125	-9.8125	48.989
37.4125	-9.7875	49.047
37.4125	-9.7625	49.121
37.4125	-9.7375	49.217
37.4125	-9.7125	49.336
37.4125	-9.6875	49.476
37.4125	-9.6625	49.628
37.4125	-9.6375	49.776
37.4125	-9.6125	49.912
37.4125	-9.5875	50.033
37.4125	-9.5625	50.143
37.4125	-9.5375	50.244
37.4125	-9.5125	50.342
37.4125	-9.4875	50.439
37.4125	-9.4625	50.538
37.4125	-9.4375	50.641
37.4125	-9.4125	50.75
37.4125	-9.3875	50.869
37.4125	-9.3625	50.995
37.4125	-9.3375	51.126
37.4125	-9.3125	51.262
37.4125	-9.2875	51.404
37.4125	-9.2625	51.548
37.4125	-9.2375	51.689
37.4125	-9.2125	51.823
37.4125	-9.1875	51.948
37.4125	-9.1625	52.062
37.4125	-9.1375	52.182
37.4125	-9.1125	52.29
37.4125	-9.0875	52.397
37.4125	-9.0625	52.501
37.4125	-9.0375	52.601
37.4125	-9.0125	52.697
37.4125	-8.9875	52.791
37.4125	-8.9625	52.88
37.4125	-8.9375	52.968
37.4125	-8.9125	53.052
37.4125	-8.8875	53.135
37.4125	-8.8625	53.213
37.4125	-8.8375	53.292
37.4125	-8.8125	53.364
37.4125	-8.7875	53.439
37.4125	-8.7625	53.513
37.4125	-8.7375	53.585
37.4125	-8.7125	53.69
37.4125	-8.6875	53.794
37.4125	-8.6625	53.911
37.4125	-8.6375	54.01
37.4125	-8.6125	54.092
37.4125	-8.5875	54.157
37.4125	-8.5625	54.192
37.4125	-8.5375	54.211
37.4125	-8.5125	54.218
37.4125	-8.4875	54.221
37.4125	-8.4625	54.229
37.4125	-8.4375	54.248
37.4125	-8.4125	54.278
37.4125	-8.3875	54.311
37.4125	-8.3625	54.349
37.4125	-8.3375	54.401
37.4125	-8.3125	54.44
37.4125	-8.2875	54.486
37.4125	-8.2625	54.542
37.4125	-8.2375	54.588
37.4125	-8.2125	54.618
37.4125	-8.1875	54.625
37.4125	-8.1625	54.615
37.4125	-8.1375	54.627
37.4125	-8.1125	54.626
37.4125	-8.0875	54.628
37.4125	-8.0625	54.625
37.4125	-8.0375	54.624
37.4125	-8.0125	54.638
37.4125	-7.9875	54.639
37.4125	-7.9625	54.643
37.4125	-7.9375	54.642
37.4125	-7.9125	54.628
37.4125	-7.8875	54.606
37.4125	-7.8625	54.569
37.4125	-7.8375	54.541
37.4125	-7.8125	54.482
37.4125	-7.7875	54.432
37.4125	-7.7625	54.376
37.4125	-7.7375	54.3
37.4125	-7.7125	54.247
37.4125	-7.6875	54.191
37.4125	-7.6625	54.149
37.4125	-7.6375	54.107
37.4125	-7.6125	54.083
37.4125	-7.5875	54.043
37.4125	-7.5625	54.003
37.4125	-7.5375	53.946
37.4125	-7.5125	53.904
37.4125	-7.4875	53.861
37.4125	-7.4625	53.811
37.4125	-7.4375	53.784
37.4125	-7.4125	53.767
37.4125	-7.3875	53.73
37.4125	-7.3625	53.683
37.4125	-7.3375	53.639
37.4125	-7.3125	53.581
37.4125	-7.2875	53.532
37.4125	-7.2625	53.491
37.4125	-7.2375	53.461
37.4125	-7.2125	53.427
37.4125	-7.1875	53.4
37.4125	-7.1625	53.362
37.4125	-7.1375	53.321
37.4125	-7.1125	53.27
37.4125	-7.0875	53.227
37.4125	-7.0625	53.187
37.4125	-7.0375	53.133
37.4125	-7.0125	53.079
37.4125	-6.9875	53.032
37.4125	-6.9625	52.98
37.4125	-6.9375	52.937
37.4125	-6.9125	52.895
37.4125	-6.8875	52.852
37.4125	-6.8625	52.807
37.4125	-6.8375	52.758
37.4125	-6.8125	52.712
37.4125	-6.7875	52.664
37.4125	-6.7625	52.6
37.4125	-6.7375	52.509
37.4125	-6.7125	52.422
37.4125	-6.6875	52.37
37.4125	-6.6625	52.327
37.4125	-6.6375	52.261
37.4125	-6.6125	52.177
37.4125	-6.5875	52.103
37.4125	-6.5625	52.035
37.4125	-6.5375	51.968
37.4125	-6.5125	51.899
37.4125	-6.4875	51.833
37.4125	-6.4625	51.772
37.4125	-6.4375	51.698
37.4125	-6.4125	51.622
37.4125	-6.3875	51.544
37.4125	-6.3625	51.459
37.4125	-6.3375	51.378
37.4125	-6.3125	51.297
37.4125	-6.2875	51.214
37.4125	-6.2625	51.133
37.4125	-6.2375	51.051
37.4125	-6.2125	50.968
37.4125	-6.1875	50.892
37.4125	-6.1625	50.807
37.4125	-6.1375	50.714
37.4125	-6.1125	50.621
37.4125	-6.0875	50.528
37.4125	-6.0625	50.431
37.4125	-6.0375	50.324
37.4125	-6.0125	50.225
37.4125	-5.9875	50.137
37.4375	-10.0125	49.033
37.4375	-9.9875	49.026
37.4375	-9.9625	49.017
37.4375	-9.9375	49.008
37.4375	-9.9125	49
37.4375	-9.8875	48.997
37.4375	-9.8625	49.004
37.4375	-9.8375	49.026
37.4375	-9.8125	49.065
37.4375	-9.7875	49.123
37.4375	-9.7625	49.198
37.4375	-9.7375	49.296
37.4375	-9.7125	49.414
37.4375	-9.6875	49.549
37.4375	-9.6625	49.695
37.4375	-9.6375	49.837
37.4375	-9.6125	49.964
37.4375	-9.5875	50.08
37.4375	-9.5625	50.185
37.4375	-9.5375	50.284
37.4375	-9.5125	50.381
37.4375	-9.4875	50.478
37.4375	-9.4625	50.577
37.4375	-9.4375	50.68
37.4375	-9.4125	50.788
37.4375	-9.3875	50.904
37.4375	-9.3625	51.028
37.4375	-9.3375	51.159
37.4375	-9.3125	51.294
37.4375	-9.2875	51.433
37.4375	-9.2625	51.574
37.4375	-9.2375	51.712
37.4375	-9.2125	51.845
37.4375	-9.1875	51.967
37.4375	-9.1625	52.079
37.4375	-9.1375	52.196
37.4375	-9.1125	52.302
37.4375	-9.0875	52.406
37.4375	-9.0625	52.506
37.4375	-9.0375	52.604
37.4375	-9.0125	52.698
37.4375	-8.9875	52.791
37.4375	-8.9625	52.881
37.4375	-8.9375	52.967
37.4375	-8.9125	53.05
37.4375	-8.8875	53.133
37.4375	-8.8625	53.208
37.4375	-8.8375	53.3
37.4375	-8.8125	53.372
37.4375	-8.7875	53.441
37.4375	-8.7625	53.504
37.4375	-8.7375	53.572
37.4375	-8.7125	53.665
37.4375	-8.6875	53.77
37.4375	-8.6625	53.87
37.4375	-8.6375	53.969
37.4375	-8.6125	54.045
37.4375	-8.5875	54.103
37.4375	-8.5625	54.142
37.4375	-8.5375	54.183
37.4375	-8.5125	54.191
37.4375	-8.4875	54.196
37.4375	-8.4625	54.219
37.4375	-8.4375	54.244
37.4375	-8.4125	54.288
37.4375	-8.3875	54.326
37.4375	-8.3625	54.37
37.4375	-8.3375	54.414
37.4375	-8.3125	54.445
37.4375	-8.2875	54.49
37.4375	-8.2625	54.527
37.4375	-8.2375	54.556
37.4375	-8.2125	54.572
37.4375	-8.1875	54.577
37.4375	-8.1625	54.58
37.4375	-8.1375	54.572
37.4375	-8.1125	54.567
37.4375	-8.0875	54.567
37.4375	-8.0625	54.57
37.4375	-8.0375	54.606
37.4375	-8.0125	54.635
37.4375	-7.9875	54.656
37.4375	-7.9625	54.668
37.4375	-7.9375	54.665
37.4375	-7.9125	54.654
37.4375	-7.8875	54.635
37.4375	-7.8625	54.612
37.4375	-7.8375	54.582
37.4375	-7.8125	54.549
37.4375	-7.7875	54.517
37.4375	-7.7625	54.46
37.4375	-7.7375	54.4
37.4375	-7.7125	54.337
37.4375	-7.6875	54.286
37.4375	-7.6625	54.243
37.4375	-7.6375	54.218
37.4375	-7.6125	54.182
37.4375	-7.5875	54.134
37.4375	-7.5625	54.091
37.4375	-7.5375	54.038
37.4375	-7.5125	53.981
37.4375	-7.4875	53.927
37.4375	-7.4625	53.879
37.4375	-7.4375	53.853
37.4375	-7.4125	53.83
37.4375	-7.3875	53.803
37.4375	-7.3625	53.78
37.4375	-7.3375	53.744
37.4375	-7.3125	53.702
37.4375	-7.2875	53.655
37.4375	-7.2625	53.618
37.4375	-7.2375	53.589
37.4375	-7.2125	53.547
37.4375	-7.1875	53.519
37.4375	-7.1625	53.487
37.4375	-7.1375	53.447
37.4375	-7.1125	53.395
37.4375	-7.0875	53.348
37.4375	-7.0625	53.304
37.4375	-7.0375	53.263
37.4375	-7.0125	53.219
37.4375	-6.9875	53.175
37.4375	-6.9625	53.128
37.4375	-6.9375	53.088
37.4375	-6.9125	53.05
37.4375	-6.8875	53.013
37.4375	-6.8625	52.97
37.4375	-6.8375	52.921
37.4375	-6.8125	52.87
37.4375	-6.7875	52.82
37.4375	-6.7625	52.756
37.4375	-6.7375	52.679
37.4375	-6.7125	52.612
37.4375	-6.6875	52.56
37.4375	-6.6625	52.513
37.4375	-6.6375	52.448
37.4375	-6.6125	52.363
37.4375	-6.5875	52.286
37.4375	-6.5625	52.216
37.4375	-6.5375	52.15
37.4375	-6.5125	52.08
37.4375	-6.4875	52.013
37.4375	-6.4625	51.948
37.4375	-6.4375	51.883
37.4375	-6.4125	51.811
37.4375	-6.3875	51.732
37.4375	-6.3625	51.652
37.4375	-6.3375	51.574
37.4375	-6.3125	51.497
37.4375	-6.2875	51.423
37.4375	-6.2625	51.347
37.4375	-6.2375	51.264
37.4375	-6.2125	51.179
37.4375	-6.1875	51.1
37.4375	-6.1625	51.019
37.4375	-6.1375	50.939
37.4375	-6.1125	50.84
37.4375	-6.0875	50.749
37.4375	-6.0625	50.655
37.4375	-6.0375	50.557
37.4375	-6.0125	50.463
37.4375	-5.9875	50.378
37.4625	-10.0125	49.154
37.4625	-9.9875	49.147
37.4625	-9.9625	49.137
37.4625	-9.9375	49.124
37.4625	-9.9125	49.113
37.4625	-9.8875	49.106
37.4625	-9.8625	49.108
37.4625	-9.8375	49.124
37.4625	-9.8125	49.158
37.4625	-9.7875	49.213
37.4625	-9.7625	49.291
37.4625	-9.7375	49.39
37.4625	-9.7125	49.508
37.4625	-9.6875	49.64
37.4625	-9.6625	49.777
37.4625	-9.6375	49.906
37.4625	-9.6125	50.025
37.4625	-9.5875	50.135
37.4625	-9.5625	50.237
37.4625	-9.5375	50.335
37.4625	-9.5125	50.431
37.4625	-9.4875	50.528
37.4625	-9.4625	50.628
37.4625	-9.4375	50.73
37.4625	-9.4125	50.836
37.4625	-9.3875	50.949
37.4625	-9.3625	51.07
37.4625	-9.3375	51.199
37.4625	-9.3125	51.336
37.4625	-9.2875	51.472
37.4625	-9.2625	51.607
37.4625	-9.2375	51.74
37.4625	-9.2125	51.869
37.4625	-9.1875	51.991
37.4625	-9.1625	52.102
37.4625	-9.1375	52.208
37.4625	-9.1125	52.322
37.4625	-9.0875	52.422
37.4625	-9.0625	52.519
37.4625	-9.0375	52.613
37.4625	-9.0125	52.706
37.4625	-8.9875	52.798
37.4625	-8.9625	52.886
37.4625	-8.9375	52.969
37.4625	-8.9125	53.051
37.4625	-8.8875	53.134
37.4625	-8.8625	53.218
37.4625	-8.8375	53.294
37.4625	-8.8125	53.38
37.4625	-8.7875	53.453
37.4625	-8.7625	53.519
37.4625	-8.7375	53.587
37.4625	-8.7125	53.659
37.4625	-8.6875	53.759
37.4625	-8.6625	53.854
37.4625	-8.6375	53.95
37.4625	-8.6125	54.037
37.4625	-8.5875	54.101
37.4625	-8.5625	54.152
37.4625	-8.5375	54.181
37.4625	-8.5125	54.188
37.4625	-8.4875	54.196
37.4625	-8.4625	54.219
37.4625	-8.4375	54.239
37.4625	-8.4125	54.288
37.4625	-8.3875	54.336
37.4625	-8.3625	54.367
37.4625	-8.3375	54.405
37.4625	-8.3125	54.449
37.4625	-8.2875	54.477
37.4625	-8.2625	54.51
37.4625	-8.2375	54.532
37.4625	-8.2125	54.535
37.4625	-8.1875	54.537
37.4625	-8.1625	54.517
37.4625	-8.1375	54.51
37.4625	-8.1125	54.489
37.4625	-8.0875	54.479
37.4625	-8.0625	54.482
37.4625	-8.0375	54.536
37.4625	-8.0125	54.594
37.4625	-7.9875	54.65
37.4625	-7.9625	54.675
37.4625	-7.9375	54.686
37.4625	-7.9125	54.675
37.4625	-7.8875	54.673
37.4625	-7.8625	54.65
37.4625	-7.8375	54.625
37.4625	-7.8125	54.596
37.4625	-7.7875	54.554
37.4625	-7.7625	54.507
37.4625	-7.7375	54.453
37.4625	-7.7125	54.396
37.4625	-7.6875	54.356
37.4625	-7.6625	54.317
37.4625	-7.6375	54.284
37.4625	-7.6125	54.249
37.4625	-7.5875	54.202
37.4625	-7.5625	54.153
37.4625	-7.5375	54.097
37.4625	-7.5125	54.042
37.4625	-7.4875	53.99
37.4625	-7.4625	53.942
37.4625	-7.4375	53.922
37.4625	-7.4125	53.894
37.4625	-7.3875	53.879
37.4625	-7.3625	53.86
37.4625	-7.3375	53.836
37.4625	-7.3125	53.805
37.4625	-7.2875	53.778
37.4625	-7.2625	53.74
37.4625	-7.2375	53.715
37.4625	-7.2125	53.675
37.4625	-7.1875	53.644
37.4625	-7.1625	53.609
37.4625	-7.1375	53.568
37.4625	-7.1125	53.517
37.4625	-7.0875	53.47
37.4625	-7.0625	53.431
37.4625	-7.0375	53.395
37.4625	-7.0125	53.357
37.4625	-6.9875	53.313
37.4625	-6.9625	53.275
37.4625	-6.9375	53.237
37.4625	-6.9125	53.201
37.4625	-6.8875	53.167
37.4625	-6.8625	53.128
37.4625	-6.8375	53.083
37.4625	-6.8125	53.038
37.4625	-6.7875	52.988
37.4625	-6.7625	52.933
37.4625	-6.7375	52.873
37.4625	-6.7125	52.815
37.4625	-6.6875	52.755
37.4625	-6.6625	52.698
37.4625	-6.6375	52.633
37.4625	-6.6125	52.563
37.4625	-6.5875	52.484
37.4625	-6.5625	52.405
37.4625	-6.5375	52.338
37.4625	-6.5125	52.271
37.4625	-6.4875	52.202
37.4625	-6.4625	52.144
37.4625	-6.4375	52.077
37.4625	-6.4125	52.005
37.4625	-6.3875	51.928
37.4625	-6.3625	51.852
37.4625	-6.3375	51.778
37.4625	-6.3125	51.704
37.4625	-6.2875	51.629
37.4625	-6.2625	51.554
37.4625	-6.2375	51.474
37.4625	-6.2125	51.391
37.4625	-6.1875	51.317
37.4625	-6.1625	51.239
37.4625	-6.1375	51.152
37.4625	-6.1125	51.066
37.4625	-6.0875	50.981
37.4625	-6.0625	50.894
37.4625	-6.0375	50.797
37.4625	-6.0125	50.707
37.4625	-5.9875	50.621
37.4875	-10.0125	49.279
37.4875	-9.9875	49.273
37.4875	-9.9625	49.262
37.4875	-9.9375	49.249
37.4875	-9.9125	49.235
37.4875	-9.8875	49.225
37.4875	-9.8625	49.223
37.4875	-9.8375	49.232
37.4875	-9.8125	49.263
37.4875	-9.7875	49.317
37.4875	-9.7625	49.397
37.4875	-9.7375	49.499
37.4875	-9.7125	49.616
37.4875	-9.6875	49.741
37.4875	-9.6625	49.864
37.4875	-9.6375	49.981
37.4875	-9.6125	50.091
37.4875	-9.5875	50.195
37.4875	-9.5625	50.295
37.4875	-9.5375	50.392
37.4875	-9.5125	50.487
37.4875	-9.4875	50.583
37.4875	-9.4625	50.682
37.4875	-9.4375	50.784
37.4875	-9.4125	50.89
37.4875	-9.3875	51.002
37.4875	-9.3625	51.121
37.4875	-9.3375	51.248
37.4875	-9.3125	51.379
37.4875	-9.2875	51.511
37.4875	-9.2625	51.642
37.4875	-9.2375	51.77
37.4875	-9.2125	51.896
37.4875	-9.1875	52.016
37.4875	-9.1625	52.128
37.4875	-9.1375	52.233
37.4875	-9.1125	52.334
37.4875	-9.0875	52.441
37.4875	-9.0625	52.536
37.4875	-9.0375	52.628
37.4875	-9.0125	52.718
37.4875	-8.9875	52.805
37.4875	-8.9625	52.889
37.4875	-8.9375	52.972
37.4875	-8.9125	53.053
37.4875	-8.8875	53.135
37.4875	-8.8625	53.217
37.4875	-8.8375	53.302
37.4875	-8.8125	53.386
37.4875	-8.7875	53.459
37.4875	-8.7625	53.525
37.4875	-8.7375	53.59
37.4875	-8.7125	53.677
37.4875	-8.6875	53.775
37.4875	-8.6625	53.881
37.4875	-8.6375	53.976
37.4875	-8.6125	54.073
37.4875	-8.5875	54.139
37.4875	-8.5625	54.181
37.4875	-8.5375	54.193
37.4875	-8.5125	54.201
37.4875	-8.4875	54.19
37.4875	-8.4625	54.211
37.4875	-8.4375	54.243
37.4875	-8.4125	54.277
37.4875	-8.3875	54.314
37.4875	-8.3625	54.367
37.4875	-8.3375	54.4
37.4875	-8.3125	54.438
37.4875	-8.2875	54.449
37.4875	-8.2625	54.469
37.4875	-8.2375	54.494
37.4875	-8.2125	54.503
37.4875	-8.1875	54.496
37.4875	-8.1625	54.48
37.4875	-8.1375	54.459
37.4875	-8.1125	54.431
37.4875	-8.0875	54.395
37.4875	-8.0625	54.37
37.4875	-8.0375	54.422
37.4875	-8.0125	54.517
37.4875	-7.9875	54.6
37.4875	-7.9625	54.646
37.4875	-7.9375	54.67
37.4875	-7.9125	54.683
37.4875	-7.8875	54.689
37.4875	-7.8625	54.672
37.4875	-7.8375	54.662
37.4875	-7.8125	54.636
37.4875	-7.7875	54.594
37.4875	-7.7625	54.537
37.4875	-7.7375	54.481
37.4875	-7.7125	54.433
37.4875	-7.6875	54.385
37.4875	-7.6625	54.359
37.4875	-7.6375	54.338
37.4875	-7.6125	54.305
37.4875	-7.5875	54.269
37.4875	-7.5625	54.217
37.4875	-7.5375	54.164
37.4875	-7.5125	54.106
37.4875	-7.4875	54.058
37.4875	-7.4625	54.01
37.4875	-7.4375	53.987
37.4875	-7.4125	53.971
37.4875	-7.3875	53.954
37.4875	-7.3625	53.943
37.4875	-7.3375	53.927
37.4875	-7.3125	53.919
37.4875	-7.2875	53.889
37.4875	-7.2625	53.865
37.4875	-7.2375	53.832
37.4875	-7.2125	53.802
37.4875	-7.1875	53.767
37.4875	-7.1625	53.729
37.4875	-7.1375	53.689
37.4875	-7.1125	53.644
37.4875	-7.0875	53.607
37.4875	-7.0625	53.574
37.4875	-7.0375	53.536
37.4875	-7.0125	53.498
37.4875	-6.9875	53.458
37.4875	-6.9625	53.415
37.4875	-6.9375	53.369
37.4875	-6.9125	53.337
37.4875	-6.8875	53.307
37.4875	-6.8625	53.277
37.4875	-6.8375	53.24
37.4875	-6.8125	53.202
37.4875	-6.7875	53.16
37.4875	-6.7625	53.111
37.4875	-6.7375	53.072
37.4875	-6.7125	53.02
37.4875	-6.6875	52.951
37.4875	-6.6625	52.881
37.4875	-6.6375	52.815
37.4875	-6.6125	52.749
37.4875	-6.5875	52.675
37.4875	-6.5625	52.593
37.4875	-6.5375	52.524
37.4875	-6.5125	52.465
37.4875	-6.4875	52.403
37.4875	-6.4625	52.337
37.4875	-6.4375	52.273
37.4875	-6.4125	52.205
37.4875	-6.3875	52.13
37.4875	-6.3625	52.058
37.4875	-6.3375	51.984
37.4875	-6.3125	51.91
37.4875	-6.2875	51.838
37.4875	-6.2625	51.764
37.4875	-6.2375	51.683
37.4875	-6.2125	51.603
37.4875	-6.1875	51.529
37.4875	-6.1625	51.457
37.4875	-6.1375	51.376
37.4875	-6.1125	51.292
37.4875	-6.0875	51.212
37.4875	-6.0625	51.131
37.4875	-6.0375	51.043
37.4875	-6.0125	50.958
37.4875	-5.9875	50.877
37.5125	-10.0125	49.397
37.5125	-9.9875	49.393
37.5125	-9.9625	49.384
37.5125	-9.9375	49.371
37.5125	-9.9125	49.356
37.5125	-9.8875	49.343
37.5125	-9.8625	49.338
37.5125	-9.8375	49.346
37.5125	-9.8125	49.374
37.5125	-9.7875	49.428
37.5125	-9.7625	49.509
37.5125	-9.7375	49.612
37.5125	-9.7125	49.728
37.5125	-9.6875	49.843
37.5125	-9.6625	49.952
37.5125	-9.6375	50.056
37.5125	-9.6125	50.159
37.5125	-9.5875	50.259
37.5125	-9.5625	50.356
37.5125	-9.5375	50.45
37.5125	-9.5125	50.544
37.5125	-9.4875	50.641
37.5125	-9.4625	50.74
37.5125	-9.4375	50.843
37.5125	-9.4125	50.948
37.5125	-9.3875	51.058
37.5125	-9.3625	51.177
37.5125	-9.3375	51.301
37.5125	-9.3125	51.427
37.5125	-9.2875	51.555
37.5125	-9.2625	51.682
37.5125	-9.2375	51.806
37.5125	-9.2125	51.927
37.5125	-9.1875	52.043
37.5125	-9.1625	52.154
37.5125	-9.1375	52.259
37.5125	-9.1125	52.357
37.5125	-9.0875	52.451
37.5125	-9.0625	52.555
37.5125	-9.0375	52.643
37.5125	-9.0125	52.73
37.5125	-8.9875	52.813
37.5125	-8.9625	52.896
37.5125	-8.9375	52.978
37.5125	-8.9125	53.068
37.5125	-8.8875	53.149
37.5125	-8.8625	53.229
37.5125	-8.8375	53.309
37.5125	-8.8125	53.391
37.5125	-8.7875	53.463
37.5125	-8.7625	53.527
37.5125	-8.7375	53.604
37.5125	-8.7125	53.681
37.5125	-8.6875	53.789
37.5125	-8.6625	53.904
37.5125	-8.6375	54.024
37.5125	-8.6125	54.133
37.5125	-8.5875	54.182
37.5125	-8.5625	54.193
37.5125	-8.5375	54.193
37.5125	-8.5125	54.181
37.5125	-8.4875	54.183
37.5125	-8.4625	54.193
37.5125	-8.4375	54.214
37.5125	-8.4125	54.252
37.5125	-8.3875	54.291
37.5125	-8.3625	54.333
37.5125	-8.3375	54.367
37.5125	-8.3125	54.394
37.5125	-8.2875	54.408
37.5125	-8.2625	54.442
37.5125	-8.2375	54.457
37.5125	-8.2125	54.461
37.5125	-8.1875	54.461
37.5125	-8.1625	54.459
37.5125	-8.1375	54.446
37.5125	-8.1125	54.418
37.5125	-8.0875	54.361
37.5125	-8.0625	54.31
37.5125	-8.0375	54.337
37.5125	-8.0125	54.43
37.5125	-7.9875	54.535
37.5125	-7.9625	54.6
37.5125	-7.9375	54.648
37.5125	-7.9125	54.675
37.5125	-7.8875	54.681
37.5125	-7.8625	54.684
37.5125	-7.8375	54.676
37.5125	-7.8125	54.655
37.5125	-7.7875	54.62
37.5125	-7.7625	54.562
37.5125	-7.7375	54.506
37.5125	-7.7125	54.452
37.5125	-7.6875	54.41
37.5125	-7.6625	54.388
37.5125	-7.6375	54.373
37.5125	-7.6125	54.348
37.5125	-7.5875	54.304
37.5125	-7.5625	54.274
37.5125	-7.5375	54.22
37.5125	-7.5125	54.178
37.5125	-7.4875	54.13
37.5125	-7.4625	54.11
37.5125	-7.4375	54.084
37.5125	-7.4125	54.065
37.5125	-7.3875	54.042
37.5125	-7.3625	54.028
37.5125	-7.3375	54.027
37.5125	-7.3125	54.016
37.5125	-7.2875	54.006
37.5125	-7.2625	53.976
37.5125	-7.2375	53.956
37.5125	-7.2125	53.919
37.5125	-7.1875	53.884
37.5125	-7.1625	53.848
37.5125	-7.1375	53.808
37.5125	-7.1125	53.764
37.5125	-7.0875	53.735
37.5125	-7.0625	53.707
37.5125	-7.0375	53.676
37.5125	-7.0125	53.632
37.5125	-6.9875	53.588
37.5125	-6.9625	53.55
37.5125	-6.9375	53.505
37.5125	-6.9125	53.474
37.5125	-6.8875	53.44
37.5125	-6.8625	53.41
37.5125	-6.8375	53.381
37.5125	-6.8125	53.349
37.5125	-6.7875	53.319
37.5125	-6.7625	53.28
37.5125	-6.7375	53.239
37.5125	-6.7125	53.194
37.5125	-6.6875	53.137
37.5125	-6.6625	53.07
37.5125	-6.6375	53.002
37.5125	-6.6125	52.931
37.5125	-6.5875	52.851
37.5125	-6.5625	52.782
37.5125	-6.5375	52.727
37.5125	-6.5125	52.665
37.5125	-6.4875	52.602
37.5125	-6.4625	52.533
37.5125	-6.4375	52.467
37.5125	-6.4125	52.4
37.5125	-6.3875	52.331
37.5125	-6.3625	52.259
37.5125	-6.3375	52.191
37.5125	-6.3125	52.12
37.5125	-6.2875	52.048
37.5125	-6.2625	51.974
37.5125	-6.2375	51.901
37.5125	-6.2125	51.821
37.5125	-6.1875	51.747
37.5125	-6.1625	51.684
37.5125	-6.1375	51.616
37.5125	-6.1125	51.537
37.5125	-6.0875	51.453
37.5125	-6.0625	51.374
37.5125	-6.0375	51.294
37.5125	-6.0125	51.22
37.5125	-5.9875	51.144
37.5375	-10.0125	49.505
37.5375	-9.9875	49.503
37.5375	-9.9625	49.497
37.5375	-9.9375	49.486
37.5375	-9.9125	49.472
37.5375	-9.8875	49.459
37.5375	-9.8625	49.453
37.5375	-9.8375	49.46
37.5375	-9.8125	49.487
37.5375	-9.7875	49.54
37.5375	-9.7625	49.619
37.5375	-9.7375	49.72
37.5375	-9.7125	49.83
37.5375	-9.6875	49.935
37.5375	-9.6625	50.034
37.5375	-9.6375	50.129
37.5375	-9.6125	50.227
37.5375	-9.5875	50.323
37.5375	-9.5625	50.417
37.5375	-9.5375	50.509
37.5375	-9.5125	50.602
37.5375	-9.4875	50.701
37.5375	-9.4625	50.8
37.5375	-9.4375	50.903
37.5375	-9.4125	51.008
37.5375	-9.3875	51.116
37.5375	-9.3625	51.232
37.5375	-9.3375	51.353
37.5375	-9.3125	51.476
37.5375	-9.2875	51.599
37.5375	-9.2625	51.723
37.5375	-9.2375	51.843
37.5375	-9.2125	51.957
37.5375	-9.1875	52.07
37.5375	-9.1625	52.178
37.5375	-9.1375	52.279
37.5375	-9.1125	52.375
37.5375	-9.0875	52.47
37.5375	-9.0625	52.561
37.5375	-9.0375	52.648
37.5375	-9.0125	52.741
37.5375	-8.9875	52.822
37.5375	-8.9625	52.904
37.5375	-8.9375	52.983
37.5375	-8.9125	53.063
37.5375	-8.8875	53.154
37.5375	-8.8625	53.233
37.5375	-8.8375	53.321
37.5375	-8.8125	53.398
37.5375	-8.7875	53.465
37.5375	-8.7625	53.532
37.5375	-8.7375	53.605
37.5375	-8.7125	53.689
37.5375	-8.6875	53.788
37.5375	-8.6625	53.901
37.5375	-8.6375	54.017
37.5375	-8.6125	54.113
37.5375	-8.5875	54.156
37.5375	-8.5625	54.158
37.5375	-8.5375	54.152
37.5375	-8.5125	54.153
37.5375	-8.4875	54.151
37.5375	-8.4625	54.172
37.5375	-8.4375	54.196
37.5375	-8.4125	54.239
37.5375	-8.3875	54.265
37.5375	-8.3625	54.292
37.5375	-8.3375	54.329
37.5375	-8.3125	54.357
37.5375	-8.2875	54.386
37.5375	-8.2625	54.406
37.5375	-8.2375	54.434
37.5375	-8.2125	54.438
37.5375	-8.1875	54.45
37.5375	-8.1625	54.455
37.5375	-8.1375	54.443
37.5375	-8.1125	54.425
37.5375	-8.0875	54.388
37.5375	-8.0625	54.349
37.5375	-8.0375	54.355
37.5375	-8.0125	54.419
37.5375	-7.9875	54.499
37.5375	-7.9625	54.582
37.5375	-7.9375	54.632
37.5375	-7.9125	54.666
37.5375	-7.8875	54.686
37.5375	-7.8625	54.684
37.5375	-7.8375	54.691
37.5375	-7.8125	54.676
37.5375	-7.7875	54.64
37.5375	-7.7625	54.586
37.5375	-7.7375	54.521
37.5375	-7.7125	54.461
37.5375	-7.6875	54.417
37.5375	-7.6625	54.386
37.5375	-7.6375	54.371
37.5375	-7.6125	54.377
37.5375	-7.5875	54.368
37.5375	-7.5625	54.349
37.5375	-7.5375	54.3
37.5375	-7.5125	54.238
37.5375	-7.4875	54.215
37.5375	-7.4625	54.21
37.5375	-7.4375	54.186
37.5375	-7.4125	54.159
37.5375	-7.3875	54.151
37.5375	-7.3625	54.13
37.5375	-7.3375	54.117
37.5375	-7.3125	54.12
37.5375	-7.2875	54.106
37.5375	-7.2625	54.072
37.5375	-7.2375	54.056
37.5375	-7.2125	54.029
37.5375	-7.1875	53.995
37.5375	-7.1625	53.961
37.5375	-7.1375	53.923
37.5375	-7.1125	53.894
37.5375	-7.0875	53.848
37.5375	-7.0625	53.822
37.5375	-7.0375	53.791
37.5375	-7.0125	53.749
37.5375	-6.9875	53.703
37.5375	-6.9625	53.672
37.5375	-6.9375	53.638
37.5375	-6.9125	53.594
37.5375	-6.8875	53.547
37.5375	-6.8625	53.525
37.5375	-6.8375	53.502
37.5375	-6.8125	53.484
37.5375	-6.7875	53.468
37.5375	-6.7625	53.436
37.5375	-6.7375	53.402
37.5375	-6.7125	53.36
37.5375	-6.6875	53.308
37.5375	-6.6625	53.252
37.5375	-6.6375	53.175
37.5375	-6.6125	53.097
37.5375	-6.5875	53.028
37.5375	-6.5625	52.982
37.5375	-6.5375	52.93
37.5375	-6.5125	52.865
37.5375	-6.4875	52.804
37.5375	-6.4625	52.733
37.5375	-6.4375	52.666
37.5375	-6.4125	52.592
37.5375	-6.3875	52.525
37.5375	-6.3625	52.46
37.5375	-6.3375	52.396
37.5375	-6.3125	52.323
37.5375	-6.2875	52.253
37.5375	-6.2625	52.189
37.5375	-6.2375	52.115
37.5375	-6.2125	52.042
37.5375	-6.1875	51.977
37.5375	-6.1625	51.926
37.5375	-6.1375	51.872
37.5375	-6.1125	51.799
37.5375	-6.0875	51.708
37.5375	-6.0625	51.626
37.5375	-6.0375	51.556
37.5375	-6.0125	51.487
37.5375	-5.9875	51.413
37.5625	-10.0125	49.597
37.5625	-9.9875	49.598
37.5625	-9.9625	49.597
37.5625	-9.9375	49.59
37.5625	-9.9125	49.583
37.5625	-9.8875	49.575
37.5625	-9.8625	49.573
37.5625	-9.8375	49.582
37.5625	-9.8125	49.606
37.5625	-9.7875	49.653
37.5625	-9.7625	49.726
37.5625	-9.7375	49.821
37.5625	-9.7125	49.921
37.5625	-9.6875	50.018
37.5625	-9.6625	50.112
37.5625	-9.6375	50.202
37.5625	-9.6125	50.296
37.5625	-9.5875	50.391
37.5625	-9.5625	50.482
37.5625	-9.5375	50.573
37.5625	-9.5125	50.666
37.5625	-9.4875	50.763
37.5625	-9.4625	50.864
37.5625	-9.4375	50.966
37.5625	-9.4125	51.069
37.5625	-9.3875	51.175
37.5625	-9.3625	51.288
37.5625	-9.3375	51.404
37.5625	-9.3125	51.522
37.5625	-9.2875	51.641
37.5625	-9.2625	51.759
37.5625	-9.2375	51.876
37.5625	-9.2125	51.99
37.5625	-9.1875	52.097
37.5625	-9.1625	52.2
37.5625	-9.1375	52.297
37.5625	-9.1125	52.391
37.5625	-9.0875	52.484
37.5625	-9.0625	52.573
37.5625	-9.0375	52.658
37.5625	-9.0125	52.741
37.5625	-8.9875	52.822
37.5625	-8.9625	52.911
37.5625	-8.9375	52.99
37.5625	-8.9125	53.068
37.5625	-8.8875	53.148
37.5625	-8.8625	53.235
37.5625	-8.8375	53.313
37.5625	-8.8125	53.389
37.5625	-8.7875	53.456
37.5625	-8.7625	53.525
37.5625	-8.7375	53.58
37.5625	-8.7125	53.65
37.5625	-8.6875	53.747
37.5625	-8.6625	53.849
37.5625	-8.6375	53.944
37.5625	-8.6125	54.013
37.5625	-8.5875	54.057
37.5625	-8.5625	54.08
37.5625	-8.5375	54.087
37.5625	-8.5125	54.108
37.5625	-8.4875	54.122
37.5625	-8.4625	54.142
37.5625	-8.4375	54.169
37.5625	-8.4125	54.221
37.5625	-8.3875	54.252
37.5625	-8.3625	54.288
37.5625	-8.3375	54.299
37.5625	-8.3125	54.33
37.5625	-8.2875	54.355
37.5625	-8.2625	54.381
37.5625	-8.2375	54.41
37.5625	-8.2125	54.431
37.5625	-8.1875	54.446
37.5625	-8.1625	54.457
37.5625	-8.1375	54.462
37.5625	-8.1125	54.454
37.5625	-8.0875	54.431
37.5625	-8.0625	54.394
37.5625	-8.0375	54.399
37.5625	-8.0125	54.461
37.5625	-7.9875	54.532
37.5625	-7.9625	54.591
37.5625	-7.9375	54.65
37.5625	-7.9125	54.683
37.5625	-7.8875	54.707
37.5625	-7.8625	54.715
37.5625	-7.8375	54.705
37.5625	-7.8125	54.689
37.5625	-7.7875	54.652
37.5625	-7.7625	54.609
37.5625	-7.7375	54.542
37.5625	-7.7125	54.472
37.5625	-7.6875	54.423
37.5625	-7.6625	54.386
37.5625	-7.6375	54.384
37.5625	-7.6125	54.403
37.5625	-7.5875	54.414
37.5625	-7.5625	54.418
37.5625	-7.5375	54.376
37.5625	-7.5125	54.32
37.5625	-7.4875	54.306
37.5625	-7.4625	54.283
37.5625	-7.4375	54.253
37.5625	-7.4125	54.227
37.5625	-7.3875	54.22
37.5625	-7.3625	54.205
37.5625	-7.3375	54.205
37.5625	-7.3125	54.191
37.5625	-7.2875	54.173
37.5625	-7.2625	54.156
37.5625	-7.2375	54.146
37.5625	-7.2125	54.123
37.5625	-7.1875	54.094
37.5625	-7.1625	54.065
37.5625	-7.1375	54.038
37.5625	-7.1125	54.004
37.5625	-7.0875	53.96
37.5625	-7.0625	53.931
37.5625	-7.0375	53.903
37.5625	-7.0125	53.858
37.5625	-6.9875	53.811
37.5625	-6.9625	53.786
37.5625	-6.9375	53.76
37.5625	-6.9125	53.726
37.5625	-6.8875	53.679
37.5625	-6.8625	53.634
37.5625	-6.8375	53.613
37.5625	-6.8125	53.604
37.5625	-6.7875	53.598
37.5625	-6.7625	53.579
37.5625	-6.7375	53.549
37.5625	-6.7125	53.51
37.5625	-6.6875	53.469
37.5625	-6.6625	53.421
37.5625	-6.6375	53.366
37.5625	-6.6125	53.291
37.5625	-6.5875	53.225
37.5625	-6.5625	53.163
37.5625	-6.5375	53.105
37.5625	-6.5125	53.06
37.5625	-6.4875	52.997
37.5625	-6.4625	52.935
37.5625	-6.4375	52.854
37.5625	-6.4125	52.774
37.5625	-6.3875	52.7
37.5625	-6.3625	52.64
37.5625	-6.3375	52.596
37.5625	-6.3125	52.529
37.5625	-6.2875	52.463
37.5625	-6.2625	52.393
37.5625	-6.2375	52.33
37.5625	-6.2125	52.264
37.5625	-6.1875	52.208
37.5625	-6.1625	52.157
37.5625	-6.1375	52.109
37.5625	-6.1125	52.043
37.5625	-6.0875	51.964
37.5625	-6.0625	51.891
37.5625	-6.0375	51.826
37.5625	-6.0125	51.763
37.5625	-5.9875	51.691
37.5875	-10.0125	49.675
37.5875	-9.9875	49.682
37.5875	-9.9625	49.686
37.5875	-9.9375	49.69
37.5875	-9.9125	49.692
37.5875	-9.8875	49.695
37.5875	-9.8625	49.699
37.5875	-9.8375	49.709
37.5875	-9.8125	49.731
37.5875	-9.7875	49.769
37.5875	-9.7625	49.831
37.5875	-9.7375	49.915
37.5875	-9.7125	50.006
37.5875	-9.6875	50.097
37.5875	-9.6625	50.188
37.5875	-9.6375	50.275
37.5875	-9.6125	50.367
37.5875	-9.5875	50.461
37.5875	-9.5625	50.552
37.5875	-9.5375	50.642
37.5875	-9.5125	50.735
37.5875	-9.4875	50.834
37.5875	-9.4625	50.934
37.5875	-9.4375	51.033
37.5875	-9.4125	51.133
37.5875	-9.3875	51.236
37.5875	-9.3625	51.344
37.5875	-9.3375	51.454
37.5875	-9.3125	51.565
37.5875	-9.2875	51.679
37.5875	-9.2625	51.792
37.5875	-9.2375	51.905
37.5875	-9.2125	52.015
37.5875	-9.1875	52.119
37.5875	-9.1625	52.218
37.5875	-9.1375	52.313
37.5875	-9.1125	52.406
37.5875	-9.0875	52.497
37.5875	-9.0625	52.583
37.5875	-9.0375	52.668
37.5875	-9.0125	52.751
37.5875	-8.9875	52.831
37.5875	-8.9625	52.909
37.5875	-8.9375	52.985
37.5875	-8.9125	53.063
37.5875	-8.8875	53.139
37.5875	-8.8625	53.215
37.5875	-8.8375	53.293
37.5875	-8.8125	53.37
37.5875	-8.7875	53.432
37.5875	-8.7625	53.486
37.5875	-8.7375	53.531
37.5875	-8.7125	53.596
37.5875	-8.6875	53.69
37.5875	-8.6625	53.782
37.5875	-8.6375	53.851
37.5875	-8.6125	53.926
37.5875	-8.5875	53.972
37.5875	-8.5625	54.006
37.5875	-8.5375	54.035
37.5875	-8.5125	54.064
37.5875	-8.4875	54.095
37.5875	-8.4625	54.129
37.5875	-8.4375	54.167
37.5875	-8.4125	54.208
37.5875	-8.3875	54.252
37.5875	-8.3625	54.273
37.5875	-8.3375	54.301
37.5875	-8.3125	54.326
37.5875	-8.2875	54.35
37.5875	-8.2625	54.38
37.5875	-8.2375	54.406
37.5875	-8.2125	54.418
37.5875	-8.1875	54.435
37.5875	-8.1625	54.458
37.5875	-8.1375	54.49
37.5875	-8.1125	54.493
37.5875	-8.0875	54.467
37.5875	-8.0625	54.416
37.5875	-8.0375	54.422
37.5875	-8.0125	54.502
37.5875	-7.9875	54.587
37.5875	-7.9625	54.627
37.5875	-7.9375	54.665
37.5875	-7.9125	54.692
37.5875	-7.8875	54.721
37.5875	-7.8625	54.746
37.5875	-7.8375	54.751
37.5875	-7.8125	54.734
37.5875	-7.7875	54.698
37.5875	-7.7625	54.641
37.5875	-7.7375	54.576
37.5875	-7.7125	54.512
37.5875	-7.6875	54.47
37.5875	-7.6625	54.434
37.5875	-7.6375	54.449
37.5875	-7.6125	54.471
37.5875	-7.5875	54.483
37.5875	-7.5625	54.487
37.5875	-7.5375	54.448
37.5875	-7.5125	54.391
37.5875	-7.4875	54.351
37.5875	-7.4625	54.313
37.5875	-7.4375	54.29
37.5875	-7.4125	54.269
37.5875	-7.3875	54.261
37.5875	-7.3625	54.259
37.5875	-7.3375	54.257
37.5875	-7.3125	54.248
37.5875	-7.2875	54.236
37.5875	-7.2625	54.234
37.5875	-7.2375	54.225
37.5875	-7.2125	54.211
37.5875	-7.1875	54.186
37.5875	-7.1625	54.162
37.5875	-7.1375	54.148
37.5875	-7.1125	54.128
37.5875	-7.0875	54.086
37.5875	-7.0625	54.04
37.5875	-7.0375	54.006
37.5875	-7.0125	53.965
37.5875	-6.9875	53.932
37.5875	-6.9625	53.91
37.5875	-6.9375	53.888
37.5875	-6.9125	53.854
37.5875	-6.8875	53.807
37.5875	-6.8625	53.769
37.5875	-6.8375	53.747
37.5875	-6.8125	53.742
37.5875	-6.7875	53.736
37.5875	-6.7625	53.713
37.5875	-6.7375	53.688
37.5875	-6.7125	53.658
37.5875	-6.6875	53.621
37.5875	-6.6625	53.591
37.5875	-6.6375	53.541
37.5875	-6.6125	53.462
37.5875	-6.5875	53.405
37.5875	-6.5625	53.331
37.5875	-6.5375	53.274
37.5875	-6.5125	53.236
37.5875	-6.4875	53.186
37.5875	-6.4625	53.116
37.5875	-6.4375	53.045
37.5875	-6.4125	52.958
37.5875	-6.3875	52.896
37.5875	-6.3625	52.842
37.5875	-6.3375	52.79
37.5875	-6.3125	52.735
37.5875	-6.2875	52.673
37.5875	-6.2625	52.604
37.5875	-6.2375	52.547
37.5875	-6.2125	52.492
37.5875	-6.1875	52.439
37.5875	-6.1625	52.395
37.5875	-6.1375	52.344
37.5875	-6.1125	52.284
37.5875	-6.0875	52.221
37.5875	-6.0625	52.154
37.5875	-6.0375	52.101
37.5875	-6.0125	52.043
37.5875	-5.9875	51.974
37.6125	-10.0125	49.738
37.6125	-9.9875	49.753
37.6125	-9.9625	49.767
37.6125	-9.9375	49.783
37.6125	-9.9125	49.799
37.6125	-9.8875	49.812
37.6125	-9.8625	49.825
37.6125	-9.8375	49.84
37.6125	-9.8125	49.857
37.6125	-9.7875	49.887
37.6125	-9.7625	49.936
37.6125	-9.7375	50.006
37.6125	-9.7125	50.089
37.6125	-9.6875	50.178
37.6125	-9.6625	50.268
37.6125	-9.6375	50.351
37.6125	-9.6125	50.437
37.6125	-9.5875	50.529
37.6125	-9.5625	50.621
37.6125	-9.5375	50.714
37.6125	-9.5125	50.81
37.6125	-9.4875	50.908
37.6125	-9.4625	51.005
37.6125	-9.4375	51.101
37.6125	-9.4125	51.198
37.6125	-9.3875	51.298
37.6125	-9.3625	51.4
37.6125	-9.3375	51.504
37.6125	-9.3125	51.608
37.6125	-9.2875	51.716
37.6125	-9.2625	51.824
37.6125	-9.2375	51.931
37.6125	-9.2125	52.036
37.6125	-9.1875	52.139
37.6125	-9.1625	52.236
37.6125	-9.1375	52.33
37.6125	-9.1125	52.421
37.6125	-9.0875	52.51
37.6125	-9.0625	52.595
37.6125	-9.0375	52.678
37.6125	-9.0125	52.759
37.6125	-8.9875	52.839
37.6125	-8.9625	52.905
37.6125	-8.9375	52.979
37.6125	-8.9125	53.053
37.6125	-8.8875	53.126
37.6125	-8.8625	53.19
37.6125	-8.8375	53.266
37.6125	-8.8125	53.329
37.6125	-8.7875	53.391
37.6125	-8.7625	53.441
37.6125	-8.7375	53.496
37.6125	-8.7125	53.552
37.6125	-8.6875	53.632
37.6125	-8.6625	53.721
37.6125	-8.6375	53.804
37.6125	-8.6125	53.856
37.6125	-8.5875	53.918
37.6125	-8.5625	53.966
37.6125	-8.5375	54.005
37.6125	-8.5125	54.05
37.6125	-8.4875	54.085
37.6125	-8.4625	54.127
37.6125	-8.4375	54.162
37.6125	-8.4125	54.208
37.6125	-8.3875	54.252
37.6125	-8.3625	54.274
37.6125	-8.3375	54.291
37.6125	-8.3125	54.321
37.6125	-8.2875	54.344
37.6125	-8.2625	54.368
37.6125	-8.2375	54.39
37.6125	-8.2125	54.404
37.6125	-8.1875	54.425
37.6125	-8.1625	54.465
37.6125	-8.1375	54.501
37.6125	-8.1125	54.514
37.6125	-8.0875	54.494
37.6125	-8.0625	54.427
37.6125	-8.0375	54.418
37.6125	-8.0125	54.511
37.6125	-7.9875	54.604
37.6125	-7.9625	54.637
37.6125	-7.9375	54.667
37.6125	-7.9125	54.703
37.6125	-7.8875	54.742
37.6125	-7.8625	54.766
37.6125	-7.8375	54.791
37.6125	-7.8125	54.778
37.6125	-7.7875	54.748
37.6125	-7.7625	54.698
37.6125	-7.7375	54.635
37.6125	-7.7125	54.569
37.6125	-7.6875	54.529
37.6125	-7.6625	54.509
37.6125	-7.6375	54.533
37.6125	-7.6125	54.563
37.6125	-7.5875	54.589
37.6125	-7.5625	54.569
37.6125	-7.5375	54.509
37.6125	-7.5125	54.441
37.6125	-7.4875	54.375
37.6125	-7.4625	54.348
37.6125	-7.4375	54.321
37.6125	-7.4125	54.309
37.6125	-7.3875	54.307
37.6125	-7.3625	54.311
37.6125	-7.3375	54.309
37.6125	-7.3125	54.305
37.6125	-7.2875	54.306
37.6125	-7.2625	54.308
37.6125	-7.2375	54.288
37.6125	-7.2125	54.282
37.6125	-7.1875	54.263
37.6125	-7.1625	54.246
37.6125	-7.1375	54.232
37.6125	-7.1125	54.214
37.6125	-7.0875	54.182
37.6125	-7.0625	54.147
37.6125	-7.0375	54.101
37.6125	-7.0125	54.069
37.6125	-6.9875	54.036
37.6125	-6.9625	54.018
37.6125	-6.9375	54.011
37.6125	-6.9125	53.991
37.6125	-6.8875	53.954
37.6125	-6.8625	53.912
37.6125	-6.8375	53.879
37.6125	-6.8125	53.866
37.6125	-6.7875	53.862
37.6125	-6.7625	53.841
37.6125	-6.7375	53.817
37.6125	-6.7125	53.794
37.6125	-6.6875	53.762
37.6125	-6.6625	53.732
37.6125	-6.6375	53.688
37.6125	-6.6125	53.631
37.6125	-6.5875	53.571
37.6125	-6.5625	53.503
37.6125	-6.5375	53.451
37.6125	-6.5125	53.405
37.6125	-6.4875	53.362
37.6125	-6.4625	53.298
37.6125	-6.4375	53.23
37.6125	-6.4125	53.15
37.6125	-6.3875	53.081
37.6125	-6.3625	53.023
37.6125	-6.3375	52.974
37.6125	-6.3125	52.929
37.6125	-6.2875	52.872
37.6125	-6.2625	52.806
37.6125	-6.2375	52.754
37.6125	-6.2125	52.701
37.6125	-6.1875	52.668
37.6125	-6.1625	52.629
37.6125	-6.1375	52.585
37.6125	-6.1125	52.536
37.6125	-6.0875	52.48
37.6125	-6.0625	52.43
37.6125	-6.0375	52.38
37.6125	-6.0125	52.326
37.6125	-5.9875	52.265
37.6375	-10.0125	49.784
37.6375	-9.9875	49.809
37.6375	-9.9625	49.835
37.6375	-9.9375	49.866
37.6375	-9.9125	49.897
37.6375	-9.8875	49.923
37.6375	-9.8625	49.947
37.6375	-9.8375	49.966
37.6375	-9.8125	49.984
37.6375	-9.7875	50.005
37.6375	-9.7625	50.042
37.6375	-9.7375	50.1
37.6375	-9.7125	50.175
37.6375	-9.6875	50.261
37.6375	-9.6625	50.345
37.6375	-9.6375	50.422
37.6375	-9.6125	50.504
37.6375	-9.5875	50.594
37.6375	-9.5625	50.688
37.6375	-9.5375	50.786
37.6375	-9.5125	50.885
37.6375	-9.4875	50.985
37.6375	-9.4625	51.078
37.6375	-9.4375	51.17
37.6375	-9.4125	51.263
37.6375	-9.3875	51.358
37.6375	-9.3625	51.454
37.6375	-9.3375	51.551
37.6375	-9.3125	51.651
37.6375	-9.2875	51.753
37.6375	-9.2625	51.856
37.6375	-9.2375	51.958
37.6375	-9.2125	52.06
37.6375	-9.1875	52.16
37.6375	-9.1625	52.256
37.6375	-9.1375	52.349
37.6375	-9.1125	52.438
37.6375	-9.0875	52.524
37.6375	-9.0625	52.607
37.6375	-9.0375	52.688
37.6375	-9.0125	52.758
37.6375	-8.9875	52.835
37.6375	-8.9625	52.909
37.6375	-8.9375	52.97
37.6375	-8.9125	53.041
37.6375	-8.8875	53.101
37.6375	-8.8625	53.161
37.6375	-8.8375	53.235
37.6375	-8.8125	53.293
37.6375	-8.7875	53.353
37.6375	-8.7625	53.414
37.6375	-8.7375	53.48
37.6375	-8.7125	53.534
37.6375	-8.6875	53.608
37.6375	-8.6625	53.688
37.6375	-8.6375	53.763
37.6375	-8.6125	53.817
37.6375	-8.5875	53.879
37.6375	-8.5625	53.935
37.6375	-8.5375	53.987
37.6375	-8.5125	54.039
37.6375	-8.4875	54.073
37.6375	-8.4625	54.116
37.6375	-8.4375	54.155
37.6375	-8.4125	54.199
37.6375	-8.3875	54.231
37.6375	-8.3625	54.258
37.6375	-8.3375	54.276
37.6375	-8.3125	54.295
37.6375	-8.2875	54.317
37.6375	-8.2625	54.344
37.6375	-8.2375	54.37
37.6375	-8.2125	54.397
37.6375	-8.1875	54.422
37.6375	-8.1625	54.449
37.6375	-8.1375	54.472
37.6375	-8.1125	54.484
37.6375	-8.0875	54.473
37.6375	-8.0625	54.447
37.6375	-8.0375	54.468
37.6375	-8.0125	54.546
37.6375	-7.9875	54.609
37.6375	-7.9625	54.637
37.6375	-7.9375	54.657
37.6375	-7.9125	54.696
37.6375	-7.8875	54.743
37.6375	-7.8625	54.785
37.6375	-7.8375	54.813
37.6375	-7.8125	54.817
37.6375	-7.7875	54.788
37.6375	-7.7625	54.74
37.6375	-7.7375	54.68
37.6375	-7.7125	54.628
37.6375	-7.6875	54.588
37.6375	-7.6625	54.574
37.6375	-7.6375	54.603
37.6375	-7.6125	54.647
37.6375	-7.5875	54.668
37.6375	-7.5625	54.629
37.6375	-7.5375	54.541
37.6375	-7.5125	54.452
37.6375	-7.4875	54.399
37.6375	-7.4625	54.373
37.6375	-7.4375	54.366
37.6375	-7.4125	54.371
37.6375	-7.3875	54.361
37.6375	-7.3625	54.372
37.6375	-7.3375	54.368
37.6375	-7.3125	54.357
37.6375	-7.2875	54.358
37.6375	-7.2625	54.362
37.6375	-7.2375	54.362
37.6375	-7.2125	54.359
37.6375	-7.1875	54.335
37.6375	-7.1625	54.327
37.6375	-7.1375	54.316
37.6375	-7.1125	54.294
37.6375	-7.0875	54.262
37.6375	-7.0625	54.233
37.6375	-7.0375	54.204
37.6375	-7.0125	54.175
37.6375	-6.9875	54.138
37.6375	-6.9625	54.122
37.6375	-6.9375	54.116
37.6375	-6.9125	54.111
37.6375	-6.8875	54.086
37.6375	-6.8625	54.055
37.6375	-6.8375	54.02
37.6375	-6.8125	53.986
37.6375	-6.7875	53.968
37.6375	-6.7625	53.953
37.6375	-6.7375	53.936
37.6375	-6.7125	53.917
37.6375	-6.6875	53.888
37.6375	-6.6625	53.869
37.6375	-6.6375	53.822
37.6375	-6.6125	53.771
37.6375	-6.5875	53.712
37.6375	-6.5625	53.655
37.6375	-6.5375	53.59
37.6375	-6.5125	53.549
37.6375	-6.4875	53.501
37.6375	-6.4625	53.448
37.6375	-6.4375	53.384
37.6375	-6.4125	53.321
37.6375	-6.3875	53.262
37.6375	-6.3625	53.201
37.6375	-6.3375	53.158
37.6375	-6.3125	53.117
37.6375	-6.2875	53.068
37.6375	-6.2625	53.017
37.6375	-6.2375	52.967
37.6375	-6.2125	52.916
37.6375	-6.1875	52.882
37.6375	-6.1625	52.85
37.6375	-6.1375	52.819
37.6375	-6.1125	52.779
37.6375	-6.0875	52.732
37.6375	-6.0625	52.681
37.6375	-6.0375	52.654
37.6375	-6.0125	52.617
37.6375	-5.9875	52.566
37.6625	-10.0125	49.815
37.6625	-9.9875	49.849
37.6625	-9.9625	49.885
37.6625	-9.9375	49.929
37.6625	-9.9125	49.972
37.6625	-9.8875	50.011
37.6625	-9.8625	50.043
37.6625	-9.8375	50.071
37.6625	-9.8125	50.095
37.6625	-9.7875	50.117
37.6625	-9.7625	50.148
37.6625	-9.7375	50.196
37.6625	-9.7125	50.258
37.6625	-9.6875	50.337
37.6625	-9.6625	50.415
37.6625	-9.6375	50.488
37.6625	-9.6125	50.568
37.6625	-9.5875	50.658
37.6625	-9.5625	50.755
37.6625	-9.5375	50.855
37.6625	-9.5125	50.957
37.6625	-9.4875	51.056
37.6625	-9.4625	51.149
37.6625	-9.4375	51.24
37.6625	-9.4125	51.326
37.6625	-9.3875	51.414
37.6625	-9.3625	51.506
37.6625	-9.3375	51.6
37.6625	-9.3125	51.695
37.6625	-9.2875	51.792
37.6625	-9.2625	51.889
37.6625	-9.2375	51.988
37.6625	-9.2125	52.086
37.6625	-9.1875	52.183
37.6625	-9.1625	52.276
37.6625	-9.1375	52.367
37.6625	-9.1125	52.454
37.6625	-9.0875	52.539
37.6625	-9.0625	52.62
37.6625	-9.0375	52.69
37.6625	-9.0125	52.766
37.6625	-8.9875	52.841
37.6625	-8.9625	52.902
37.6625	-8.9375	52.971
37.6625	-8.9125	53.028
37.6625	-8.8875	53.085
37.6625	-8.8625	53.142
37.6625	-8.8375	53.2
37.6625	-8.8125	53.256
37.6625	-8.7875	53.314
37.6625	-8.7625	53.386
37.6625	-8.7375	53.46
37.6625	-8.7125	53.534
37.6625	-8.6875	53.611
37.6625	-8.6625	53.686
37.6625	-8.6375	53.733
37.6625	-8.6125	53.781
37.6625	-8.5875	53.842
37.6625	-8.5625	53.902
37.6625	-8.5375	53.957
37.6625	-8.5125	54.006
37.6625	-8.4875	54.051
37.6625	-8.4625	54.092
37.6625	-8.4375	54.12
37.6625	-8.4125	54.151
37.6625	-8.3875	54.179
37.6625	-8.3625	54.21
37.6625	-8.3375	54.246
37.6625	-8.3125	54.272
37.6625	-8.2875	54.299
37.6625	-8.2625	54.33
37.6625	-8.2375	54.357
37.6625	-8.2125	54.402
37.6625	-8.1875	54.435
37.6625	-8.1625	54.446
37.6625	-8.1375	54.439
37.6625	-8.1125	54.419
37.6625	-8.0875	54.4
37.6625	-8.0625	54.416
37.6625	-8.0375	54.473
37.6625	-8.0125	54.536
37.6625	-7.9875	54.581
37.6625	-7.9625	54.612
37.6625	-7.9375	54.643
37.6625	-7.9125	54.686
37.6625	-7.8875	54.73
37.6625	-7.8625	54.767
37.6625	-7.8375	54.801
37.6625	-7.8125	54.809
37.6625	-7.7875	54.802
37.6625	-7.7625	54.765
37.6625	-7.7375	54.729
37.6625	-7.7125	54.67
37.6625	-7.6875	54.639
37.6625	-7.6625	54.619
37.6625	-7.6375	54.651
37.6625	-7.6125	54.678
37.6625	-7.5875	54.688
37.6625	-7.5625	54.648
37.6625	-7.5375	54.567
37.6625	-7.5125	54.485
37.6625	-7.4875	54.442
37.6625	-7.4625	54.432
37.6625	-7.4375	54.438
37.6625	-7.4125	54.448
37.6625	-7.3875	54.455
37.6625	-7.3625	54.445
37.6625	-7.3375	54.442
37.6625	-7.3125	54.433
37.6625	-7.2875	54.439
37.6625	-7.2625	54.444
37.6625	-7.2375	54.436
37.6625	-7.2125	54.432
37.6625	-7.1875	54.42
37.6625	-7.1625	54.402
37.6625	-7.1375	54.395
37.6625	-7.1125	54.383
37.6625	-7.0875	54.363
37.6625	-7.0625	54.335
37.6625	-7.0375	54.307
37.6625	-7.0125	54.278
37.6625	-6.9875	54.247
37.6625	-6.9625	54.238
37.6625	-6.9375	54.225
37.6625	-6.9125	54.21
37.6625	-6.8875	54.195
37.6625	-6.8625	54.168
37.6625	-6.8375	54.129
37.6625	-6.8125	54.096
37.6625	-6.7875	54.086
37.6625	-6.7625	54.068
37.6625	-6.7375	54.054
37.6625	-6.7125	54.036
37.6625	-6.6875	54.016
37.6625	-6.6625	53.994
37.6625	-6.6375	53.954
37.6625	-6.6125	53.898
37.6625	-6.5875	53.845
37.6625	-6.5625	53.794
37.6625	-6.5375	53.733
37.6625	-6.5125	53.67
37.6625	-6.4875	53.622
37.6625	-6.4625	53.573
37.6625	-6.4375	53.528
37.6625	-6.4125	53.471
37.6625	-6.3875	53.419
37.6625	-6.3625	53.371
37.6625	-6.3375	53.328
37.6625	-6.3125	53.297
37.6625	-6.2875	53.26
37.6625	-6.2625	53.211
37.6625	-6.2375	53.163
37.6625	-6.2125	53.122
37.6625	-6.1875	53.089
37.6625	-6.1625	53.06
37.6625	-6.1375	53.041
37.6625	-6.1125	52.998
37.6625	-6.0875	52.981
37.6625	-6.0625	52.948
37.6625	-6.0375	52.902
37.6625	-6.0125	52.884
37.6625	-5.9875	52.833
37.6875	-10.0125	49.838
37.6875	-9.9875	49.878
37.6875	-9.9625	49.922
37.6875	-9.9375	49.973
37.6875	-9.9125	50.024
37.6875	-9.8875	50.072
37.6875	-9.8625	50.112
37.6875	-9.8375	50.15
37.6875	-9.8125	50.183
37.6875	-9.7875	50.212
37.6875	-9.7625	50.242
37.6875	-9.7375	50.282
37.6875	-9.7125	50.337
37.6875	-9.6875	50.407
37.6875	-9.6625	50.479
37.6875	-9.6375	50.553
37.6875	-9.6125	50.632
37.6875	-9.5875	50.725
37.6875	-9.5625	50.827
37.6875	-9.5375	50.929
37.6875	-9.5125	51.028
37.6875	-9.4875	51.129
37.6875	-9.4625	51.222
37.6875	-9.4375	51.306
37.6875	-9.4125	51.384
37.6875	-9.3875	51.467
37.6875	-9.3625	51.556
37.6875	-9.3375	51.647
37.6875	-9.3125	51.74
37.6875	-9.2875	51.833
37.6875	-9.2625	51.927
37.6875	-9.2375	52.021
37.6875	-9.2125	52.114
37.6875	-9.1875	52.207
37.6875	-9.1625	52.297
37.6875	-9.1375	52.385
37.6875	-9.1125	52.471
37.6875	-9.0875	52.555
37.6875	-9.0625	52.625
37.6875	-9.0375	52.702
37.6875	-9.0125	52.775
37.6875	-8.9875	52.836
37.6875	-8.9625	52.905
37.6875	-8.9375	52.961
37.6875	-8.9125	53.015
37.6875	-8.8875	53.07
37.6875	-8.8625	53.123
37.6875	-8.8375	53.176
37.6875	-8.8125	53.23
37.6875	-8.7875	53.296
37.6875	-8.7625	53.368
37.6875	-8.7375	53.452
37.6875	-8.7125	53.543
37.6875	-8.6875	53.623
37.6875	-8.6625	53.684
37.6875	-8.6375	53.732
37.6875	-8.6125	53.782
37.6875	-8.5875	53.832
37.6875	-8.5625	53.888
37.6875	-8.5375	53.938
37.6875	-8.5125	53.98
37.6875	-8.4875	54.022
37.6875	-8.4625	54.046
37.6875	-8.4375	54.079
37.6875	-8.4125	54.099
37.6875	-8.3875	54.135
37.6875	-8.3625	54.174
37.6875	-8.3375	54.206
37.6875	-8.3125	54.24
37.6875	-8.2875	54.283
37.6875	-8.2625	54.331
37.6875	-8.2375	54.381
37.6875	-8.2125	54.436
37.6875	-8.1875	54.481
37.6875	-8.1625	54.499
37.6875	-8.1375	54.455
37.6875	-8.1125	54.395
37.6875	-8.0875	54.344
37.6875	-8.0625	54.374
37.6875	-8.0375	54.435
37.6875	-8.0125	54.505
37.6875	-7.9875	54.547
37.6875	-7.9625	54.586
37.6875	-7.9375	54.626
37.6875	-7.9125	54.667
37.6875	-7.8875	54.706
37.6875	-7.8625	54.742
37.6875	-7.8375	54.775
37.6875	-7.8125	54.791
37.6875	-7.7875	54.803
37.6875	-7.7625	54.794
37.6875	-7.7375	54.762
37.6875	-7.7125	54.732
37.6875	-7.6875	54.685
37.6875	-7.6625	54.661
37.6875	-7.6375	54.676
37.6875	-7.6125	54.702
37.6875	-7.5875	54.693
37.6875	-7.5625	54.671
37.6875	-7.5375	54.611
37.6875	-7.5125	54.55
37.6875	-7.4875	54.531
37.6875	-7.4625	54.542
37.6875	-7.4375	54.544
37.6875	-7.4125	54.561
37.6875	-7.3875	54.569
37.6875	-7.3625	54.539
37.6875	-7.3375	54.536
37.6875	-7.3125	54.526
37.6875	-7.2875	54.523
37.6875	-7.2625	54.514
37.6875	-7.2375	54.519
37.6875	-7.2125	54.509
37.6875	-7.1875	54.503
37.6875	-7.1625	54.5
37.6875	-7.1375	54.485
37.6875	-7.1125	54.473
37.6875	-7.0875	54.46
37.6875	-7.0625	54.442
37.6875	-7.0375	54.416
37.6875	-7.0125	54.391
37.6875	-6.9875	54.37
37.6875	-6.9625	54.353
37.6875	-6.9375	54.329
37.6875	-6.9125	54.308
37.6875	-6.8875	54.296
37.6875	-6.8625	54.278
37.6875	-6.8375	54.24
37.6875	-6.8125	54.205
37.6875	-6.7875	54.185
37.6875	-6.7625	54.184
37.6875	-6.7375	54.17
37.6875	-6.7125	54.152
37.6875	-6.6875	54.131
37.6875	-6.6625	54.115
37.6875	-6.6375	54.082
37.6875	-6.6125	54.024
37.6875	-6.5875	53.975
37.6875	-6.5625	53.916
37.6875	-6.5375	53.865
37.6875	-6.5125	53.802
37.6875	-6.4875	53.755
37.6875	-6.4625	53.702
37.6875	-6.4375	53.662
37.6875	-6.4125	53.613
37.6875	-6.3875	53.562
37.6875	-6.3625	53.518
37.6875	-6.3375	53.489
37.6875	-6.3125	53.446
37.6875	-6.2875	53.424
37.6875	-6.2625	53.394
37.6875	-6.2375	53.354
37.6875	-6.2125	53.322
37.6875	-6.1875	53.297
37.6875	-6.1625	53.273
37.6875	-6.1375	53.246
37.6875	-6.1125	53.227
37.6875	-6.0875	53.215
37.6875	-6.0625	53.18
37.6875	-6.0375	53.15
37.6875	-6.0125	53.11
37.6875	-5.9875	53.047
37.7125	-10.0125	49.86
37.7125	-9.9875	49.903
37.7125	-9.9625	49.952
37.7125	-9.9375	50.006
37.7125	-9.9125	50.062
37.7125	-9.8875	50.115
37.7125	-9.8625	50.162
37.7125	-9.8375	50.207
37.7125	-9.8125	50.247
37.7125	-9.7875	50.282
37.7125	-9.7625	50.314
37.7125	-9.7375	50.353
37.7125	-9.7125	50.403
37.7125	-9.6875	50.466
37.7125	-9.6625	50.534
37.7125	-9.6375	50.606
37.7125	-9.6125	50.688
37.7125	-9.5875	50.783
37.7125	-9.5625	50.885
37.7125	-9.5375	50.987
37.7125	-9.5125	51.089
37.7125	-9.4875	51.193
37.7125	-9.4625	51.282
37.7125	-9.4375	51.355
37.7125	-9.4125	51.424
37.7125	-9.3875	51.511
37.7125	-9.3625	51.603
37.7125	-9.3375	51.693
37.7125	-9.3125	51.783
37.7125	-9.2875	51.874
37.7125	-9.2625	51.965
37.7125	-9.2375	52.056
37.7125	-9.2125	52.144
37.7125	-9.1875	52.231
37.7125	-9.1625	52.319
37.7125	-9.1375	52.403
37.7125	-9.1125	52.489
37.7125	-9.0875	52.572
37.7125	-9.0625	52.641
37.7125	-9.0375	52.716
37.7125	-9.0125	52.785
37.7125	-8.9875	52.844
37.7125	-8.9625	52.91
37.7125	-8.9375	52.962
37.7125	-8.9125	53.013
37.7125	-8.8875	53.065
37.7125	-8.8625	53.114
37.7125	-8.8375	53.165
37.7125	-8.8125	53.215
37.7125	-8.7875	53.288
37.7125	-8.7625	53.362
37.7125	-8.7375	53.45
37.7125	-8.7125	53.546
37.7125	-8.6875	53.638
37.7125	-8.6625	53.694
37.7125	-8.6375	53.732
37.7125	-8.6125	53.78
37.7125	-8.5875	53.836
37.7125	-8.5625	53.885
37.7125	-8.5375	53.925
37.7125	-8.5125	53.951
37.7125	-8.4875	53.979
37.7125	-8.4625	54.015
37.7125	-8.4375	54.042
37.7125	-8.4125	54.073
37.7125	-8.3875	54.104
37.7125	-8.3625	54.137
37.7125	-8.3375	54.183
37.7125	-8.3125	54.225
37.7125	-8.2875	54.27
37.7125	-8.2625	54.331
37.7125	-8.2375	54.406
37.7125	-8.2125	54.494
37.7125	-8.1875	54.557
37.7125	-8.1625	54.584
37.7125	-8.1375	54.55
37.7125	-8.1125	54.471
37.7125	-8.0875	54.397
37.7125	-8.0625	54.388
37.7125	-8.0375	54.439
37.7125	-8.0125	54.487
37.7125	-7.9875	54.528
37.7125	-7.9625	54.574
37.7125	-7.9375	54.613
37.7125	-7.9125	54.649
37.7125	-7.8875	54.693
37.7125	-7.8625	54.723
37.7125	-7.8375	54.763
37.7125	-7.8125	54.783
37.7125	-7.7875	54.808
37.7125	-7.7625	54.815
37.7125	-7.7375	54.792
37.7125	-7.7125	54.754
37.7125	-7.6875	54.726
37.7125	-7.6625	54.709
37.7125	-7.6375	54.701
37.7125	-7.6125	54.717
37.7125	-7.5875	54.724
37.7125	-7.5625	54.721
37.7125	-7.5375	54.686
37.7125	-7.5125	54.667
37.7125	-7.4875	54.664
37.7125	-7.4625	54.682
37.7125	-7.4375	54.672
37.7125	-7.4125	54.67
37.7125	-7.3875	54.66
37.7125	-7.3625	54.646
37.7125	-7.3375	54.623
37.7125	-7.3125	54.62
37.7125	-7.2875	54.611
37.7125	-7.2625	54.607
37.7125	-7.2375	54.61
37.7125	-7.2125	54.604
37.7125	-7.1875	54.602
37.7125	-7.1625	54.597
37.7125	-7.1375	54.589
37.7125	-7.1125	54.567
37.7125	-7.0875	54.559
37.7125	-7.0625	54.54
37.7125	-7.0375	54.512
37.7125	-7.0125	54.491
37.7125	-6.9875	54.472
37.7125	-6.9625	54.463
37.7125	-6.9375	54.444
37.7125	-6.9125	54.424
37.7125	-6.8875	54.397
37.7125	-6.8625	54.386
37.7125	-6.8375	54.359
37.7125	-6.8125	54.322
37.7125	-6.7875	54.292
37.7125	-6.7625	54.28
37.7125	-6.7375	54.269
37.7125	-6.7125	54.25
37.7125	-6.6875	54.239
37.7125	-6.6625	54.221
37.7125	-6.6375	54.193
37.7125	-6.6125	54.153
37.7125	-6.5875	54.106
37.7125	-6.5625	54.041
37.7125	-6.5375	53.983
37.7125	-6.5125	53.931
37.7125	-6.4875	53.889
37.7125	-6.4625	53.858
37.7125	-6.4375	53.799
37.7125	-6.4125	53.76
37.7125	-6.3875	53.718
37.7125	-6.3625	53.683
37.7125	-6.3375	53.627
37.7125	-6.3125	53.604
37.7125	-6.2875	53.589
37.7125	-6.2625	53.583
37.7125	-6.2375	53.553
37.7125	-6.2125	53.515
37.7125	-6.1875	53.502
37.7125	-6.1625	53.477
37.7125	-6.1375	53.447
37.7125	-6.1125	53.427
37.7125	-6.0875	53.408
37.7125	-6.0625	53.381
37.7125	-6.0375	53.341
37.7125	-6.0125	53.302
37.7125	-5.9875	53.243
37.7375	-10.0125	49.878
37.7375	-9.9875	49.927
37.7375	-9.9625	49.979
37.7375	-9.9375	50.033
37.7375	-9.9125	50.091
37.7375	-9.8875	50.147
37.7375	-9.8625	50.2
37.7375	-9.8375	50.247
37.7375	-9.8125	50.289
37.7375	-9.7875	50.325
37.7375	-9.7625	50.361
37.7375	-9.7375	50.403
37.7375	-9.7125	50.453
37.7375	-9.6875	50.511
37.7375	-9.6625	50.574
37.7375	-9.6375	50.645
37.7375	-9.6125	50.727
37.7375	-9.5875	50.819
37.7375	-9.5625	50.916
37.7375	-9.5375	51.014
37.7375	-9.5125	51.117
37.7375	-9.4875	51.222
37.7375	-9.4625	51.305
37.7375	-9.4375	51.371
37.7375	-9.4125	51.451
37.7375	-9.3875	51.548
37.7375	-9.3625	51.643
37.7375	-9.3375	51.734
37.7375	-9.3125	51.825
37.7375	-9.2875	51.914
37.7375	-9.2625	52.002
37.7375	-9.2375	52.089
37.7375	-9.2125	52.174
37.7375	-9.1875	52.258
37.7375	-9.1625	52.341
37.7375	-9.1375	52.424
37.7375	-9.1125	52.508
37.7375	-9.0875	52.592
37.7375	-9.0625	52.669
37.7375	-9.0375	52.731
37.7375	-9.0125	52.799
37.7375	-8.9875	52.866
37.7375	-8.9625	52.919
37.7375	-8.9375	52.966
37.7375	-8.9125	53.024
37.7375	-8.8875	53.071
37.7375	-8.8625	53.119
37.7375	-8.8375	53.167
37.7375	-8.8125	53.227
37.7375	-8.7875	53.302
37.7375	-8.7625	53.374
37.7375	-8.7375	53.464
37.7375	-8.7125	53.549
37.7375	-8.6875	53.636
37.7375	-8.6625	53.683
37.7375	-8.6375	53.734
37.7375	-8.6125	53.794
37.7375	-8.5875	53.85
37.7375	-8.5625	53.908
37.7375	-8.5375	53.933
37.7375	-8.5125	53.934
37.7375	-8.4875	53.947
37.7375	-8.4625	53.967
37.7375	-8.4375	54
37.7375	-8.4125	54.046
37.7375	-8.3875	54.084
37.7375	-8.3625	54.127
37.7375	-8.3375	54.164
37.7375	-8.3125	54.218
37.7375	-8.2875	54.273
37.7375	-8.2625	54.352
37.7375	-8.2375	54.427
37.7375	-8.2125	54.522
37.7375	-8.1875	54.604
37.7375	-8.1625	54.66
37.7375	-8.1375	54.645
37.7375	-8.1125	54.566
37.7375	-8.0875	54.502
37.7375	-8.0625	54.468
37.7375	-8.0375	54.482
37.7375	-8.0125	54.508
37.7375	-7.9875	54.534
37.7375	-7.9625	54.571
37.7375	-7.9375	54.611
37.7375	-7.9125	54.645
37.7375	-7.8875	54.681
37.7375	-7.8625	54.714
37.7375	-7.8375	54.748
37.7375	-7.8125	54.774
37.7375	-7.7875	54.798
37.7375	-7.7625	54.8
37.7375	-7.7375	54.793
37.7375	-7.7125	54.783
37.7375	-7.6875	54.76
37.7375	-7.6625	54.748
37.7375	-7.6375	54.74
37.7375	-7.6125	54.753
37.7375	-7.5875	54.764
37.7375	-7.5625	54.773
37.7375	-7.5375	54.773
37.7375	-7.5125	54.764
37.7375	-7.4875	54.763
37.7375	-7.4625	54.771
37.7375	-7.4375	54.775
37.7375	-7.4125	54.758
37.7375	-7.3875	54.751
37.7375	-7.3625	54.737
37.7375	-7.3375	54.726
37.7375	-7.3125	54.72
37.7375	-7.2875	54.704
37.7375	-7.2625	54.703
37.7375	-7.2375	54.702
37.7375	-7.2125	54.708
37.7375	-7.1875	54.702
37.7375	-7.1625	54.695
37.7375	-7.1375	54.685
37.7375	-7.1125	54.671
37.7375	-7.0875	54.656
37.7375	-7.0625	54.649
37.7375	-7.0375	54.624
37.7375	-7.0125	54.598
37.7375	-6.9875	54.58
37.7375	-6.9625	54.563
37.7375	-6.9375	54.555
37.7375	-6.9125	54.541
37.7375	-6.8875	54.518
37.7375	-6.8625	54.504
37.7375	-6.8375	54.467
37.7375	-6.8125	54.432
37.7375	-6.7875	54.407
37.7375	-6.7625	54.377
37.7375	-6.7375	54.373
37.7375	-6.7125	54.361
37.7375	-6.6875	54.346
37.7375	-6.6625	54.339
37.7375	-6.6375	54.322
37.7375	-6.6125	54.287
37.7375	-6.5875	54.24
37.7375	-6.5625	54.192
37.7375	-6.5375	54.129
37.7375	-6.5125	54.072
37.7375	-6.4875	54.038
37.7375	-6.4625	53.996
37.7375	-6.4375	53.942
37.7375	-6.4125	53.905
37.7375	-6.3875	53.868
37.7375	-6.3625	53.819
37.7375	-6.3375	53.776
37.7375	-6.3125	53.753
37.7375	-6.2875	53.736
37.7375	-6.2625	53.713
37.7375	-6.2375	53.693
37.7375	-6.2125	53.69
37.7375	-6.1875	53.674
37.7375	-6.1625	53.645
37.7375	-6.1375	53.621
37.7375	-6.1125	53.603
37.7375	-6.0875	53.573
37.7375	-6.0625	53.555
37.7375	-6.0375	53.515
37.7375	-6.0125	53.473
37.7375	-5.9875	53.409
37.7625	-10.0125	49.891
37.7625	-9.9875	49.946
37.7625	-9.9625	49.998
37.7625	-9.9375	50.053
37.7625	-9.9125	50.112
37.7625	-9.8875	50.171
37.7625	-9.8625	50.225
37.7625	-9.8375	50.272
37.7625	-9.8125	50.311
37.7625	-9.7875	50.349
37.7625	-9.7625	50.386
37.7625	-9.7375	50.432
37.7625	-9.7125	50.485
37.7625	-9.6875	50.542
37.7625	-9.6625	50.604
37.7625	-9.6375	50.673
37.7625	-9.6125	50.752
37.7625	-9.5875	50.839
37.7625	-9.5625	50.93
37.7625	-9.5375	51.023
37.7625	-9.5125	51.12
37.7625	-9.4875	51.221
37.7625	-9.4625	51.305
37.7625	-9.4375	51.386
37.7625	-9.4125	51.475
37.7625	-9.3875	51.576
37.7625	-9.3625	51.675
37.7625	-9.3375	51.77
37.7625	-9.3125	51.862
37.7625	-9.2875	51.95
37.7625	-9.2625	52.037
37.7625	-9.2375	52.121
37.7625	-9.2125	52.204
37.7625	-9.1875	52.285
37.7625	-9.1625	52.366
37.7625	-9.1375	52.449
37.7625	-9.1125	52.533
37.7625	-9.0875	52.614
37.7625	-9.0625	52.689
37.7625	-9.0375	52.749
37.7625	-9.0125	52.815
37.7625	-8.9875	52.88
37.7625	-8.9625	52.939
37.7625	-8.9375	52.985
37.7625	-8.9125	53.039
37.7625	-8.8875	53.084
37.7625	-8.8625	53.139
37.7625	-8.8375	53.188
37.7625	-8.8125	53.246
37.7625	-8.7875	53.325
37.7625	-8.7625	53.41
37.7625	-8.7375	53.483
37.7625	-8.7125	53.56
37.7625	-8.6875	53.618
37.7625	-8.6625	53.662
37.7625	-8.6375	53.729
37.7625	-8.6125	53.812
37.7625	-8.5875	53.873
37.7625	-8.5625	53.905
37.7625	-8.5375	53.928
37.7625	-8.5125	53.925
37.7625	-8.4875	53.927
37.7625	-8.4625	53.942
37.7625	-8.4375	53.982
37.7625	-8.4125	54.024
37.7625	-8.3875	54.073
37.7625	-8.3625	54.122
37.7625	-8.3375	54.175
37.7625	-8.3125	54.225
37.7625	-8.2875	54.286
37.7625	-8.2625	54.353
37.7625	-8.2375	54.439
37.7625	-8.2125	54.521
37.7625	-8.1875	54.6
37.7625	-8.1625	54.651
37.7625	-8.1375	54.646
37.7625	-8.1125	54.608
37.7625	-8.0875	54.567
37.7625	-8.0625	54.537
37.7625	-8.0375	54.534
37.7625	-8.0125	54.544
37.7625	-7.9875	54.558
37.7625	-7.9625	54.585
37.7625	-7.9375	54.611
37.7625	-7.9125	54.647
37.7625	-7.8875	54.674
37.7625	-7.8625	54.698
37.7625	-7.8375	54.734
37.7625	-7.8125	54.763
37.7625	-7.7875	54.779
37.7625	-7.7625	54.791
37.7625	-7.7375	54.784
37.7625	-7.7125	54.791
37.7625	-7.6875	54.783
37.7625	-7.6625	54.773
37.7625	-7.6375	54.782
37.7625	-7.6125	54.808
37.7625	-7.5875	54.827
37.7625	-7.5625	54.833
37.7625	-7.5375	54.839
37.7625	-7.5125	54.847
37.7625	-7.4875	54.841
37.7625	-7.4625	54.846
37.7625	-7.4375	54.836
37.7625	-7.4125	54.82
37.7625	-7.3875	54.814
37.7625	-7.3625	54.818
37.7625	-7.3375	54.817
37.7625	-7.3125	54.808
37.7625	-7.2875	54.797
37.7625	-7.2625	54.793
37.7625	-7.2375	54.791
37.7625	-7.2125	54.789
37.7625	-7.1875	54.788
37.7625	-7.1625	54.784
37.7625	-7.1375	54.766
37.7625	-7.1125	54.76
37.7625	-7.0875	54.759
37.7625	-7.0625	54.749
37.7625	-7.0375	54.727
37.7625	-7.0125	54.704
37.7625	-6.9875	54.688
37.7625	-6.9625	54.671
37.7625	-6.9375	54.66
37.7625	-6.9125	54.649
37.7625	-6.8875	54.628
37.7625	-6.8625	54.608
37.7625	-6.8375	54.584
37.7625	-6.8125	54.542
37.7625	-6.7875	54.523
37.7625	-6.7625	54.499
37.7625	-6.7375	54.485
37.7625	-6.7125	54.486
37.7625	-6.6875	54.471
37.7625	-6.6625	54.467
37.7625	-6.6375	54.457
37.7625	-6.6125	54.443
37.7625	-6.5875	54.408
37.7625	-6.5625	54.355
37.7625	-6.5375	54.303
37.7625	-6.5125	54.244
37.7625	-6.4875	54.197
37.7625	-6.4625	54.139
37.7625	-6.4375	54.092
37.7625	-6.4125	54.048
37.7625	-6.3875	54.014
37.7625	-6.3625	53.976
37.7625	-6.3375	53.941
37.7625	-6.3125	53.904
37.7625	-6.2875	53.87
37.7625	-6.2625	53.846
37.7625	-6.2375	53.834
37.7625	-6.2125	53.84
37.7625	-6.1875	53.828
37.7625	-6.1625	53.809
37.7625	-6.1375	53.782
37.7625	-6.1125	53.762
37.7625	-6.0875	53.754
37.7625	-6.0625	53.725
37.7625	-6.0375	53.686
37.7625	-6.0125	53.629
37.7625	-5.9875	53.556
37.7875	-10.0125	49.894
37.7875	-9.9875	49.952
37.7875	-9.9625	50.011
37.7875	-9.9375	50.069
37.7875	-9.9125	50.127
37.7875	-9.8875	50.182
37.7875	-9.8625	50.236
37.7875	-9.8375	50.28
37.7875	-9.8125	50.319
37.7875	-9.7875	50.357
37.7875	-9.7625	50.397
37.7875	-9.7375	50.447
37.7875	-9.7125	50.503
37.7875	-9.6875	50.562
37.7875	-9.6625	50.623
37.7875	-9.6375	50.69
37.7875	-9.6125	50.765
37.7875	-9.5875	50.847
37.7875	-9.5625	50.934
37.7875	-9.5375	51.025
37.7875	-9.5125	51.121
37.7875	-9.4875	51.219
37.7875	-9.4625	51.313
37.7875	-9.4375	51.402
37.7875	-9.4125	51.495
37.7875	-9.3875	51.591
37.7875	-9.3625	51.691
37.7875	-9.3375	51.792
37.7875	-9.3125	51.888
37.7875	-9.2875	51.979
37.7875	-9.2625	52.065
37.7875	-9.2375	52.15
37.7875	-9.2125	52.232
37.7875	-9.1875	52.313
37.7875	-9.1625	52.395
37.7875	-9.1375	52.476
37.7875	-9.1125	52.559
37.7875	-9.0875	52.638
37.7875	-9.0625	52.711
37.7875	-9.0375	52.779
37.7875	-9.0125	52.842
37.7875	-8.9875	52.894
37.7875	-8.9625	52.953
37.7875	-8.9375	53.008
37.7875	-8.9125	53.058
37.7875	-8.8875	53.113
37.7875	-8.8625	53.168
37.7875	-8.8375	53.226
37.7875	-8.8125	53.295
37.7875	-8.7875	53.375
37.7875	-8.7625	53.462
37.7875	-8.7375	53.531
37.7875	-8.7125	53.582
37.7875	-8.6875	53.588
37.7875	-8.6625	53.642
37.7875	-8.6375	53.726
37.7875	-8.6125	53.83
37.7875	-8.5875	53.888
37.7875	-8.5625	53.914
37.7875	-8.5375	53.929
37.7875	-8.5125	53.927
37.7875	-8.4875	53.932
37.7875	-8.4625	53.957
37.7875	-8.4375	53.984
37.7875	-8.4125	54.038
37.7875	-8.3875	54.09
37.7875	-8.3625	54.131
37.7875	-8.3375	54.189
37.7875	-8.3125	54.25
37.7875	-8.2875	54.3
37.7875	-8.2625	54.37
37.7875	-8.2375	54.441
37.7875	-8.2125	54.514
37.7875	-8.1875	54.565
37.7875	-8.1625	54.602
37.7875	-8.1375	54.609
37.7875	-8.1125	54.591
37.7875	-8.0875	54.574
37.7875	-8.0625	54.556
37.7875	-8.0375	54.548
37.7875	-8.0125	54.552
37.7875	-7.9875	54.566
37.7875	-7.9625	54.593
37.7875	-7.9375	54.61
37.7875	-7.9125	54.639
37.7875	-7.8875	54.671
37.7875	-7.8625	54.699
37.7875	-7.8375	54.727
37.7875	-7.8125	54.76
37.7875	-7.7875	54.779
37.7875	-7.7625	54.783
37.7875	-7.7375	54.787
37.7875	-7.7125	54.793
37.7875	-7.6875	54.798
37.7875	-7.6625	54.805
37.7875	-7.6375	54.81
37.7875	-7.6125	54.842
37.7875	-7.5875	54.871
37.7875	-7.5625	54.891
37.7875	-7.5375	54.898
37.7875	-7.5125	54.904
37.7875	-7.4875	54.894
37.7875	-7.4625	54.895
37.7875	-7.4375	54.897
37.7875	-7.4125	54.89
37.7875	-7.3875	54.89
37.7875	-7.3625	54.884
37.7875	-7.3375	54.889
37.7875	-7.3125	54.891
37.7875	-7.2875	54.888
37.7875	-7.2625	54.885
37.7875	-7.2375	54.875
37.7875	-7.2125	54.873
37.7875	-7.1875	54.869
37.7875	-7.1625	54.861
37.7875	-7.1375	54.856
37.7875	-7.1125	54.842
37.7875	-7.0875	54.841
37.7875	-7.0625	54.835
37.7875	-7.0375	54.821
37.7875	-7.0125	54.803
37.7875	-6.9875	54.781
37.7875	-6.9625	54.775
37.7875	-6.9375	54.758
37.7875	-6.9125	54.748
37.7875	-6.8875	54.736
37.7875	-6.8625	54.713
37.7875	-6.8375	54.689
37.7875	-6.8125	54.671
37.7875	-6.7875	54.651
37.7875	-6.7625	54.616
37.7875	-6.7375	54.612
37.7875	-6.7125	54.609
37.7875	-6.6875	54.602
37.7875	-6.6625	54.593
37.7875	-6.6375	54.579
37.7875	-6.6125	54.555
37.7875	-6.5875	54.527
37.7875	-6.5625	54.489
37.7875	-6.5375	54.435
37.7875	-6.5125	54.394
37.7875	-6.4875	54.35
37.7875	-6.4625	54.293
37.7875	-6.4375	54.235
37.7875	-6.4125	54.181
37.7875	-6.3875	54.137
37.7875	-6.3625	54.098
37.7875	-6.3375	54.063
37.7875	-6.3125	54.033
37.7875	-6.2875	53.998
37.7875	-6.2625	53.975
37.7875	-6.2375	53.978
37.7875	-6.2125	53.99
37.7875	-6.1875	53.981
37.7875	-6.1625	53.952
37.7875	-6.1375	53.921
37.7875	-6.1125	53.917
37.7875	-6.0875	53.902
37.7875	-6.0625	53.866
37.7875	-6.0375	53.814
37.7875	-6.0125	53.765
37.7875	-5.9875	53.678
37.8125	-10.0125	49.893
37.8125	-9.9875	49.955
37.8125	-9.9625	50.018
37.8125	-9.9375	50.077
37.8125	-9.9125	50.132
37.8125	-9.8875	50.185
37.8125	-9.8625	50.233
37.8125	-9.8375	50.278
37.8125	-9.8125	50.317
37.8125	-9.7875	50.359
37.8125	-9.7625	50.403
37.8125	-9.7375	50.455
37.8125	-9.7125	50.514
37.8125	-9.6875	50.574
37.8125	-9.6625	50.635
37.8125	-9.6375	50.699
37.8125	-9.6125	50.77
37.8125	-9.5875	50.849
37.8125	-9.5625	50.933
37.8125	-9.5375	51.026
37.8125	-9.5125	51.123
37.8125	-9.4875	51.221
37.8125	-9.4625	51.321
37.8125	-9.4375	51.416
37.8125	-9.4125	51.51
37.8125	-9.3875	51.607
37.8125	-9.3625	51.707
37.8125	-9.3375	51.806
37.8125	-9.3125	51.904
37.8125	-9.2875	51.996
37.8125	-9.2625	52.087
37.8125	-9.2375	52.173
37.8125	-9.2125	52.258
37.8125	-9.1875	52.34
37.8125	-9.1625	52.423
37.8125	-9.1375	52.505
37.8125	-9.1125	52.586
37.8125	-9.0875	52.665
37.8125	-9.0625	52.734
37.8125	-9.0375	52.8
37.8125	-9.0125	52.861
37.8125	-8.9875	52.92
37.8125	-8.9625	52.978
37.8125	-8.9375	53.035
37.8125	-8.9125	53.096
37.8125	-8.8875	53.145
37.8125	-8.8625	53.212
37.8125	-8.8375	53.281
37.8125	-8.8125	53.354
37.8125	-8.7875	53.44
37.8125	-8.7625	53.519
37.8125	-8.7375	53.58
37.8125	-8.7125	53.608
37.8125	-8.6875	53.611
37.8125	-8.6625	53.643
37.8125	-8.6375	53.73
37.8125	-8.6125	53.832
37.8125	-8.5875	53.885
37.8125	-8.5625	53.907
37.8125	-8.5375	53.927
37.8125	-8.5125	53.933
37.8125	-8.4875	53.951
37.8125	-8.4625	53.976
37.8125	-8.4375	54.015
37.8125	-8.4125	54.058
37.8125	-8.3875	54.111
37.8125	-8.3625	54.165
37.8125	-8.3375	54.214
37.8125	-8.3125	54.275
37.8125	-8.2875	54.329
37.8125	-8.2625	54.377
37.8125	-8.2375	54.427
37.8125	-8.2125	54.48
37.8125	-8.1875	54.516
37.8125	-8.1625	54.542
37.8125	-8.1375	54.558
37.8125	-8.1125	54.554
37.8125	-8.0875	54.551
37.8125	-8.0625	54.548
37.8125	-8.0375	54.553
37.8125	-8.0125	54.556
37.8125	-7.9875	54.571
37.8125	-7.9625	54.591
37.8125	-7.9375	54.611
37.8125	-7.9125	54.639
37.8125	-7.8875	54.67
37.8125	-7.8625	54.701
37.8125	-7.8375	54.729
37.8125	-7.8125	54.755
37.8125	-7.7875	54.784
37.8125	-7.7625	54.789
37.8125	-7.7375	54.795
37.8125	-7.7125	54.795
37.8125	-7.6875	54.815
37.8125	-7.6625	54.827
37.8125	-7.6375	54.846
37.8125	-7.6125	54.881
37.8125	-7.5875	54.91
37.8125	-7.5625	54.935
37.8125	-7.5375	54.948
37.8125	-7.5125	54.946
37.8125	-7.4875	54.946
37.8125	-7.4625	54.95
37.8125	-7.4375	54.943
37.8125	-7.4125	54.949
37.8125	-7.3875	54.96
37.8125	-7.3625	54.959
37.8125	-7.3375	54.957
37.8125	-7.3125	54.967
37.8125	-7.2875	54.969
37.8125	-7.2625	54.954
37.8125	-7.2375	54.942
37.8125	-7.2125	54.938
37.8125	-7.1875	54.928
37.8125	-7.1625	54.933
37.8125	-7.1375	54.943
37.8125	-7.1125	54.936
37.8125	-7.0875	54.932
37.8125	-7.0625	54.924
37.8125	-7.0375	54.905
37.8125	-7.0125	54.899
37.8125	-6.9875	54.894
37.8125	-6.9625	54.885
37.8125	-6.9375	54.883
37.8125	-6.9125	54.864
37.8125	-6.8875	54.853
37.8125	-6.8625	54.834
37.8125	-6.8375	54.813
37.8125	-6.8125	54.799
37.8125	-6.7875	54.789
37.8125	-6.7625	54.76
37.8125	-6.7375	54.741
37.8125	-6.7125	54.734
37.8125	-6.6875	54.727
37.8125	-6.6625	54.71
37.8125	-6.6375	54.696
37.8125	-6.6125	54.696
37.8125	-6.5875	54.659
37.8125	-6.5625	54.626
37.8125	-6.5375	54.58
37.8125	-6.5125	54.542
37.8125	-6.4875	54.494
37.8125	-6.4625	54.439
37.8125	-6.4375	54.395
37.8125	-6.4125	54.338
37.8125	-6.3875	54.295
37.8125	-6.3625	54.245
37.8125	-6.3375	54.208
37.8125	-6.3125	54.167
37.8125	-6.2875	54.137
37.8125	-6.2625	54.124
37.8125	-6.2375	54.118
37.8125	-6.2125	54.129
37.8125	-6.1875	54.116
37.8125	-6.1625	54.095
37.8125	-6.1375	54.075
37.8125	-6.1125	54.054
37.8125	-6.0875	54.034
37.8125	-6.0625	53.995
37.8125	-6.0375	53.946
37.8125	-6.0125	53.881
37.8125	-5.9875	53.801
37.8375	-10.0125	49.889
37.8375	-9.9875	49.953
37.8375	-9.9625	50.016
37.8375	-9.9375	50.074
37.8375	-9.9125	50.128
37.8375	-9.8875	50.178
37.8375	-9.8625	50.224
37.8375	-9.8375	50.269
37.8375	-9.8125	50.313
37.8375	-9.7875	50.358
37.8375	-9.7625	50.407
37.8375	-9.7375	50.462
37.8375	-9.7125	50.519
37.8375	-9.6875	50.578
37.8375	-9.6625	50.639
37.8375	-9.6375	50.702
37.8375	-9.6125	50.77
37.8375	-9.5875	50.846
37.8375	-9.5625	50.93
37.8375	-9.5375	51.022
37.8375	-9.5125	51.12
37.8375	-9.4875	51.222
37.8375	-9.4625	51.324
37.8375	-9.4375	51.424
37.8375	-9.4125	51.527
37.8375	-9.3875	51.627
37.8375	-9.3625	51.721
37.8375	-9.3375	51.813
37.8375	-9.3125	51.908
37.8375	-9.2875	52.004
37.8375	-9.2625	52.099
37.8375	-9.2375	52.192
37.8375	-9.2125	52.28
37.8375	-9.1875	52.366
37.8375	-9.1625	52.451
37.8375	-9.1375	52.535
37.8375	-9.1125	52.616
37.8375	-9.0875	52.692
37.8375	-9.0625	52.76
37.8375	-9.0375	52.822
37.8375	-9.0125	52.881
37.8375	-8.9875	52.948
37.8375	-8.9625	53.002
37.8375	-8.9375	53.056
37.8375	-8.9125	53.118
37.8375	-8.8875	53.186
37.8375	-8.8625	53.251
37.8375	-8.8375	53.334
37.8375	-8.8125	53.418
37.8375	-8.7875	53.504
37.8375	-8.7625	53.572
37.8375	-8.7375	53.629
37.8375	-8.7125	53.663
37.8375	-8.6875	53.673
37.8375	-8.6625	53.699
37.8375	-8.6375	53.76
37.8375	-8.6125	53.825
37.8375	-8.5875	53.87
37.8375	-8.5625	53.909
37.8375	-8.5375	53.936
37.8375	-8.5125	53.95
37.8375	-8.4875	53.974
37.8375	-8.4625	54.011
37.8375	-8.4375	54.051
37.8375	-8.4125	54.094
37.8375	-8.3875	54.149
37.8375	-8.3625	54.193
37.8375	-8.3375	54.241
37.8375	-8.3125	54.288
37.8375	-8.2875	54.325
37.8375	-8.2625	54.36
37.8375	-8.2375	54.409
37.8375	-8.2125	54.441
37.8375	-8.1875	54.472
37.8375	-8.1625	54.49
37.8375	-8.1375	54.508
37.8375	-8.1125	54.518
37.8375	-8.0875	54.529
37.8375	-8.0625	54.529
37.8375	-8.0375	54.533
37.8375	-8.0125	54.543
37.8375	-7.9875	54.559
37.8375	-7.9625	54.579
37.8375	-7.9375	54.612
37.8375	-7.9125	54.643
37.8375	-7.8875	54.674
37.8375	-7.8625	54.704
37.8375	-7.8375	54.736
37.8375	-7.8125	54.767
37.8375	-7.7875	54.79
37.8375	-7.7625	54.807
37.8375	-7.7375	54.819
37.8375	-7.7125	54.834
37.8375	-7.6875	54.845
37.8375	-7.6625	54.861
37.8375	-7.6375	54.886
37.8375	-7.6125	54.917
37.8375	-7.5875	54.953
37.8375	-7.5625	54.978
37.8375	-7.5375	54.981
37.8375	-7.5125	54.993
37.8375	-7.4875	54.992
37.8375	-7.4625	54.99
37.8375	-7.4375	54.993
37.8375	-7.4125	55.011
37.8375	-7.3875	55.012
37.8375	-7.3625	55.02
37.8375	-7.3375	55.016
37.8375	-7.3125	55.013
37.8375	-7.2875	55.015
37.8375	-7.2625	54.999
37.8375	-7.2375	54.989
37.8375	-7.2125	54.983
37.8375	-7.1875	54.981
37.8375	-7.1625	55.005
37.8375	-7.1375	55.02
37.8375	-7.1125	55.019
37.8375	-7.0875	55.028
37.8375	-7.0625	55.024
37.8375	-7.0375	55.016
37.8375	-7.0125	55.002
37.8375	-6.9875	55.013
37.8375	-6.9625	54.997
37.8375	-6.9375	54.995
37.8375	-6.9125	54.995
37.8375	-6.8875	54.986
37.8375	-6.8625	54.953
37.8375	-6.8375	54.944
37.8375	-6.8125	54.946
37.8375	-6.7875	54.944
37.8375	-6.7625	54.912
37.8375	-6.7375	54.9
37.8375	-6.7125	54.875
37.8375	-6.6875	54.866
37.8375	-6.6625	54.846
37.8375	-6.6375	54.833
37.8375	-6.6125	54.824
37.8375	-6.5875	54.804
37.8375	-6.5625	54.781
37.8375	-6.5375	54.752
37.8375	-6.5125	54.711
37.8375	-6.4875	54.663
37.8375	-6.4625	54.612
37.8375	-6.4375	54.566
37.8375	-6.4125	54.506
37.8375	-6.3875	54.45
37.8375	-6.3625	54.389
37.8375	-6.3375	54.342
37.8375	-6.3125	54.307
37.8375	-6.2875	54.284
37.8375	-6.2625	54.272
37.8375	-6.2375	54.279
37.8375	-6.2125	54.265
37.8375	-6.1875	54.244
37.8375	-6.1625	54.219
37.8375	-6.1375	54.197
37.8375	-6.1125	54.185
37.8375	-6.0875	54.158
37.8375	-6.0625	54.123
37.8375	-6.0375	54.085
37.8375	-6.0125	54.008
37.8375	-5.9875	53.93
37.8625	-10.0125	49.875
37.8625	-9.9875	49.942
37.8625	-9.9625	50.004
37.8625	-9.9375	50.064
37.8625	-9.9125	50.118
37.8625	-9.8875	50.166
37.8625	-9.8625	50.212
37.8625	-9.8375	50.257
37.8625	-9.8125	50.306
37.8625	-9.7875	50.354
37.8625	-9.7625	50.407
37.8625	-9.7375	50.463
37.8625	-9.7125	50.521
37.8625	-9.6875	50.579
37.8625	-9.6625	50.641
37.8625	-9.6375	50.703
37.8625	-9.6125	50.77
37.8625	-9.5875	50.845
37.8625	-9.5625	50.929
37.8625	-9.5375	51.02
37.8625	-9.5125	51.116
37.8625	-9.4875	51.219
37.8625	-9.4625	51.323
37.8625	-9.4375	51.426
37.8625	-9.4125	51.53
37.8625	-9.3875	51.629
37.8625	-9.3625	51.719
37.8625	-9.3375	51.811
37.8625	-9.3125	51.907
37.8625	-9.2875	52.006
37.8625	-9.2625	52.107
37.8625	-9.2375	52.204
37.8625	-9.2125	52.298
37.8625	-9.1875	52.388
37.8625	-9.1625	52.475
37.8625	-9.1375	52.56
37.8625	-9.1125	52.642
37.8625	-9.0875	52.716
37.8625	-9.0625	52.784
37.8625	-9.0375	52.845
37.8625	-9.0125	52.914
37.8625	-8.9875	52.971
37.8625	-8.9625	53.025
37.8625	-8.9375	53.088
37.8625	-8.9125	53.151
37.8625	-8.8875	53.218
37.8625	-8.8625	53.298
37.8625	-8.8375	53.378
37.8625	-8.8125	53.464
37.8625	-8.7875	53.553
37.8625	-8.7625	53.631
37.8625	-8.7375	53.69
37.8625	-8.7125	53.732
37.8625	-8.6875	53.742
37.8625	-8.6625	53.758
37.8625	-8.6375	53.795
37.8625	-8.6125	53.829
37.8625	-8.5875	53.869
37.8625	-8.5625	53.905
37.8625	-8.5375	53.94
37.8625	-8.5125	53.973
37.8625	-8.4875	54.007
37.8625	-8.4625	54.043
37.8625	-8.4375	54.09
37.8625	-8.4125	54.134
37.8625	-8.3875	54.187
37.8625	-8.3625	54.229
37.8625	-8.3375	54.264
37.8625	-8.3125	54.296
37.8625	-8.2875	54.329
37.8625	-8.2625	54.352
37.8625	-8.2375	54.373
37.8625	-8.2125	54.403
37.8625	-8.1875	54.432
37.8625	-8.1625	54.445
37.8625	-8.1375	54.465
37.8625	-8.1125	54.493
37.8625	-8.0875	54.506
37.8625	-8.0625	54.518
37.8625	-8.0375	54.528
37.8625	-8.0125	54.537
37.8625	-7.9875	54.558
37.8625	-7.9625	54.59
37.8625	-7.9375	54.625
37.8625	-7.9125	54.661
37.8625	-7.8875	54.697
37.8625	-7.8625	54.731
37.8625	-7.8375	54.762
37.8625	-7.8125	54.793
37.8625	-7.7875	54.809
37.8625	-7.7625	54.841
37.8625	-7.7375	54.866
37.8625	-7.7125	54.878
37.8625	-7.6875	54.891
37.8625	-7.6625	54.904
37.8625	-7.6375	54.932
37.8625	-7.6125	54.97
37.8625	-7.5875	54.992
37.8625	-7.5625	55.016
37.8625	-7.5375	55.016
37.8625	-7.5125	55.014
37.8625	-7.4875	55.011
37.8625	-7.4625	55.012
37.8625	-7.4375	55.021
37.8625	-7.4125	55.044
37.8625	-7.3875	55.061
37.8625	-7.3625	55.072
37.8625	-7.3375	55.067
37.8625	-7.3125	55.059
37.8625	-7.2875	55.048
37.8625	-7.2625	55.037
37.8625	-7.2375	55.031
37.8625	-7.2125	55.024
37.8625	-7.1875	55.019
37.8625	-7.1625	55.045
37.8625	-7.1375	55.067
37.8625	-7.1125	55.096
37.8625	-7.0875	55.102
37.8625	-7.0625	55.103
37.8625	-7.0375	55.105
37.8625	-7.0125	55.101
37.8625	-6.9875	55.105
37.8625	-6.9625	55.085
37.8625	-6.9375	55.086
37.8625	-6.9125	55.097
37.8625	-6.8875	55.09
37.8625	-6.8625	55.088
37.8625	-6.8375	55.073
37.8625	-6.8125	55.077
37.8625	-6.7875	55.08
37.8625	-6.7625	55.065
37.8625	-6.7375	55.047
37.8625	-6.7125	55.039
37.8625	-6.6875	55.02
37.8625	-6.6625	54.999
37.8625	-6.6375	54.982
37.8625	-6.6125	54.961
37.8625	-6.5875	54.954
37.8625	-6.5625	54.93
37.8625	-6.5375	54.903
37.8625	-6.5125	54.858
37.8625	-6.4875	54.797
37.8625	-6.4625	54.743
37.8625	-6.4375	54.691
37.8625	-6.4125	54.622
37.8625	-6.3875	54.556
37.8625	-6.3625	54.512
37.8625	-6.3375	54.483
37.8625	-6.3125	54.462
37.8625	-6.2875	54.457
37.8625	-6.2625	54.433
37.8625	-6.2375	54.415
37.8625	-6.2125	54.398
37.8625	-6.1875	54.364
37.8625	-6.1625	54.334
37.8625	-6.1375	54.319
37.8625	-6.1125	54.307
37.8625	-6.0875	54.29
37.8625	-6.0625	54.254
37.8625	-6.0375	54.201
37.8625	-6.0125	54.129
37.8625	-5.9875	54.071
37.8875	-10.0125	49.849
37.8875	-9.9875	49.92
37.8875	-9.9625	49.985
37.8875	-9.9375	50.045
37.8875	-9.9125	50.101
37.8875	-9.8875	50.15
37.8875	-9.8625	50.196
37.8875	-9.8375	50.244
37.8875	-9.8125	50.294
37.8875	-9.7875	50.347
37.8875	-9.7625	50.403
37.8875	-9.7375	50.461
37.8875	-9.7125	50.521
37.8875	-9.6875	50.582
37.8875	-9.6625	50.642
37.8875	-9.6375	50.706
37.8875	-9.6125	50.773
37.8875	-9.5875	50.847
37.8875	-9.5625	50.929
37.8875	-9.5375	51.018
37.8875	-9.5125	51.112
37.8875	-9.4875	51.213
37.8875	-9.4625	51.314
37.8875	-9.4375	51.416
37.8875	-9.4125	51.516
37.8875	-9.3875	51.615
37.8875	-9.3625	51.711
37.8875	-9.3375	51.807
37.8875	-9.3125	51.906
37.8875	-9.2875	52.008
37.8875	-9.2625	52.109
37.8875	-9.2375	52.21
37.8875	-9.2125	52.31
37.8875	-9.1875	52.404
37.8875	-9.1625	52.494
37.8875	-9.1375	52.58
37.8875	-9.1125	52.661
37.8875	-9.0875	52.736
37.8875	-9.0625	52.805
37.8875	-9.0375	52.867
37.8875	-9.0125	52.936
37.8875	-8.9875	52.994
37.8875	-8.9625	53.051
37.8875	-8.9375	53.116
37.8875	-8.9125	53.183
37.8875	-8.8875	53.251
37.8875	-8.8625	53.33
37.8875	-8.8375	53.412
37.8875	-8.8125	53.497
37.8875	-8.7875	53.586
37.8875	-8.7625	53.652
37.8875	-8.7375	53.719
37.8875	-8.7125	53.753
37.8875	-8.6875	53.777
37.8875	-8.6625	53.787
37.8875	-8.6375	53.812
37.8875	-8.6125	53.842
37.8875	-8.5875	53.878
37.8875	-8.5625	53.911
37.8875	-8.5375	53.944
37.8875	-8.5125	53.986
37.8875	-8.4875	54.029
37.8875	-8.4625	54.074
37.8875	-8.4375	54.131
37.8875	-8.4125	54.184
37.8875	-8.3875	54.225
37.8875	-8.3625	54.263
37.8875	-8.3375	54.293
37.8875	-8.3125	54.313
37.8875	-8.2875	54.332
37.8875	-8.2625	54.341
37.8875	-8.2375	54.362
37.8875	-8.2125	54.37
37.8875	-8.1875	54.406
37.8875	-8.1625	54.436
37.8875	-8.1375	54.458
37.8875	-8.1125	54.486
37.8875	-8.0875	54.514
37.8875	-8.0625	54.528
37.8875	-8.0375	54.543
37.8875	-8.0125	54.559
37.8875	-7.9875	54.584
37.8875	-7.9625	54.62
37.8875	-7.9375	54.66
37.8875	-7.9125	54.712
37.8875	-7.8875	54.747
37.8875	-7.8625	54.777
37.8875	-7.8375	54.807
37.8875	-7.8125	54.828
37.8875	-7.7875	54.849
37.8875	-7.7625	54.877
37.8875	-7.7375	54.901
37.8875	-7.7125	54.916
37.8875	-7.6875	54.928
37.8875	-7.6625	54.941
37.8875	-7.6375	54.974
37.8875	-7.6125	55.009
37.8875	-7.5875	55.026
37.8875	-7.5625	55.032
37.8875	-7.5375	55.03
37.8875	-7.5125	55.025
37.8875	-7.4875	55.022
37.8875	-7.4625	55.023
37.8875	-7.4375	55.046
37.8875	-7.4125	55.063
37.8875	-7.3875	55.095
37.8875	-7.3625	55.102
37.8875	-7.3375	55.105
37.8875	-7.3125	55.097
37.8875	-7.2875	55.078
37.8875	-7.2625	55.071
37.8875	-7.2375	55.064
37.8875	-7.2125	55.054
37.8875	-7.1875	55.065
37.8875	-7.1625	55.084
37.8875	-7.1375	55.115
37.8875	-7.1125	55.13
37.8875	-7.0875	55.144
37.8875	-7.0625	55.15
37.8875	-7.0375	55.164
37.8875	-7.0125	55.165
37.8875	-6.9875	55.167
37.8875	-6.9625	55.178
37.8875	-6.9375	55.183
37.8875	-6.9125	55.178
37.8875	-6.8875	55.174
37.8875	-6.8625	55.167
37.8875	-6.8375	55.184
37.8875	-6.8125	55.196
37.8875	-6.7875	55.195
37.8875	-6.7625	55.189
37.8875	-6.7375	55.175
37.8875	-6.7125	55.174
37.8875	-6.6875	55.172
37.8875	-6.6625	55.139
37.8875	-6.6375	55.115
37.8875	-6.6125	55.099
37.8875	-6.5875	55.089
37.8875	-6.5625	55.048
37.8875	-6.5375	55.013
37.8875	-6.5125	54.96
37.8875	-6.4875	54.89
37.8875	-6.4625	54.829
37.8875	-6.4375	54.766
37.8875	-6.4125	54.717
37.8875	-6.3875	54.691
37.8875	-6.3625	54.653
37.8875	-6.3375	54.617
37.8875	-6.3125	54.609
37.8875	-6.2875	54.593
37.8875	-6.2625	54.574
37.8875	-6.2375	54.552
37.8875	-6.2125	54.526
37.8875	-6.1875	54.491
37.8875	-6.1625	54.467
37.8875	-6.1375	54.437
37.8875	-6.1125	54.408
37.8875	-6.0875	54.394
37.8875	-6.0625	54.363
37.8875	-6.0375	54.312
37.8875	-6.0125	54.248
37.8875	-5.9875	54.189
37.9125	-10.0125	49.805
37.9125	-9.9875	49.883
37.9125	-9.9625	49.953
37.9125	-9.9375	50.015
37.9125	-9.9125	50.073
37.9125	-9.8875	50.125
37.9125	-9.8625	50.175
37.9125	-9.8375	50.224
37.9125	-9.8125	50.277
37.9125	-9.7875	50.334
37.9125	-9.7625	50.394
37.9125	-9.7375	50.457
37.9125	-9.7125	50.521
37.9125	-9.6875	50.584
37.9125	-9.6625	50.647
37.9125	-9.6375	50.71
37.9125	-9.6125	50.777
37.9125	-9.5875	50.85
37.9125	-9.5625	50.929
37.9125	-9.5375	51.013
37.9125	-9.5125	51.105
37.9125	-9.4875	51.202
37.9125	-9.4625	51.301
37.9125	-9.4375	51.402
37.9125	-9.4125	51.5
37.9125	-9.3875	51.6
37.9125	-9.3625	51.699
37.9125	-9.3375	51.801
37.9125	-9.3125	51.902
37.9125	-9.2875	52.004
37.9125	-9.2625	52.108
37.9125	-9.2375	52.212
37.9125	-9.2125	52.315
37.9125	-9.1875	52.411
37.9125	-9.1625	52.502
37.9125	-9.1375	52.59
37.9125	-9.1125	52.673
37.9125	-9.0875	52.749
37.9125	-9.0625	52.819
37.9125	-9.0375	52.892
37.9125	-9.0125	52.954
37.9125	-8.9875	53.015
37.9125	-8.9625	53.074
37.9125	-8.9375	53.145
37.9125	-8.9125	53.215
37.9125	-8.8875	53.288
37.9125	-8.8625	53.36
37.9125	-8.8375	53.433
37.9125	-8.8125	53.517
37.9125	-8.7875	53.602
37.9125	-8.7625	53.668
37.9125	-8.7375	53.717
37.9125	-8.7125	53.757
37.9125	-8.6875	53.781
37.9125	-8.6625	53.796
37.9125	-8.6375	53.824
37.9125	-8.6125	53.848
37.9125	-8.5875	53.875
37.9125	-8.5625	53.908
37.9125	-8.5375	53.953
37.9125	-8.5125	54.004
37.9125	-8.4875	54.054
37.9125	-8.4625	54.11
37.9125	-8.4375	54.167
37.9125	-8.4125	54.212
37.9125	-8.3875	54.254
37.9125	-8.3625	54.289
37.9125	-8.3375	54.314
37.9125	-8.3125	54.328
37.9125	-8.2875	54.324
37.9125	-8.2625	54.335
37.9125	-8.2375	54.349
37.9125	-8.2125	54.362
37.9125	-8.1875	54.395
37.9125	-8.1625	54.426
37.9125	-8.1375	54.467
37.9125	-8.1125	54.505
37.9125	-8.0875	54.533
37.9125	-8.0625	54.555
37.9125	-8.0375	54.576
37.9125	-8.0125	54.607
37.9125	-7.9875	54.636
37.9125	-7.9625	54.672
37.9125	-7.9375	54.718
37.9125	-7.9125	54.772
37.9125	-7.8875	54.811
37.9125	-7.8625	54.832
37.9125	-7.8375	54.857
37.9125	-7.8125	54.879
37.9125	-7.7875	54.9
37.9125	-7.7625	54.918
37.9125	-7.7375	54.937
37.9125	-7.7125	54.951
37.9125	-7.6875	54.954
37.9125	-7.6625	54.971
37.9125	-7.6375	55.001
37.9125	-7.6125	55.04
37.9125	-7.5875	55.057
37.9125	-7.5625	55.054
37.9125	-7.5375	55.05
37.9125	-7.5125	55.039
37.9125	-7.4875	55.027
37.9125	-7.4625	55.031
37.9125	-7.4375	55.05
37.9125	-7.4125	55.082
37.9125	-7.3875	55.108
37.9125	-7.3625	55.13
37.9125	-7.3375	55.127
37.9125	-7.3125	55.125
37.9125	-7.2875	55.108
37.9125	-7.2625	55.089
37.9125	-7.2375	55.082
37.9125	-7.2125	55.076
37.9125	-7.1875	55.082
37.9125	-7.1625	55.113
37.9125	-7.1375	55.141
37.9125	-7.1125	55.173
37.9125	-7.0875	55.195
37.9125	-7.0625	55.2
37.9125	-7.0375	55.219
37.9125	-7.0125	55.227
37.9125	-6.9875	55.235
37.9125	-6.9625	55.245
37.9125	-6.9375	55.246
37.9125	-6.9125	55.242
37.9125	-6.8875	55.242
37.9125	-6.8625	55.252
37.9125	-6.8375	55.257
37.9125	-6.8125	55.278
37.9125	-6.7875	55.267
37.9125	-6.7625	55.262
37.9125	-6.7375	55.255
37.9125	-6.7125	55.261
37.9125	-6.6875	55.253
37.9125	-6.6625	55.225
37.9125	-6.6375	55.205
37.9125	-6.6125	55.183
37.9125	-6.5875	55.167
37.9125	-6.5625	55.125
37.9125	-6.5375	55.065
37.9125	-6.5125	55.006
37.9125	-6.4875	54.942
37.9125	-6.4625	54.888
37.9125	-6.4375	54.85
37.9125	-6.4125	54.821
37.9125	-6.3875	54.787
37.9125	-6.3625	54.771
37.9125	-6.3375	54.756
37.9125	-6.3125	54.753
37.9125	-6.2875	54.727
37.9125	-6.2625	54.703
37.9125	-6.2375	54.659
37.9125	-6.2125	54.641
37.9125	-6.1875	54.608
37.9125	-6.1625	54.578
37.9125	-6.1375	54.55
37.9125	-6.1125	54.525
37.9125	-6.0875	54.501
37.9125	-6.0625	54.473
37.9125	-6.0375	54.425
37.9125	-6.0125	54.372
37.9125	-5.9875	54.31
37.9375	-10.0125	49.745
37.9375	-9.9875	49.83
37.9375	-9.9625	49.906
37.9375	-9.9375	49.973
37.9375	-9.9125	50.036
37.9375	-9.8875	50.093
37.9375	-9.8625	50.146
37.9375	-9.8375	50.197
37.9375	-9.8125	50.252
37.9375	-9.7875	50.314
37.9375	-9.7625	50.378
37.9375	-9.7375	50.445
37.9375	-9.7125	50.515
37.9375	-9.6875	50.583
37.9375	-9.6625	50.649
37.9375	-9.6375	50.713
37.9375	-9.6125	50.779
37.9375	-9.5875	50.848
37.9375	-9.5625	50.922
37.9375	-9.5375	51.003
37.9375	-9.5125	51.093
37.9375	-9.4875	51.189
37.9375	-9.4625	51.287
37.9375	-9.4375	51.387
37.9375	-9.4125	51.486
37.9375	-9.3875	51.586
37.9375	-9.3625	51.689
37.9375	-9.3375	51.793
37.9375	-9.3125	51.895
37.9375	-9.2875	51.998
37.9375	-9.2625	52.104
37.9375	-9.2375	52.21
37.9375	-9.2125	52.311
37.9375	-9.1875	52.408
37.9375	-9.1625	52.502
37.9375	-9.1375	52.591
37.9375	-9.1125	52.675
37.9375	-9.0875	52.754
37.9375	-9.0625	52.827
37.9375	-9.0375	52.903
37.9375	-9.0125	52.967
37.9375	-8.9875	53.031
37.9375	-8.9625	53.094
37.9375	-8.9375	53.17
37.9375	-8.9125	53.24
37.9375	-8.8875	53.317
37.9375	-8.8625	53.384
37.9375	-8.8375	53.461
37.9375	-8.8125	53.533
37.9375	-8.7875	53.606
37.9375	-8.7625	53.67
37.9375	-8.7375	53.717
37.9375	-8.7125	53.76
37.9375	-8.6875	53.785
37.9375	-8.6625	53.811
37.9375	-8.6375	53.828
37.9375	-8.6125	53.85
37.9375	-8.5875	53.883
37.9375	-8.5625	53.919
37.9375	-8.5375	53.971
37.9375	-8.5125	54.023
37.9375	-8.4875	54.077
37.9375	-8.4625	54.128
37.9375	-8.4375	54.181
37.9375	-8.4125	54.227
37.9375	-8.3875	54.262
37.9375	-8.3625	54.306
37.9375	-8.3375	54.328
37.9375	-8.3125	54.329
37.9375	-8.2875	54.324
37.9375	-8.2625	54.325
37.9375	-8.2375	54.338
37.9375	-8.2125	54.354
37.9375	-8.1875	54.39
37.9375	-8.1625	54.435
37.9375	-8.1375	54.487
37.9375	-8.1125	54.542
37.9375	-8.0875	54.577
37.9375	-8.0625	54.611
37.9375	-8.0375	54.637
37.9375	-8.0125	54.672
37.9375	-7.9875	54.713
37.9375	-7.9625	54.753
37.9375	-7.9375	54.785
37.9375	-7.9125	54.817
37.9375	-7.8875	54.869
37.9375	-7.8625	54.906
37.9375	-7.8375	54.924
37.9375	-7.8125	54.934
37.9375	-7.7875	54.945
37.9375	-7.7625	54.954
37.9375	-7.7375	54.966
37.9375	-7.7125	54.969
37.9375	-7.6875	54.98
37.9375	-7.6625	54.993
37.9375	-7.6375	55.014
37.9375	-7.6125	55.041
37.9375	-7.5875	55.059
37.9375	-7.5625	55.058
37.9375	-7.5375	55.048
37.9375	-7.5125	55.042
37.9375	-7.4875	55.032
37.9375	-7.4625	55.043
37.9375	-7.4375	55.066
37.9375	-7.4125	55.109
37.9375	-7.3875	55.139
37.9375	-7.3625	55.156
37.9375	-7.3375	55.157
37.9375	-7.3125	55.15
37.9375	-7.2875	55.123
37.9375	-7.2625	55.106
37.9375	-7.2375	55.107
37.9375	-7.2125	55.108
37.9375	-7.1875	55.128
37.9375	-7.1625	55.154
37.9375	-7.1375	55.182
37.9375	-7.1125	55.222
37.9375	-7.0875	55.25
37.9375	-7.0625	55.258
37.9375	-7.0375	55.285
37.9375	-7.0125	55.291
37.9375	-6.9875	55.308
37.9375	-6.9625	55.315
37.9375	-6.9375	55.306
37.9375	-6.9125	55.285
37.9375	-6.8875	55.305
37.9375	-6.8625	55.314
37.9375	-6.8375	55.329
37.9375	-6.8125	55.328
37.9375	-6.7875	55.313
37.9375	-6.7625	55.29
37.9375	-6.7375	55.288
37.9375	-6.7125	55.3
37.9375	-6.6875	55.299
37.9375	-6.6625	55.286
37.9375	-6.6375	55.261
37.9375	-6.6125	55.233
37.9375	-6.5875	55.2
37.9375	-6.5625	55.162
37.9375	-6.5375	55.102
37.9375	-6.5125	55.048
37.9375	-6.4875	54.996
37.9375	-6.4625	54.954
37.9375	-6.4375	54.924
37.9375	-6.4125	54.912
37.9375	-6.3875	54.887
37.9375	-6.3625	54.872
37.9375	-6.3375	54.872
37.9375	-6.3125	54.862
37.9375	-6.2875	54.832
37.9375	-6.2625	54.796
37.9375	-6.2375	54.765
37.9375	-6.2125	54.738
37.9375	-6.1875	54.71
37.9375	-6.1625	54.686
37.9375	-6.1375	54.66
37.9375	-6.1125	54.635
37.9375	-6.0875	54.617
37.9375	-6.0625	54.57
37.9375	-6.0375	54.538
37.9375	-6.0125	54.482
37.9375	-5.9875	54.407
37.9625	-10.0125	49.671
37.9625	-9.9875	49.761
37.9625	-9.9625	49.844
37.9625	-9.9375	49.918
37.9625	-9.9125	49.986
37.9625	-9.8875	50.05
37.9625	-9.8625	50.107
37.9625	-9.8375	50.162
37.9625	-9.8125	50.222
37.9625	-9.7875	50.287
37.9625	-9.7625	50.357
37.9625	-9.7375	50.428
37.9625	-9.7125	50.503
37.9625	-9.6875	50.577
37.9625	-9.6625	50.645
37.9625	-9.6375	50.708
37.9625	-9.6125	50.772
37.9625	-9.5875	50.837
37.9625	-9.5625	50.909
37.9625	-9.5375	50.991
37.9625	-9.5125	51.08
37.9625	-9.4875	51.174
37.9625	-9.4625	51.272
37.9625	-9.4375	51.374
37.9625	-9.4125	51.476
37.9625	-9.3875	51.577
37.9625	-9.3625	51.68
37.9625	-9.3375	51.781
37.9625	-9.3125	51.882
37.9625	-9.2875	51.985
37.9625	-9.2625	52.092
37.9625	-9.2375	52.199
37.9625	-9.2125	52.3
37.9625	-9.1875	52.398
37.9625	-9.1625	52.494
37.9625	-9.1375	52.584
37.9625	-9.1125	52.671
37.9625	-9.0875	52.752
37.9625	-9.0625	52.827
37.9625	-9.0375	52.897
37.9625	-9.0125	52.974
37.9625	-8.9875	53.042
37.9625	-8.9625	53.11
37.9625	-8.9375	53.179
37.9625	-8.9125	53.265
37.9625	-8.8875	53.337
37.9625	-8.8625	53.414
37.9625	-8.8375	53.494
37.9625	-8.8125	53.547
37.9625	-8.7875	53.609
37.9625	-8.7625	53.667
37.9625	-8.7375	53.716
37.9625	-8.7125	53.765
37.9625	-8.6875	53.798
37.9625	-8.6625	53.821
37.9625	-8.6375	53.849
37.9625	-8.6125	53.871
37.9625	-8.5875	53.897
37.9625	-8.5625	53.929
37.9625	-8.5375	53.983
37.9625	-8.5125	54.034
37.9625	-8.4875	54.086
37.9625	-8.4625	54.137
37.9625	-8.4375	54.179
37.9625	-8.4125	54.211
37.9625	-8.3875	54.245
37.9625	-8.3625	54.276
37.9625	-8.3375	54.306
37.9625	-8.3125	54.317
37.9625	-8.2875	54.312
37.9625	-8.2625	54.312
37.9625	-8.2375	54.329
37.9625	-8.2125	54.346
37.9625	-8.1875	54.386
37.9625	-8.1625	54.445
37.9625	-8.1375	54.508
37.9625	-8.1125	54.578
37.9625	-8.0875	54.634
37.9625	-8.0625	54.659
37.9625	-8.0375	54.698
37.9625	-8.0125	54.737
37.9625	-7.9875	54.789
37.9625	-7.9625	54.831
37.9625	-7.9375	54.868
37.9625	-7.9125	54.903
37.9625	-7.8875	54.945
37.9625	-7.8625	54.979
37.9625	-7.8375	54.993
37.9625	-7.8125	54.995
37.9625	-7.7875	54.994
37.9625	-7.7625	54.989
37.9625	-7.7375	54.991
37.9625	-7.7125	55.001
37.9625	-7.6875	55.001
37.9625	-7.6625	55.008
37.9625	-7.6375	55.019
37.9625	-7.6125	55.027
37.9625	-7.5875	55.034
37.9625	-7.5625	55.04
37.9625	-7.5375	55.036
37.9625	-7.5125	55.027
37.9625	-7.4875	55.029
37.9625	-7.4625	55.053
37.9625	-7.4375	55.082
37.9625	-7.4125	55.126
37.9625	-7.3875	55.172
37.9625	-7.3625	55.2
37.9625	-7.3375	55.196
37.9625	-7.3125	55.19
37.9625	-7.2875	55.175
37.9625	-7.2625	55.155
37.9625	-7.2375	55.142
37.9625	-7.2125	55.151
37.9625	-7.1875	55.184
37.9625	-7.1625	55.222
37.9625	-7.1375	55.256
37.9625	-7.1125	55.289
37.9625	-7.0875	55.31
37.9625	-7.0625	55.318
37.9625	-7.0375	55.328
37.9625	-7.0125	55.331
37.9625	-6.9875	55.328
37.9625	-6.9625	55.329
37.9625	-6.9375	55.331
37.9625	-6.9125	55.325
37.9625	-6.8875	55.352
37.9625	-6.8625	55.375
37.9625	-6.8375	55.384
37.9625	-6.8125	55.372
37.9625	-6.7875	55.34
37.9625	-6.7625	55.302
37.9625	-6.7375	55.295
37.9625	-6.7125	55.308
37.9625	-6.6875	55.316
37.9625	-6.6625	55.313
37.9625	-6.6375	55.281
37.9625	-6.6125	55.258
37.9625	-6.5875	55.229
37.9625	-6.5625	55.192
37.9625	-6.5375	55.151
37.9625	-6.5125	55.117
37.9625	-6.4875	55.077
37.9625	-6.4625	55.042
37.9625	-6.4375	55.007
37.9625	-6.4125	54.999
37.9625	-6.3875	54.984
37.9625	-6.3625	54.969
37.9625	-6.3375	54.962
37.9625	-6.3125	54.944
37.9625	-6.2875	54.912
37.9625	-6.2625	54.889
37.9625	-6.2375	54.861
37.9625	-6.2125	54.832
37.9625	-6.1875	54.814
37.9625	-6.1625	54.791
37.9625	-6.1375	54.772
37.9625	-6.1125	54.75
37.9625	-6.0875	54.714
37.9625	-6.0625	54.665
37.9625	-6.0375	54.621
37.9625	-6.0125	54.559
37.9625	-5.9875	54.506
37.9875	-10.0125	49.583
37.9875	-9.9875	49.679
37.9875	-9.9625	49.767
37.9875	-9.9375	49.849
37.9875	-9.9125	49.922
37.9875	-9.8875	49.994
37.9875	-9.8625	50.061
37.9875	-9.8375	50.125
37.9875	-9.8125	50.189
37.9875	-9.7875	50.256
37.9875	-9.7625	50.327
37.9875	-9.7375	50.403
37.9875	-9.7125	50.483
37.9875	-9.6875	50.557
37.9875	-9.6625	50.622
37.9875	-9.6375	50.684
37.9875	-9.6125	50.746
37.9875	-9.5875	50.813
37.9875	-9.5625	50.891
37.9875	-9.5375	50.976
37.9875	-9.5125	51.067
37.9875	-9.4875	51.161
37.9875	-9.4625	51.26
37.9875	-9.4375	51.361
37.9875	-9.4125	51.463
37.9875	-9.3875	51.564
37.9875	-9.3625	51.661
37.9875	-9.3375	51.76
37.9875	-9.3125	51.861
37.9875	-9.2875	51.963
37.9875	-9.2625	52.072
37.9875	-9.2375	52.183
37.9875	-9.2125	52.285
37.9875	-9.1875	52.384
37.9875	-9.1625	52.48
37.9875	-9.1375	52.574
37.9875	-9.1125	52.663
37.9875	-9.0875	52.745
37.9875	-9.0625	52.824
37.9875	-9.0375	52.898
37.9875	-9.0125	52.98
37.9875	-8.9875	53.05
37.9875	-8.9625	53.121
37.9875	-8.9375	53.193
37.9875	-8.9125	53.267
37.9875	-8.8875	53.355
37.9875	-8.8625	53.426
37.9875	-8.8375	53.494
37.9875	-8.8125	53.559
37.9875	-8.7875	53.607
37.9875	-8.7625	53.662
37.9875	-8.7375	53.714
37.9875	-8.7125	53.77
37.9875	-8.6875	53.821
37.9875	-8.6625	53.852
37.9875	-8.6375	53.87
37.9875	-8.6125	53.897
37.9875	-8.5875	53.92
37.9875	-8.5625	53.951
37.9875	-8.5375	53.983
37.9875	-8.5125	54.035
37.9875	-8.4875	54.084
37.9875	-8.4625	54.134
37.9875	-8.4375	54.167
37.9875	-8.4125	54.167
37.9875	-8.3875	54.186
37.9875	-8.3625	54.225
37.9875	-8.3375	54.269
37.9875	-8.3125	54.292
37.9875	-8.2875	54.298
37.9875	-8.2625	54.307
37.9875	-8.2375	54.321
37.9875	-8.2125	54.341
37.9875	-8.1875	54.384
37.9875	-8.1625	54.433
37.9875	-8.1375	54.496
37.9875	-8.1125	54.571
37.9875	-8.0875	54.643
37.9875	-8.0625	54.695
37.9875	-8.0375	54.746
37.9875	-8.0125	54.794
37.9875	-7.9875	54.838
37.9875	-7.9625	54.899
37.9875	-7.9375	54.959
37.9875	-7.9125	55.003
37.9875	-7.8875	55.045
37.9875	-7.8625	55.046
37.9875	-7.8375	55.042
37.9875	-7.8125	55.031
37.9875	-7.7875	55.024
37.9875	-7.7625	55.024
37.9875	-7.7375	55.024
37.9875	-7.7125	55.03
37.9875	-7.6875	55.038
37.9875	-7.6625	55.031
37.9875	-7.6375	55.031
37.9875	-7.6125	55.033
37.9875	-7.5875	55.04
37.9875	-7.5625	55.039
37.9875	-7.5375	55.034
37.9875	-7.5125	55.038
37.9875	-7.4875	55.041
37.9875	-7.4625	55.06
37.9875	-7.4375	55.097
37.9875	-7.4125	55.153
37.9875	-7.3875	55.197
37.9875	-7.3625	55.226
37.9875	-7.3375	55.236
37.9875	-7.3125	55.231
37.9875	-7.2875	55.209
37.9875	-7.2625	55.207
37.9875	-7.2375	55.207
37.9875	-7.2125	55.223
37.9875	-7.1875	55.259
37.9875	-7.1625	55.29
37.9875	-7.1375	55.327
37.9875	-7.1125	55.351
37.9875	-7.0875	55.371
37.9875	-7.0625	55.374
37.9875	-7.0375	55.384
37.9875	-7.0125	55.374
37.9875	-6.9875	55.357
37.9875	-6.9625	55.354
37.9875	-6.9375	55.353
37.9875	-6.9125	55.379
37.9875	-6.8875	55.398
37.9875	-6.8625	55.391
37.9875	-6.8375	55.392
37.9875	-6.8125	55.384
37.9875	-6.7875	55.351
37.9875	-6.7625	55.31
37.9875	-6.7375	55.295
37.9875	-6.7125	55.305
37.9875	-6.6875	55.325
37.9875	-6.6625	55.326
37.9875	-6.6375	55.325
37.9875	-6.6125	55.315
37.9875	-6.5875	55.293
37.9875	-6.5625	55.251
37.9875	-6.5375	55.209
37.9875	-6.5125	55.176
37.9875	-6.4875	55.141
37.9875	-6.4625	55.106
37.9875	-6.4375	55.097
37.9875	-6.4125	55.082
37.9875	-6.3875	55.067
37.9875	-6.3625	55.058
37.9875	-6.3375	55.039
37.9875	-6.3125	55.019
37.9875	-6.2875	54.991
37.9875	-6.2625	54.971
37.9875	-6.2375	54.941
37.9875	-6.2125	54.923
37.9875	-6.1875	54.915
37.9875	-6.1625	54.902
37.9875	-6.1375	54.886
37.9875	-6.1125	54.847
37.9875	-6.0875	54.783
37.9875	-6.0625	54.727
37.9875	-6.0375	54.68
37.9875	-6.0125	54.616
37.9875	-5.9875	54.563
38.0125	-10.0125	49.491
38.0125	-9.9875	49.589
38.0125	-9.9625	49.682
38.0125	-9.9375	49.77
38.0125	-9.9125	49.852
38.0125	-9.8875	49.931
38.0125	-9.8625	50.009
38.0125	-9.8375	50.084
38.0125	-9.8125	50.153
38.0125	-9.7875	50.217
38.0125	-9.7625	50.287
38.0125	-9.7375	50.363
38.0125	-9.7125	50.441
38.0125	-9.6875	50.512
38.0125	-9.6625	50.579
38.0125	-9.6375	50.642
38.0125	-9.6125	50.711
38.0125	-9.5875	50.789
38.0125	-9.5625	50.875
38.0125	-9.5375	50.965
38.0125	-9.5125	51.057
38.0125	-9.4875	51.153
38.0125	-9.4625	51.25
38.0125	-9.4375	51.348
38.0125	-9.4125	51.448
38.0125	-9.3875	51.547
38.0125	-9.3625	51.643
38.0125	-9.3375	51.74
38.0125	-9.3125	51.838
38.0125	-9.2875	51.94
38.0125	-9.2625	52.052
38.0125	-9.2375	52.163
38.0125	-9.2125	52.266
38.0125	-9.1875	52.366
38.0125	-9.1625	52.464
38.0125	-9.1375	52.561
38.0125	-9.1125	52.652
38.0125	-9.0875	52.737
38.0125	-9.0625	52.819
38.0125	-9.0375	52.898
38.0125	-9.0125	52.972
38.0125	-8.9875	53.056
38.0125	-8.9625	53.129
38.0125	-8.9375	53.201
38.0125	-8.9125	53.273
38.0125	-8.8875	53.357
38.0125	-8.8625	53.426
38.0125	-8.8375	53.5
38.0125	-8.8125	53.555
38.0125	-8.7875	53.619
38.0125	-8.7625	53.665
38.0125	-8.7375	53.725
38.0125	-8.7125	53.792
38.0125	-8.6875	53.853
38.0125	-8.6625	53.883
38.0125	-8.6375	53.915
38.0125	-8.6125	53.93
38.0125	-8.5875	53.949
38.0125	-8.5625	53.971
38.0125	-8.5375	54.017
38.0125	-8.5125	54.057
38.0125	-8.4875	54.093
38.0125	-8.4625	54.122
38.0125	-8.4375	54.121
38.0125	-8.4125	54.113
38.0125	-8.3875	54.14
38.0125	-8.3625	54.191
38.0125	-8.3375	54.244
38.0125	-8.3125	54.27
38.0125	-8.2875	54.284
38.0125	-8.2625	54.302
38.0125	-8.2375	54.316
38.0125	-8.2125	54.347
38.0125	-8.1875	54.383
38.0125	-8.1625	54.423
38.0125	-8.1375	54.497
38.0125	-8.1125	54.568
38.0125	-8.0875	54.648
38.0125	-8.0625	54.719
38.0125	-8.0375	54.782
38.0125	-8.0125	54.831
38.0125	-7.9875	54.887
38.0125	-7.9625	54.951
38.0125	-7.9375	55.015
38.0125	-7.9125	55.06
38.0125	-7.8875	55.084
38.0125	-7.8625	55.081
38.0125	-7.8375	55.057
38.0125	-7.8125	55.031
38.0125	-7.7875	55.03
38.0125	-7.7625	55.032
38.0125	-7.7375	55.034
38.0125	-7.7125	55.051
38.0125	-7.6875	55.055
38.0125	-7.6625	55.06
38.0125	-7.6375	55.058
38.0125	-7.6125	55.064
38.0125	-7.5875	55.071
38.0125	-7.5625	55.074
38.0125	-7.5375	55.076
38.0125	-7.5125	55.07
38.0125	-7.4875	55.074
38.0125	-7.4625	55.091
38.0125	-7.4375	55.132
38.0125	-7.4125	55.188
38.0125	-7.3875	55.23
38.0125	-7.3625	55.259
38.0125	-7.3375	55.254
38.0125	-7.3125	55.241
38.0125	-7.2875	55.241
38.0125	-7.2625	55.23
38.0125	-7.2375	55.242
38.0125	-7.2125	55.279
38.0125	-7.1875	55.31
38.0125	-7.1625	55.344
38.0125	-7.1375	55.374
38.0125	-7.1125	55.407
38.0125	-7.0875	55.44
38.0125	-7.0625	55.451
38.0125	-7.0375	55.458
38.0125	-7.0125	55.432
38.0125	-6.9875	55.408
38.0125	-6.9625	55.39
38.0125	-6.9375	55.399
38.0125	-6.9125	55.41
38.0125	-6.8875	55.406
38.0125	-6.8625	55.392
38.0125	-6.8375	55.376
38.0125	-6.8125	55.356
38.0125	-6.7875	55.345
38.0125	-6.7625	55.318
38.0125	-6.7375	55.318
38.0125	-6.7125	55.33
38.0125	-6.6875	55.341
38.0125	-6.6625	55.354
38.0125	-6.6375	55.357
38.0125	-6.6125	55.353
38.0125	-6.5875	55.336
38.0125	-6.5625	55.294
38.0125	-6.5375	55.265
38.0125	-6.5125	55.232
38.0125	-6.4875	55.198
38.0125	-6.4625	55.189
38.0125	-6.4375	55.184
38.0125	-6.4125	55.168
38.0125	-6.3875	55.162
38.0125	-6.3625	55.155
38.0125	-6.3375	55.138
38.0125	-6.3125	55.114
38.0125	-6.2875	55.086
38.0125	-6.2625	55.056
38.0125	-6.2375	55.022
38.0125	-6.2125	55.004
38.0125	-6.1875	55.011
38.0125	-6.1625	55.02
38.0125	-6.1375	54.993
38.0125	-6.1125	54.953
38.0125	-6.0875	54.872
38.0125	-6.0625	54.793
38.0125	-6.0375	54.728
38.0125	-6.0125	54.676
38.0125	-5.9875	54.627
38.0375	-10.0125	49.403
38.0375	-9.9875	49.504
38.0375	-9.9625	49.598
38.0375	-9.9375	49.691
38.0375	-9.9125	49.78
38.0375	-9.8875	49.868
38.0375	-9.8625	49.951
38.0375	-9.8375	50.029
38.0375	-9.8125	50.098
38.0375	-9.7875	50.163
38.0375	-9.7625	50.232
38.0375	-9.7375	50.305
38.0375	-9.7125	50.38
38.0375	-9.6875	50.454
38.0375	-9.6625	50.529
38.0375	-9.6375	50.607
38.0375	-9.6125	50.69
38.0375	-9.5875	50.777
38.0375	-9.5625	50.868
38.0375	-9.5375	50.96
38.0375	-9.5125	51.052
38.0375	-9.4875	51.147
38.0375	-9.4625	51.243
38.0375	-9.4375	51.339
38.0375	-9.4125	51.436
38.0375	-9.3875	51.533
38.0375	-9.3625	51.63
38.0375	-9.3375	51.726
38.0375	-9.3125	51.824
38.0375	-9.2875	51.926
38.0375	-9.2625	52.032
38.0375	-9.2375	52.141
38.0375	-9.2125	52.25
38.0375	-9.1875	52.353
38.0375	-9.1625	52.452
38.0375	-9.1375	52.549
38.0375	-9.1125	52.642
38.0375	-9.0875	52.73
38.0375	-9.0625	52.815
38.0375	-9.0375	52.897
38.0375	-9.0125	52.974
38.0375	-8.9875	53.049
38.0375	-8.9625	53.131
38.0375	-8.9375	53.2
38.0375	-8.9125	53.269
38.0375	-8.8875	53.35
38.0375	-8.8625	53.418
38.0375	-8.8375	53.485
38.0375	-8.8125	53.555
38.0375	-8.7875	53.616
38.0375	-8.7625	53.674
38.0375	-8.7375	53.738
38.0375	-8.7125	53.806
38.0375	-8.6875	53.875
38.0375	-8.6625	53.923
38.0375	-8.6375	53.955
38.0375	-8.6125	53.967
38.0375	-8.5875	53.991
38.0375	-8.5625	54.019
38.0375	-8.5375	54.05
38.0375	-8.5125	54.088
38.0375	-8.4875	54.123
38.0375	-8.4625	54.141
38.0375	-8.4375	54.15
38.0375	-8.4125	54.159
38.0375	-8.3875	54.187
38.0375	-8.3625	54.227
38.0375	-8.3375	54.268
38.0375	-8.3125	54.294
38.0375	-8.2875	54.299
38.0375	-8.2625	54.317
38.0375	-8.2375	54.334
38.0375	-8.2125	54.367
38.0375	-8.1875	54.397
38.0375	-8.1625	54.45
38.0375	-8.1375	54.518
38.0375	-8.1125	54.598
38.0375	-8.0875	54.688
38.0375	-8.0625	54.765
38.0375	-8.0375	54.837
38.0375	-8.0125	54.896
38.0375	-7.9875	54.934
38.0375	-7.9625	54.99
38.0375	-7.9375	55.035
38.0375	-7.9125	55.062
38.0375	-7.8875	55.066
38.0375	-7.8625	55.062
38.0375	-7.8375	55.036
38.0375	-7.8125	55.019
38.0375	-7.7875	55.026
38.0375	-7.7625	55.026
38.0375	-7.7375	55.041
38.0375	-7.7125	55.063
38.0375	-7.6875	55.076
38.0375	-7.6625	55.087
38.0375	-7.6375	55.089
38.0375	-7.6125	55.103
38.0375	-7.5875	55.111
38.0375	-7.5625	55.122
38.0375	-7.5375	55.122
38.0375	-7.5125	55.107
38.0375	-7.4875	55.118
38.0375	-7.4625	55.145
38.0375	-7.4375	55.175
38.0375	-7.4125	55.219
38.0375	-7.3875	55.258
38.0375	-7.3625	55.274
38.0375	-7.3375	55.277
38.0375	-7.3125	55.26
38.0375	-7.2875	55.245
38.0375	-7.2625	55.243
38.0375	-7.2375	55.259
38.0375	-7.2125	55.298
38.0375	-7.1875	55.329
38.0375	-7.1625	55.361
38.0375	-7.1375	55.39
38.0375	-7.1125	55.413
38.0375	-7.0875	55.436
38.0375	-7.0625	55.462
38.0375	-7.0375	55.462
38.0375	-7.0125	55.448
38.0375	-6.9875	55.439
38.0375	-6.9625	55.435
38.0375	-6.9375	55.416
38.0375	-6.9125	55.397
38.0375	-6.8875	55.393
38.0375	-6.8625	55.373
38.0375	-6.8375	55.334
38.0375	-6.8125	55.321
38.0375	-6.7875	55.328
38.0375	-6.7625	55.334
38.0375	-6.7375	55.344
38.0375	-6.7125	55.356
38.0375	-6.6875	55.375
38.0375	-6.6625	55.387
38.0375	-6.6375	55.376
38.0375	-6.6125	55.377
38.0375	-6.5875	55.367
38.0375	-6.5625	55.345
38.0375	-6.5375	55.313
38.0375	-6.5125	55.284
38.0375	-6.4875	55.26
38.0375	-6.4625	55.246
38.0375	-6.4375	55.253
38.0375	-6.4125	55.256
38.0375	-6.3875	55.253
38.0375	-6.3625	55.243
38.0375	-6.3375	55.225
38.0375	-6.3125	55.199
38.0375	-6.2875	55.175
38.0375	-6.2625	55.143
38.0375	-6.2375	55.12
38.0375	-6.2125	55.098
38.0375	-6.1875	55.089
38.0375	-6.1625	55.081
38.0375	-6.1375	55.054
38.0375	-6.1125	55.015
38.0375	-6.0875	54.948
38.0375	-6.0625	54.864
38.0375	-6.0375	54.796
38.0375	-6.0125	54.745
38.0375	-5.9875	54.71
38.0625	-10.0125	49.322
38.0625	-9.9875	49.426
38.0625	-9.9625	49.525
38.0625	-9.9375	49.621
38.0625	-9.9125	49.716
38.0625	-9.8875	49.807
38.0625	-9.8625	49.893
38.0625	-9.8375	49.971
38.0625	-9.8125	50.043
38.0625	-9.7875	50.116
38.0625	-9.7625	50.189
38.0625	-9.7375	50.262
38.0625	-9.7125	50.335
38.0625	-9.6875	50.412
38.0625	-9.6625	50.495
38.0625	-9.6375	50.585
38.0625	-9.6125	50.681
38.0625	-9.5875	50.774
38.0625	-9.5625	50.867
38.0625	-9.5375	50.958
38.0625	-9.5125	51.049
38.0625	-9.4875	51.142
38.0625	-9.4625	51.236
38.0625	-9.4375	51.33
38.0625	-9.4125	51.425
38.0625	-9.3875	51.522
38.0625	-9.3625	51.618
38.0625	-9.3375	51.715
38.0625	-9.3125	51.813
38.0625	-9.2875	51.914
38.0625	-9.2625	52.017
38.0625	-9.2375	52.124
38.0625	-9.2125	52.235
38.0625	-9.1875	52.339
38.0625	-9.1625	52.44
38.0625	-9.1375	52.54
38.0625	-9.1125	52.634
38.0625	-9.0875	52.721
38.0625	-9.0625	52.811
38.0625	-9.0375	52.896
38.0625	-9.0125	52.975
38.0625	-8.9875	53.049
38.0625	-8.9625	53.118
38.0625	-8.9375	53.181
38.0625	-8.9125	53.256
38.0625	-8.8875	53.323
38.0625	-8.8625	53.397
38.0625	-8.8375	53.459
38.0625	-8.8125	53.535
38.0625	-8.7875	53.6
38.0625	-8.7625	53.671
38.0625	-8.7375	53.75
38.0625	-8.7125	53.828
38.0625	-8.6875	53.904
38.0625	-8.6625	53.965
38.0625	-8.6375	53.994
38.0625	-8.6125	54.019
38.0625	-8.5875	54.037
38.0625	-8.5625	54.073
38.0625	-8.5375	54.099
38.0625	-8.5125	54.138
38.0625	-8.4875	54.165
38.0625	-8.4625	54.2
38.0625	-8.4375	54.229
38.0625	-8.4125	54.242
38.0625	-8.3875	54.273
38.0625	-8.3625	54.314
38.0625	-8.3375	54.335
38.0625	-8.3125	54.338
38.0625	-8.2875	54.345
38.0625	-8.2625	54.358
38.0625	-8.2375	54.379
38.0625	-8.2125	54.406
38.0625	-8.1875	54.449
38.0625	-8.1625	54.496
38.0625	-8.1375	54.568
38.0625	-8.1125	54.655
38.0625	-8.0875	54.743
38.0625	-8.0625	54.82
38.0625	-8.0375	54.89
38.0625	-8.0125	54.933
38.0625	-7.9875	54.972
38.0625	-7.9625	55.013
38.0625	-7.9375	55.041
38.0625	-7.9125	55.04
38.0625	-7.8875	55.036
38.0625	-7.8625	55.024
38.0625	-7.8375	55.02
38.0625	-7.8125	55.016
38.0625	-7.7875	55.01
38.0625	-7.7625	55.023
38.0625	-7.7375	55.037
38.0625	-7.7125	55.067
38.0625	-7.6875	55.084
38.0625	-7.6625	55.099
38.0625	-7.6375	55.102
38.0625	-7.6125	55.126
38.0625	-7.5875	55.152
38.0625	-7.5625	55.161
38.0625	-7.5375	55.156
38.0625	-7.5125	55.145
38.0625	-7.4875	55.154
38.0625	-7.4625	55.176
38.0625	-7.4375	55.209
38.0625	-7.4125	55.24
38.0625	-7.3875	55.261
38.0625	-7.3625	55.271
38.0625	-7.3375	55.263
38.0625	-7.3125	55.254
38.0625	-7.2875	55.236
38.0625	-7.2625	55.238
38.0625	-7.2375	55.254
38.0625	-7.2125	55.286
38.0625	-7.1875	55.322
38.0625	-7.1625	55.352
38.0625	-7.1375	55.383
38.0625	-7.1125	55.391
38.0625	-7.0875	55.406
38.0625	-7.0625	55.412
38.0625	-7.0375	55.405
38.0625	-7.0125	55.4
38.0625	-6.9875	55.391
38.0625	-6.9625	55.393
38.0625	-6.9375	55.384
38.0625	-6.9125	55.36
38.0625	-6.8875	55.344
38.0625	-6.8625	55.343
38.0625	-6.8375	55.32
38.0625	-6.8125	55.309
38.0625	-6.7875	55.317
38.0625	-6.7625	55.323
38.0625	-6.7375	55.351
38.0625	-6.7125	55.371
38.0625	-6.6875	55.388
38.0625	-6.6625	55.391
38.0625	-6.6375	55.39
38.0625	-6.6125	55.377
38.0625	-6.5875	55.374
38.0625	-6.5625	55.366
38.0625	-6.5375	55.352
38.0625	-6.5125	55.332
38.0625	-6.4875	55.304
38.0625	-6.4625	55.301
38.0625	-6.4375	55.3
38.0625	-6.4125	55.309
38.0625	-6.3875	55.311
38.0625	-6.3625	55.297
38.0625	-6.3375	55.286
38.0625	-6.3125	55.266
38.0625	-6.2875	55.245
38.0625	-6.2625	55.224
38.0625	-6.2375	55.198
38.0625	-6.2125	55.179
38.0625	-6.1875	55.139
38.0625	-6.1625	55.106
38.0625	-6.1375	55.061
38.0625	-6.1125	55.015
38.0625	-6.0875	54.979
38.0625	-6.0625	54.936
38.0625	-6.0375	54.887
38.0625	-6.0125	54.843
38.0625	-5.9875	54.808
38.0875	-10.0125	49.252
38.0875	-9.9875	49.362
38.0875	-9.9625	49.468
38.0875	-9.9375	49.57
38.0875	-9.9125	49.668
38.0875	-9.8875	49.764
38.0875	-9.8625	49.853
38.0875	-9.8375	49.939
38.0875	-9.8125	50.023
38.0875	-9.7875	50.106
38.0875	-9.7625	50.185
38.0875	-9.7375	50.259
38.0875	-9.7125	50.328
38.0875	-9.6875	50.4
38.0875	-9.6625	50.48
38.0875	-9.6375	50.572
38.0875	-9.6125	50.669
38.0875	-9.5875	50.765
38.0875	-9.5625	50.857
38.0875	-9.5375	50.948
38.0875	-9.5125	51.041
38.0875	-9.4875	51.134
38.0875	-9.4625	51.228
38.0875	-9.4375	51.322
38.0875	-9.4125	51.417
38.0875	-9.3875	51.513
38.0875	-9.3625	51.61
38.0875	-9.3375	51.707
38.0875	-9.3125	51.806
38.0875	-9.2875	51.907
38.0875	-9.2625	52.008
38.0875	-9.2375	52.114
38.0875	-9.2125	52.222
38.0875	-9.1875	52.329
38.0875	-9.1625	52.432
38.0875	-9.1375	52.531
38.0875	-9.1125	52.625
38.0875	-9.0875	52.717
38.0875	-9.0625	52.808
38.0875	-9.0375	52.895
38.0875	-9.0125	52.972
38.0875	-8.9875	53.041
38.0875	-8.9625	53.107
38.0875	-8.9375	53.17
38.0875	-8.9125	53.234
38.0875	-8.8875	53.296
38.0875	-8.8625	53.361
38.0875	-8.8375	53.426
38.0875	-8.8125	53.501
38.0875	-8.7875	53.569
38.0875	-8.7625	53.658
38.0875	-8.7375	53.749
38.0875	-8.7125	53.842
38.0875	-8.6875	53.932
38.0875	-8.6625	53.993
38.0875	-8.6375	54.041
38.0875	-8.6125	54.05
38.0875	-8.5875	54.075
38.0875	-8.5625	54.095
38.0875	-8.5375	54.122
38.0875	-8.5125	54.171
38.0875	-8.4875	54.208
38.0875	-8.4625	54.244
38.0875	-8.4375	54.278
38.0875	-8.4125	54.302
38.0875	-8.3875	54.34
38.0875	-8.3625	54.371
38.0875	-8.3375	54.383
38.0875	-8.3125	54.401
38.0875	-8.2875	54.403
38.0875	-8.2625	54.412
38.0875	-8.2375	54.439
38.0875	-8.2125	54.461
38.0875	-8.1875	54.509
38.0875	-8.1625	54.562
38.0875	-8.1375	54.637
38.0875	-8.1125	54.724
38.0875	-8.0875	54.81
38.0875	-8.0625	54.874
38.0875	-8.0375	54.927
38.0875	-8.0125	54.967
38.0875	-7.9875	54.993
38.0875	-7.9625	55.022
38.0875	-7.9375	55.024
38.0875	-7.9125	55.019
38.0875	-7.8875	55.012
38.0875	-7.8625	54.994
38.0875	-7.8375	54.996
38.0875	-7.8125	54.993
38.0875	-7.7875	55.002
38.0875	-7.7625	55.013
38.0875	-7.7375	55.028
38.0875	-7.7125	55.055
38.0875	-7.6875	55.068
38.0875	-7.6625	55.089
38.0875	-7.6375	55.112
38.0875	-7.6125	55.129
38.0875	-7.5875	55.154
38.0875	-7.5625	55.155
38.0875	-7.5375	55.154
38.0875	-7.5125	55.149
38.0875	-7.4875	55.159
38.0875	-7.4625	55.179
38.0875	-7.4375	55.208
38.0875	-7.4125	55.223
38.0875	-7.3875	55.228
38.0875	-7.3625	55.241
38.0875	-7.3375	55.23
38.0875	-7.3125	55.225
38.0875	-7.2875	55.226
38.0875	-7.2625	55.228
38.0875	-7.2375	55.242
38.0875	-7.2125	55.256
38.0875	-7.1875	55.282
38.0875	-7.1625	55.306
38.0875	-7.1375	55.332
38.0875	-7.1125	55.342
38.0875	-7.0875	55.349
38.0875	-7.0625	55.35
38.0875	-7.0375	55.349
38.0875	-7.0125	55.33
38.0875	-6.9875	55.339
38.0875	-6.9625	55.334
38.0875	-6.9375	55.331
38.0875	-6.9125	55.308
38.0875	-6.8875	55.31
38.0875	-6.8625	55.294
38.0875	-6.8375	55.288
38.0875	-6.8125	55.311
38.0875	-6.7875	55.308
38.0875	-6.7625	55.322
38.0875	-6.7375	55.332
38.0875	-6.7125	55.353
38.0875	-6.6875	55.377
38.0875	-6.6625	55.378
38.0875	-6.6375	55.378
38.0875	-6.6125	55.369
38.0875	-6.5875	55.376
38.0875	-6.5625	55.374
38.0875	-6.5375	55.377
38.0875	-6.5125	55.361
38.0875	-6.4875	55.341
38.0875	-6.4625	55.337
38.0875	-6.4375	55.331
38.0875	-6.4125	55.333
38.0875	-6.3875	55.329
38.0875	-6.3625	55.318
38.0875	-6.3375	55.321
38.0875	-6.3125	55.302
38.0875	-6.2875	55.297
38.0875	-6.2625	55.284
38.0875	-6.2375	55.265
38.0875	-6.2125	55.242
38.0875	-6.1875	55.192
38.0875	-6.1625	55.135
38.0875	-6.1375	55.089
38.0875	-6.1125	55.047
38.0875	-6.0875	55.011
38.0875	-6.0625	54.978
38.0875	-6.0375	54.955
38.0875	-6.0125	54.911
38.0875	-5.9875	54.889
38.1125	-10.0125	49.204
38.1125	-9.9875	49.324
38.1125	-9.9625	49.439
38.1125	-9.9375	49.548
38.1125	-9.9125	49.652
38.1125	-9.8875	49.752
38.1125	-9.8625	49.849
38.1125	-9.8375	49.947
38.1125	-9.8125	50.043
38.1125	-9.7875	50.136
38.1125	-9.7625	50.218
38.1125	-9.7375	50.29
38.1125	-9.7125	50.352
38.1125	-9.6875	50.415
38.1125	-9.6625	50.488
38.1125	-9.6375	50.571
38.1125	-9.6125	50.659
38.1125	-9.5875	50.746
38.1125	-9.5625	50.834
38.1125	-9.5375	50.925
38.1125	-9.5125	51.021
38.1125	-9.4875	51.118
38.1125	-9.4625	51.215
38.1125	-9.4375	51.311
38.1125	-9.4125	51.408
38.1125	-9.3875	51.506
38.1125	-9.3625	51.606
38.1125	-9.3375	51.705
38.1125	-9.3125	51.804
38.1125	-9.2875	51.905
38.1125	-9.2625	52.005
38.1125	-9.2375	52.106
38.1125	-9.2125	52.211
38.1125	-9.1875	52.32
38.1125	-9.1625	52.424
38.1125	-9.1375	52.523
38.1125	-9.1125	52.618
38.1125	-9.0875	52.713
38.1125	-9.0625	52.805
38.1125	-9.0375	52.89
38.1125	-9.0125	52.964
38.1125	-8.9875	53.032
38.1125	-8.9625	53.097
38.1125	-8.9375	53.147
38.1125	-8.9125	53.21
38.1125	-8.8875	53.274
38.1125	-8.8625	53.338
38.1125	-8.8375	53.396
38.1125	-8.8125	53.463
38.1125	-8.7875	53.544
38.1125	-8.7625	53.647
38.1125	-8.7375	53.75
38.1125	-8.7125	53.86
38.1125	-8.6875	53.957
38.1125	-8.6625	54.029
38.1125	-8.6375	54.051
38.1125	-8.6125	54.063
38.1125	-8.5875	54.077
38.1125	-8.5625	54.085
38.1125	-8.5375	54.116
38.1125	-8.5125	54.151
38.1125	-8.4875	54.202
38.1125	-8.4625	54.245
38.1125	-8.4375	54.283
38.1125	-8.4125	54.331
38.1125	-8.3875	54.358
38.1125	-8.3625	54.389
38.1125	-8.3375	54.418
38.1125	-8.3125	54.444
38.1125	-8.2875	54.465
38.1125	-8.2625	54.484
38.1125	-8.2375	54.497
38.1125	-8.2125	54.535
38.1125	-8.1875	54.578
38.1125	-8.1625	54.637
38.1125	-8.1375	54.702
38.1125	-8.1125	54.787
38.1125	-8.0875	54.857
38.1125	-8.0625	54.918
38.1125	-8.0375	54.957
38.1125	-8.0125	54.98
38.1125	-7.9875	54.999
38.1125	-7.9625	55.009
38.1125	-7.9375	55.005
38.1125	-7.9125	54.986
38.1125	-7.8875	54.975
38.1125	-7.8625	54.964
38.1125	-7.8375	54.966
38.1125	-7.8125	54.984
38.1125	-7.7875	55.001
38.1125	-7.7625	55.014
38.1125	-7.7375	55.025
38.1125	-7.7125	55.046
38.1125	-7.6875	55.072
38.1125	-7.6625	55.089
38.1125	-7.6375	55.104
38.1125	-7.6125	55.11
38.1125	-7.5875	55.129
38.1125	-7.5625	55.135
38.1125	-7.5375	55.127
38.1125	-7.5125	55.12
38.1125	-7.4875	55.124
38.1125	-7.4625	55.132
38.1125	-7.4375	55.157
38.1125	-7.4125	55.164
38.1125	-7.3875	55.189
38.1125	-7.3625	55.197
38.1125	-7.3375	55.207
38.1125	-7.3125	55.208
38.1125	-7.2875	55.208
38.1125	-7.2625	55.209
38.1125	-7.2375	55.217
38.1125	-7.2125	55.225
38.1125	-7.1875	55.238
38.1125	-7.1625	55.258
38.1125	-7.1375	55.259
38.1125	-7.1125	55.267
38.1125	-7.0875	55.276
38.1125	-7.0625	55.275
38.1125	-7.0375	55.276
38.1125	-7.0125	55.266
38.1125	-6.9875	55.267
38.1125	-6.9625	55.275
38.1125	-6.9375	55.274
38.1125	-6.9125	55.265
38.1125	-6.8875	55.256
38.1125	-6.8625	55.253
38.1125	-6.8375	55.274
38.1125	-6.8125	55.29
38.1125	-6.7875	55.291
38.1125	-6.7625	55.308
38.1125	-6.7375	55.334
38.1125	-6.7125	55.348
38.1125	-6.6875	55.354
38.1125	-6.6625	55.362
38.1125	-6.6375	55.361
38.1125	-6.6125	55.372
38.1125	-6.5875	55.374
38.1125	-6.5625	55.376
38.1125	-6.5375	55.375
38.1125	-6.5125	55.368
38.1125	-6.4875	55.363
38.1125	-6.4625	55.351
38.1125	-6.4375	55.346
38.1125	-6.4125	55.342
38.1125	-6.3875	55.337
38.1125	-6.3625	55.337
38.1125	-6.3375	55.345
38.1125	-6.3125	55.335
38.1125	-6.2875	55.331
38.1125	-6.2625	55.322
38.1125	-6.2375	55.305
38.1125	-6.2125	55.271
38.1125	-6.1875	55.232
38.1125	-6.1625	55.174
38.1125	-6.1375	55.126
38.1125	-6.1125	55.086
38.1125	-6.0875	55.057
38.1125	-6.0625	55.021
38.1125	-6.0375	54.993
38.1125	-6.0125	54.979
38.1125	-5.9875	54.948
38.1375	-10.0125	49.186
38.1375	-9.9875	49.314
38.1375	-9.9625	49.438
38.1375	-9.9375	49.558
38.1375	-9.9125	49.669
38.1375	-9.8875	49.773
38.1375	-9.8625	49.877
38.1375	-9.8375	49.984
38.1375	-9.8125	50.089
38.1375	-9.7875	50.188
38.1375	-9.7625	50.272
38.1375	-9.7375	50.342
38.1375	-9.7125	50.4
38.1375	-9.6875	50.457
38.1375	-9.6625	50.517
38.1375	-9.6375	50.582
38.1375	-9.6125	50.653
38.1375	-9.5875	50.727
38.1375	-9.5625	50.808
38.1375	-9.5375	50.894
38.1375	-9.5125	50.989
38.1375	-9.4875	51.092
38.1375	-9.4625	51.196
38.1375	-9.4375	51.299
38.1375	-9.4125	51.401
38.1375	-9.3875	51.503
38.1375	-9.3625	51.604
38.1375	-9.3375	51.705
38.1375	-9.3125	51.805
38.1375	-9.2875	51.907
38.1375	-9.2625	52.005
38.1375	-9.2375	52.103
38.1375	-9.2125	52.206
38.1375	-9.1875	52.312
38.1375	-9.1625	52.422
38.1375	-9.1375	52.527
38.1375	-9.1125	52.62
38.1375	-9.0875	52.706
38.1375	-9.0625	52.794
38.1375	-9.0375	52.872
38.1375	-9.0125	52.943
38.1375	-8.9875	53.009
38.1375	-8.9625	53.074
38.1375	-8.9375	53.137
38.1375	-8.9125	53.2
38.1375	-8.8875	53.264
38.1375	-8.8625	53.328
38.1375	-8.8375	53.385
38.1375	-8.8125	53.454
38.1375	-8.7875	53.546
38.1375	-8.7625	53.65
38.1375	-8.7375	53.766
38.1375	-8.7125	53.871
38.1375	-8.6875	53.971
38.1375	-8.6625	54.038
38.1375	-8.6375	54.051
38.1375	-8.6125	54.051
38.1375	-8.5875	54.04
38.1375	-8.5625	54.054
38.1375	-8.5375	54.076
38.1375	-8.5125	54.116
38.1375	-8.4875	54.165
38.1375	-8.4625	54.227
38.1375	-8.4375	54.281
38.1375	-8.4125	54.324
38.1375	-8.3875	54.367
38.1375	-8.3625	54.405
38.1375	-8.3375	54.446
38.1375	-8.3125	54.478
38.1375	-8.2875	54.508
38.1375	-8.2625	54.533
38.1375	-8.2375	54.559
38.1375	-8.2125	54.594
38.1375	-8.1875	54.643
38.1375	-8.1625	54.703
38.1375	-8.1375	54.769
38.1375	-8.1125	54.837
38.1375	-8.0875	54.891
38.1375	-8.0625	54.948
38.1375	-8.0375	54.983
38.1375	-8.0125	54.997
38.1375	-7.9875	55.002
38.1375	-7.9625	54.994
38.1375	-7.9375	54.984
38.1375	-7.9125	54.966
38.1375	-7.8875	54.952
38.1375	-7.8625	54.95
38.1375	-7.8375	54.965
38.1375	-7.8125	54.984
38.1375	-7.7875	55.01
38.1375	-7.7625	55.027
38.1375	-7.7375	55.041
38.1375	-7.7125	55.061
38.1375	-7.6875	55.087
38.1375	-7.6625	55.101
38.1375	-7.6375	55.099
38.1375	-7.6125	55.105
38.1375	-7.5875	55.106
38.1375	-7.5625	55.105
38.1375	-7.5375	55.095
38.1375	-7.5125	55.082
38.1375	-7.4875	55.069
38.1375	-7.4625	55.06
38.1375	-7.4375	55.081
38.1375	-7.4125	55.113
38.1375	-7.3875	55.146
38.1375	-7.3625	55.167
38.1375	-7.3375	55.179
38.1375	-7.3125	55.185
38.1375	-7.2875	55.191
38.1375	-7.2625	55.185
38.1375	-7.2375	55.179
38.1375	-7.2125	55.181
38.1375	-7.1875	55.184
38.1375	-7.1625	55.192
38.1375	-7.1375	55.198
38.1375	-7.1125	55.208
38.1375	-7.0875	55.211
38.1375	-7.0625	55.219
38.1375	-7.0375	55.209
38.1375	-7.0125	55.208
38.1375	-6.9875	55.2
38.1375	-6.9625	55.204
38.1375	-6.9375	55.196
38.1375	-6.9125	55.209
38.1375	-6.8875	55.213
38.1375	-6.8625	55.24
38.1375	-6.8375	55.242
38.1375	-6.8125	55.273
38.1375	-6.7875	55.297
38.1375	-6.7625	55.315
38.1375	-6.7375	55.33
38.1375	-6.7125	55.339
38.1375	-6.6875	55.355
38.1375	-6.6625	55.356
38.1375	-6.6375	55.357
38.1375	-6.6125	55.358
38.1375	-6.5875	55.366
38.1375	-6.5625	55.375
38.1375	-6.5375	55.379
38.1375	-6.5125	55.374
38.1375	-6.4875	55.364
38.1375	-6.4625	55.355
38.1375	-6.4375	55.354
38.1375	-6.4125	55.343
38.1375	-6.3875	55.35
38.1375	-6.3625	55.367
38.1375	-6.3375	55.372
38.1375	-6.3125	55.372
38.1375	-6.2875	55.367
38.1375	-6.2625	55.351
38.1375	-6.2375	55.328
38.1375	-6.2125	55.3
38.1375	-6.1875	55.254
38.1375	-6.1625	55.207
38.1375	-6.1375	55.172
38.1375	-6.1125	55.136
38.1375	-6.0875	55.096
38.1375	-6.0625	55.072
38.1375	-6.0375	55.053
38.1375	-6.0125	55.036
38.1375	-5.9875	55.01
38.1625	-10.0125	49.189
38.1625	-9.9875	49.324
38.1625	-9.9625	49.457
38.1625	-9.9375	49.586
38.1625	-9.9125	49.706
38.1625	-9.8875	49.817
38.1625	-9.8625	49.922
38.1625	-9.8375	50.029
38.1625	-9.8125	50.136
38.1625	-9.7875	50.235
38.1625	-9.7625	50.325
38.1625	-9.7375	50.398
38.1625	-9.7125	50.462
38.1625	-9.6875	50.52
38.1625	-9.6625	50.571
38.1625	-9.6375	50.621
38.1625	-9.6125	50.673
38.1625	-9.5875	50.735
38.1625	-9.5625	50.809
38.1625	-9.5375	50.89
38.1625	-9.5125	50.976
38.1625	-9.4875	51.072
38.1625	-9.4625	51.179
38.1625	-9.4375	51.292
38.1625	-9.4125	51.4
38.1625	-9.3875	51.505
38.1625	-9.3625	51.607
38.1625	-9.3375	51.706
38.1625	-9.3125	51.806
38.1625	-9.2875	51.909
38.1625	-9.2625	52.002
38.1625	-9.2375	52.087
38.1625	-9.2125	52.187
38.1625	-9.1875	52.293
38.1625	-9.1625	52.406
38.1625	-9.1375	52.51
38.1625	-9.1125	52.604
38.1625	-9.0875	52.7
38.1625	-9.0625	52.785
38.1625	-9.0375	52.863
38.1625	-9.0125	52.931
38.1625	-8.9875	52.998
38.1625	-8.9625	53.063
38.1625	-8.9375	53.127
38.1625	-8.9125	53.19
38.1625	-8.8875	53.265
38.1625	-8.8625	53.33
38.1625	-8.8375	53.406
38.1625	-8.8125	53.485
38.1625	-8.7875	53.587
38.1625	-8.7625	53.696
38.1625	-8.7375	53.792
38.1625	-8.7125	53.884
38.1625	-8.6875	53.962
38.1625	-8.6625	54.018
38.1625	-8.6375	54.035
38.1625	-8.6125	54.018
38.1625	-8.5875	53.995
38.1625	-8.5625	53.993
38.1625	-8.5375	54.025
38.1625	-8.5125	54.084
38.1625	-8.4875	54.136
38.1625	-8.4625	54.202
38.1625	-8.4375	54.26
38.1625	-8.4125	54.319
38.1625	-8.3875	54.366
38.1625	-8.3625	54.407
38.1625	-8.3375	54.451
38.1625	-8.3125	54.49
38.1625	-8.2875	54.537
38.1625	-8.2625	54.565
38.1625	-8.2375	54.588
38.1625	-8.2125	54.634
38.1625	-8.1875	54.686
38.1625	-8.1625	54.747
38.1625	-8.1375	54.815
38.1625	-8.1125	54.869
38.1625	-8.0875	54.915
38.1625	-8.0625	54.966
38.1625	-8.0375	54.987
38.1625	-8.0125	55.009
38.1625	-7.9875	55.006
38.1625	-7.9625	54.998
38.1625	-7.9375	54.974
38.1625	-7.9125	54.953
38.1625	-7.8875	54.941
38.1625	-7.8625	54.962
38.1625	-7.8375	54.99
38.1625	-7.8125	55.018
38.1625	-7.7875	55.034
38.1625	-7.7625	55.052
38.1625	-7.7375	55.065
38.1625	-7.7125	55.077
38.1625	-7.6875	55.102
38.1625	-7.6625	55.109
38.1625	-7.6375	55.121
38.1625	-7.6125	55.114
38.1625	-7.5875	55.115
38.1625	-7.5625	55.109
38.1625	-7.5375	55.083
38.1625	-7.5125	55.054
38.1625	-7.4875	55.03
38.1625	-7.4625	55.015
38.1625	-7.4375	55.036
38.1625	-7.4125	55.071
38.1625	-7.3875	55.102
38.1625	-7.3625	55.135
38.1625	-7.3375	55.16
38.1625	-7.3125	55.161
38.1625	-7.2875	55.157
38.1625	-7.2625	55.155
38.1625	-7.2375	55.15
38.1625	-7.2125	55.156
38.1625	-7.1875	55.154
38.1625	-7.1625	55.156
38.1625	-7.1375	55.157
38.1625	-7.1125	55.151
38.1625	-7.0875	55.148
38.1625	-7.0625	55.15
38.1625	-7.0375	55.156
38.1625	-7.0125	55.155
38.1625	-6.9875	55.158
38.1625	-6.9625	55.143
38.1625	-6.9375	55.137
38.1625	-6.9125	55.148
38.1625	-6.8875	55.164
38.1625	-6.8625	55.198
38.1625	-6.8375	55.236
38.1625	-6.8125	55.264
38.1625	-6.7875	55.28
38.1625	-6.7625	55.302
38.1625	-6.7375	55.317
38.1625	-6.7125	55.34
38.1625	-6.6875	55.351
38.1625	-6.6625	55.356
38.1625	-6.6375	55.352
38.1625	-6.6125	55.356
38.1625	-6.5875	55.365
38.1625	-6.5625	55.369
38.1625	-6.5375	55.37
38.1625	-6.5125	55.371
38.1625	-6.4875	55.366
38.1625	-6.4625	55.355
38.1625	-6.4375	55.357
38.1625	-6.4125	55.361
38.1625	-6.3875	55.369
38.1625	-6.3625	55.379
38.1625	-6.3375	55.388
38.1625	-6.3125	55.398
38.1625	-6.2875	55.388
38.1625	-6.2625	55.371
38.1625	-6.2375	55.347
38.1625	-6.2125	55.323
38.1625	-6.1875	55.285
38.1625	-6.1625	55.25
38.1625	-6.1375	55.211
38.1625	-6.1125	55.185
38.1625	-6.0875	55.15
38.1625	-6.0625	55.13
38.1625	-6.0375	55.108
38.1625	-6.0125	55.088
38.1625	-5.9875	55.077
38.1875	-10.0125	49.199
38.1875	-9.9875	49.339
38.1875	-9.9625	49.48
38.1875	-9.9375	49.615
38.1875	-9.9125	49.742
38.1875	-9.8875	49.859
38.1875	-9.8625	49.966
38.1875	-9.8375	50.068
38.1875	-9.8125	50.169
38.1875	-9.7875	50.27
38.1875	-9.7625	50.361
38.1875	-9.7375	50.443
38.1875	-9.7125	50.517
38.1875	-9.6875	50.584
38.1875	-9.6625	50.636
38.1875	-9.6375	50.676
38.1875	-9.6125	50.721
38.1875	-9.5875	50.779
38.1875	-9.5625	50.85
38.1875	-9.5375	50.92
38.1875	-9.5125	50.992
38.1875	-9.4875	51.078
38.1875	-9.4625	51.181
38.1875	-9.4375	51.293
38.1875	-9.4125	51.4
38.1875	-9.3875	51.506
38.1875	-9.3625	51.608
38.1875	-9.3375	51.699
38.1875	-9.3125	51.8
38.1875	-9.2875	51.9
38.1875	-9.2625	51.989
38.1875	-9.2375	52.081
38.1875	-9.2125	52.18
38.1875	-9.1875	52.29
38.1875	-9.1625	52.393
38.1875	-9.1375	52.488
38.1875	-9.1125	52.584
38.1875	-9.0875	52.689
38.1875	-9.0625	52.778
38.1875	-9.0375	52.856
38.1875	-9.0125	52.923
38.1875	-8.9875	52.986
38.1875	-8.9625	53.05
38.1875	-8.9375	53.115
38.1875	-8.9125	53.191
38.1875	-8.8875	53.255
38.1875	-8.8625	53.339
38.1875	-8.8375	53.415
38.1875	-8.8125	53.514
38.1875	-8.7875	53.617
38.1875	-8.7625	53.725
38.1875	-8.7375	53.801
38.1875	-8.7125	53.864
38.1875	-8.6875	53.925
38.1875	-8.6625	53.985
38.1875	-8.6375	53.994
38.1875	-8.6125	53.969
38.1875	-8.5875	53.947
38.1875	-8.5625	53.935
38.1875	-8.5375	53.983
38.1875	-8.5125	54.046
38.1875	-8.4875	54.114
38.1875	-8.4625	54.175
38.1875	-8.4375	54.239
38.1875	-8.4125	54.289
38.1875	-8.3875	54.348
38.1875	-8.3625	54.393
38.1875	-8.3375	54.433
38.1875	-8.3125	54.484
38.1875	-8.2875	54.522
38.1875	-8.2625	54.561
38.1875	-8.2375	54.608
38.1875	-8.2125	54.661
38.1875	-8.1875	54.718
38.1875	-8.1625	54.781
38.1875	-8.1375	54.843
38.1875	-8.1125	54.887
38.1875	-8.0875	54.936
38.1875	-8.0625	54.972
38.1875	-8.0375	55
38.1875	-8.0125	55.013
38.1875	-7.9875	55.012
38.1875	-7.9625	55.002
38.1875	-7.9375	54.989
38.1875	-7.9125	54.982
38.1875	-7.8875	54.988
38.1875	-7.8625	55.021
38.1875	-7.8375	55.05
38.1875	-7.8125	55.069
38.1875	-7.7875	55.085
38.1875	-7.7625	55.094
38.1875	-7.7375	55.1
38.1875	-7.7125	55.108
38.1875	-7.6875	55.124
38.1875	-7.6625	55.135
38.1875	-7.6375	55.154
38.1875	-7.6125	55.153
38.1875	-7.5875	55.136
38.1875	-7.5625	55.131
38.1875	-7.5375	55.111
38.1875	-7.5125	55.082
38.1875	-7.4875	55.04
38.1875	-7.4625	55.03
38.1875	-7.4375	55.047
38.1875	-7.4125	55.065
38.1875	-7.3875	55.102
38.1875	-7.3625	55.123
38.1875	-7.3375	55.143
38.1875	-7.3125	55.138
38.1875	-7.2875	55.142
38.1875	-7.2625	55.133
38.1875	-7.2375	55.128
38.1875	-7.2125	55.131
38.1875	-7.1875	55.13
38.1875	-7.1625	55.126
38.1875	-7.1375	55.126
38.1875	-7.1125	55.119
38.1875	-7.0875	55.125
38.1875	-7.0625	55.115
38.1875	-7.0375	55.117
38.1875	-7.0125	55.119
38.1875	-6.9875	55.116
38.1875	-6.9625	55.097
38.1875	-6.9375	55.089
38.1875	-6.9125	55.094
38.1875	-6.8875	55.111
38.1875	-6.8625	55.157
38.1875	-6.8375	55.193
38.1875	-6.8125	55.219
38.1875	-6.7875	55.237
38.1875	-6.7625	55.264
38.1875	-6.7375	55.296
38.1875	-6.7125	55.32
38.1875	-6.6875	55.339
38.1875	-6.6625	55.343
38.1875	-6.6375	55.346
38.1875	-6.6125	55.35
38.1875	-6.5875	55.353
38.1875	-6.5625	55.357
38.1875	-6.5375	55.37
38.1875	-6.5125	55.366
38.1875	-6.4875	55.372
38.1875	-6.4625	55.365
38.1875	-6.4375	55.37
38.1875	-6.4125	55.381
38.1875	-6.3875	55.39
38.1875	-6.3625	55.4
38.1875	-6.3375	55.407
38.1875	-6.3125	55.409
38.1875	-6.2875	55.41
38.1875	-6.2625	55.4
38.1875	-6.2375	55.372
38.1875	-6.2125	55.343
38.1875	-6.1875	55.322
38.1875	-6.1625	55.294
38.1875	-6.1375	55.262
38.1875	-6.1125	55.241
38.1875	-6.0875	55.208
38.1875	-6.0625	55.185
38.1875	-6.0375	55.172
38.1875	-6.0125	55.157
38.1875	-5.9875	55.135
38.2125	-10.0125	49.202
38.2125	-9.9875	49.344
38.2125	-9.9625	49.487
38.2125	-9.9375	49.625
38.2125	-9.9125	49.756
38.2125	-9.8875	49.876
38.2125	-9.8625	49.985
38.2125	-9.8375	50.082
38.2125	-9.8125	50.176
38.2125	-9.7875	50.272
38.2125	-9.7625	50.365
38.2125	-9.7375	50.453
38.2125	-9.7125	50.537
38.2125	-9.6875	50.616
38.2125	-9.6625	50.679
38.2125	-9.6375	50.728
38.2125	-9.6125	50.781
38.2125	-9.5875	50.846
38.2125	-9.5625	50.911
38.2125	-9.5375	50.972
38.2125	-9.5125	51.036
38.2125	-9.4875	51.107
38.2125	-9.4625	51.199
38.2125	-9.4375	51.297
38.2125	-9.4125	51.395
38.2125	-9.3875	51.486
38.2125	-9.3625	51.589
38.2125	-9.3375	51.694
38.2125	-9.3125	51.796
38.2125	-9.2875	51.892
38.2125	-9.2625	51.982
38.2125	-9.2375	52.073
38.2125	-9.2125	52.168
38.2125	-9.1875	52.268
38.2125	-9.1625	52.361
38.2125	-9.1375	52.465
38.2125	-9.1125	52.568
38.2125	-9.0875	52.67
38.2125	-9.0625	52.761
38.2125	-9.0375	52.838
38.2125	-9.0125	52.907
38.2125	-8.9875	52.97
38.2125	-8.9625	53.03
38.2125	-8.9375	53.101
38.2125	-8.9125	53.169
38.2125	-8.8875	53.245
38.2125	-8.8625	53.329
38.2125	-8.8375	53.415
38.2125	-8.8125	53.503
38.2125	-8.7875	53.605
38.2125	-8.7625	53.695
38.2125	-8.7375	53.759
38.2125	-8.7125	53.81
38.2125	-8.6875	53.865
38.2125	-8.6625	53.917
38.2125	-8.6375	53.936
38.2125	-8.6125	53.942
38.2125	-8.5875	53.938
38.2125	-8.5625	53.942
38.2125	-8.5375	53.985
38.2125	-8.5125	54.04
38.2125	-8.4875	54.105
38.2125	-8.4625	54.162
38.2125	-8.4375	54.228
38.2125	-8.4125	54.281
38.2125	-8.3875	54.332
38.2125	-8.3625	54.379
38.2125	-8.3375	54.423
38.2125	-8.3125	54.473
38.2125	-8.2875	54.52
38.2125	-8.2625	54.571
38.2125	-8.2375	54.618
38.2125	-8.2125	54.683
38.2125	-8.1875	54.745
38.2125	-8.1625	54.809
38.2125	-8.1375	54.861
38.2125	-8.1125	54.907
38.2125	-8.0875	54.95
38.2125	-8.0625	54.979
38.2125	-8.0375	55.004
38.2125	-8.0125	55.027
38.2125	-7.9875	55.038
38.2125	-7.9625	55.032
38.2125	-7.9375	55.035
38.2125	-7.9125	55.039
38.2125	-7.8875	55.067
38.2125	-7.8625	55.093
38.2125	-7.8375	55.121
38.2125	-7.8125	55.128
38.2125	-7.7875	55.141
38.2125	-7.7625	55.152
38.2125	-7.7375	55.165
38.2125	-7.7125	55.16
38.2125	-7.6875	55.165
38.2125	-7.6625	55.173
38.2125	-7.6375	55.192
38.2125	-7.6125	55.2
38.2125	-7.5875	55.18
38.2125	-7.5625	55.155
38.2125	-7.5375	55.127
38.2125	-7.5125	55.082
38.2125	-7.4875	55.052
38.2125	-7.4625	55.047
38.2125	-7.4375	55.053
38.2125	-7.4125	55.068
38.2125	-7.3875	55.089
38.2125	-7.3625	55.108
38.2125	-7.3375	55.119
38.2125	-7.3125	55.115
38.2125	-7.2875	55.116
38.2125	-7.2625	55.109
38.2125	-7.2375	55.113
38.2125	-7.2125	55.115
38.2125	-7.1875	55.115
38.2125	-7.1625	55.124
38.2125	-7.1375	55.121
38.2125	-7.1125	55.113
38.2125	-7.0875	55.124
38.2125	-7.0625	55.12
38.2125	-7.0375	55.104
38.2125	-7.0125	55.095
38.2125	-6.9875	55.09
38.2125	-6.9625	55.065
38.2125	-6.9375	55.049
38.2125	-6.9125	55.05
38.2125	-6.8875	55.063
38.2125	-6.8625	55.095
38.2125	-6.8375	55.127
38.2125	-6.8125	55.15
38.2125	-6.7875	55.185
38.2125	-6.7625	55.222
38.2125	-6.7375	55.251
38.2125	-6.7125	55.275
38.2125	-6.6875	55.301
38.2125	-6.6625	55.315
38.2125	-6.6375	55.32
38.2125	-6.6125	55.332
38.2125	-6.5875	55.344
38.2125	-6.5625	55.353
38.2125	-6.5375	55.358
38.2125	-6.5125	55.363
38.2125	-6.4875	55.365
38.2125	-6.4625	55.365
38.2125	-6.4375	55.383
38.2125	-6.4125	55.403
38.2125	-6.3875	55.409
38.2125	-6.3625	55.424
38.2125	-6.3375	55.43
38.2125	-6.3125	55.43
38.2125	-6.2875	55.427
38.2125	-6.2625	55.415
38.2125	-6.2375	55.389
38.2125	-6.2125	55.374
38.2125	-6.1875	55.348
38.2125	-6.1625	55.339
38.2125	-6.1375	55.315
38.2125	-6.1125	55.282
38.2125	-6.0875	55.25
38.2125	-6.0625	55.237
38.2125	-6.0375	55.215
38.2125	-6.0125	55.204
38.2125	-5.9875	55.171
38.2375	-10.0125	49.188
38.2375	-9.9875	49.328
38.2375	-9.9625	49.469
38.2375	-9.9375	49.607
38.2375	-9.9125	49.739
38.2375	-9.8875	49.861
38.2375	-9.8625	49.967
38.2375	-9.8375	50.058
38.2375	-9.8125	50.146
38.2375	-9.7875	50.241
38.2375	-9.7625	50.336
38.2375	-9.7375	50.429
38.2375	-9.7125	50.521
38.2375	-9.6875	50.61
38.2375	-9.6625	50.693
38.2375	-9.6375	50.767
38.2375	-9.6125	50.835
38.2375	-9.5875	50.906
38.2375	-9.5625	50.973
38.2375	-9.5375	51.036
38.2375	-9.5125	51.093
38.2375	-9.4875	51.153
38.2375	-9.4625	51.229
38.2375	-9.4375	51.312
38.2375	-9.4125	51.391
38.2375	-9.3875	51.484
38.2375	-9.3625	51.584
38.2375	-9.3375	51.687
38.2375	-9.3125	51.785
38.2375	-9.2875	51.869
38.2375	-9.2625	51.965
38.2375	-9.2375	52.059
38.2375	-9.2125	52.154
38.2375	-9.1875	52.256
38.2375	-9.1625	52.36
38.2375	-9.1375	52.463
38.2375	-9.1125	52.569
38.2375	-9.0875	52.671
38.2375	-9.0625	52.749
38.2375	-9.0375	52.824
38.2375	-9.0125	52.889
38.2375	-8.9875	52.951
38.2375	-8.9625	53.02
38.2375	-8.9375	53.081
38.2375	-8.9125	53.15
38.2375	-8.8875	53.226
38.2375	-8.8625	53.3
38.2375	-8.8375	53.376
38.2375	-8.8125	53.454
38.2375	-8.7875	53.527
38.2375	-8.7625	53.603
38.2375	-8.7375	53.669
38.2375	-8.7125	53.738
38.2375	-8.6875	53.801
38.2375	-8.6625	53.86
38.2375	-8.6375	53.91
38.2375	-8.6125	53.934
38.2375	-8.5875	53.96
38.2375	-8.5625	53.977
38.2375	-8.5375	54.012
38.2375	-8.5125	54.05
38.2375	-8.4875	54.116
38.2375	-8.4625	54.174
38.2375	-8.4375	54.229
38.2375	-8.4125	54.286
38.2375	-8.3875	54.334
38.2375	-8.3625	54.386
38.2375	-8.3375	54.432
38.2375	-8.3125	54.479
38.2375	-8.2875	54.529
38.2375	-8.2625	54.575
38.2375	-8.2375	54.637
38.2375	-8.2125	54.692
38.2375	-8.1875	54.77
38.2375	-8.1625	54.826
38.2375	-8.1375	54.883
38.2375	-8.1125	54.923
38.2375	-8.0875	54.968
38.2375	-8.0625	54.993
38.2375	-8.0375	55.027
38.2375	-8.0125	55.052
38.2375	-7.9875	55.061
38.2375	-7.9625	55.067
38.2375	-7.9375	55.081
38.2375	-7.9125	55.098
38.2375	-7.8875	55.117
38.2375	-7.8625	55.141
38.2375	-7.8375	55.156
38.2375	-7.8125	55.173
38.2375	-7.7875	55.186
38.2375	-7.7625	55.192
38.2375	-7.7375	55.194
38.2375	-7.7125	55.19
38.2375	-7.6875	55.19
38.2375	-7.6625	55.189
38.2375	-7.6375	55.204
38.2375	-7.6125	55.212
38.2375	-7.5875	55.196
38.2375	-7.5625	55.164
38.2375	-7.5375	55.129
38.2375	-7.5125	55.096
38.2375	-7.4875	55.069
38.2375	-7.4625	55.052
38.2375	-7.4375	55.047
38.2375	-7.4125	55.043
38.2375	-7.3875	55.06
38.2375	-7.3625	55.068
38.2375	-7.3375	55.081
38.2375	-7.3125	55.076
38.2375	-7.2875	55.067
38.2375	-7.2625	55.069
38.2375	-7.2375	55.07
38.2375	-7.2125	55.071
38.2375	-7.1875	55.084
38.2375	-7.1625	55.096
38.2375	-7.1375	55.106
38.2375	-7.1125	55.105
38.2375	-7.0875	55.099
38.2375	-7.0625	55.107
38.2375	-7.0375	55.102
38.2375	-7.0125	55.096
38.2375	-6.9875	55.08
38.2375	-6.9625	55.069
38.2375	-6.9375	55.057
38.2375	-6.9125	55.056
38.2375	-6.8875	55.066
38.2375	-6.8625	55.08
38.2375	-6.8375	55.102
38.2375	-6.8125	55.122
38.2375	-6.7875	55.15
38.2375	-6.7625	55.179
38.2375	-6.7375	55.195
38.2375	-6.7125	55.229
38.2375	-6.6875	55.255
38.2375	-6.6625	55.27
38.2375	-6.6375	55.29
38.2375	-6.6125	55.299
38.2375	-6.5875	55.321
38.2375	-6.5625	55.338
38.2375	-6.5375	55.335
38.2375	-6.5125	55.348
38.2375	-6.4875	55.366
38.2375	-6.4625	55.378
38.2375	-6.4375	55.402
38.2375	-6.4125	55.413
38.2375	-6.3875	55.42
38.2375	-6.3625	55.434
38.2375	-6.3375	55.434
38.2375	-6.3125	55.435
38.2375	-6.2875	55.436
38.2375	-6.2625	55.419
38.2375	-6.2375	55.409
38.2375	-6.2125	55.392
38.2375	-6.1875	55.373
38.2375	-6.1625	55.361
38.2375	-6.1375	55.335
38.2375	-6.1125	55.312
38.2375	-6.0875	55.276
38.2375	-6.0625	55.252
38.2375	-6.0375	55.231
38.2375	-6.0125	55.216
38.2375	-5.9875	55.193
38.2625	-10.0125	49.161
38.2625	-9.9875	49.294
38.2625	-9.9625	49.428
38.2625	-9.9375	49.561
38.2625	-9.9125	49.692
38.2625	-9.8875	49.816
38.2625	-9.8625	49.923
38.2625	-9.8375	50.012
38.2625	-9.8125	50.101
38.2625	-9.7875	50.198
38.2625	-9.7625	50.298
38.2625	-9.7375	50.397
38.2625	-9.7125	50.494
38.2625	-9.6875	50.592
38.2625	-9.6625	50.69
38.2625	-9.6375	50.781
38.2625	-9.6125	50.863
38.2625	-9.5875	50.942
38.2625	-9.5625	51.02
38.2625	-9.5375	51.093
38.2625	-9.5125	51.157
38.2625	-9.4875	51.22
38.2625	-9.4625	51.282
38.2625	-9.4375	51.36
38.2625	-9.4125	51.441
38.2625	-9.3875	51.524
38.2625	-9.3625	51.61
38.2625	-9.3375	51.691
38.2625	-9.3125	51.787
38.2625	-9.2875	51.887
38.2625	-9.2625	51.989
38.2625	-9.2375	52.077
38.2625	-9.2125	52.172
38.2625	-9.1875	52.265
38.2625	-9.1625	52.36
38.2625	-9.1375	52.459
38.2625	-9.1125	52.562
38.2625	-9.0875	52.642
38.2625	-9.0625	52.726
38.2625	-9.0375	52.797
38.2625	-9.0125	52.86
38.2625	-8.9875	52.922
38.2625	-8.9625	52.982
38.2625	-8.9375	53.049
38.2625	-8.9125	53.127
38.2625	-8.8875	53.193
38.2625	-8.8625	53.255
38.2625	-8.8375	53.321
38.2625	-8.8125	53.389
38.2625	-8.7875	53.461
38.2625	-8.7625	53.53
38.2625	-8.7375	53.605
38.2625	-8.7125	53.682
38.2625	-8.6875	53.763
38.2625	-8.6625	53.843
38.2625	-8.6375	53.907
38.2625	-8.6125	53.947
38.2625	-8.5875	53.99
38.2625	-8.5625	54.026
38.2625	-8.5375	54.046
38.2625	-8.5125	54.082
38.2625	-8.4875	54.136
38.2625	-8.4625	54.194
38.2625	-8.4375	54.241
38.2625	-8.4125	54.301
38.2625	-8.3875	54.361
38.2625	-8.3625	54.405
38.2625	-8.3375	54.463
38.2625	-8.3125	54.509
38.2625	-8.2875	54.561
38.2625	-8.2625	54.608
38.2625	-8.2375	54.675
38.2625	-8.2125	54.74
38.2625	-8.1875	54.803
38.2625	-8.1625	54.863
38.2625	-8.1375	54.915
38.2625	-8.1125	54.952
38.2625	-8.0875	54.982
38.2625	-8.0625	55.015
38.2625	-8.0375	55.049
38.2625	-8.0125	55.081
38.2625	-7.9875	55.086
38.2625	-7.9625	55.091
38.2625	-7.9375	55.091
38.2625	-7.9125	55.116
38.2625	-7.8875	55.139
38.2625	-7.8625	55.158
38.2625	-7.8375	55.173
38.2625	-7.8125	55.196
38.2625	-7.7875	55.195
38.2625	-7.7625	55.209
38.2625	-7.7375	55.211
38.2625	-7.7125	55.211
38.2625	-7.6875	55.201
38.2625	-7.6625	55.183
38.2625	-7.6375	55.182
38.2625	-7.6125	55.177
38.2625	-7.5875	55.167
38.2625	-7.5625	55.152
38.2625	-7.5375	55.132
38.2625	-7.5125	55.098
38.2625	-7.4875	55.072
38.2625	-7.4625	55.05
38.2625	-7.4375	55.025
38.2625	-7.4125	55.013
38.2625	-7.3875	55.019
38.2625	-7.3625	55.029
38.2625	-7.3375	55.034
38.2625	-7.3125	55.02
38.2625	-7.2875	55.019
38.2625	-7.2625	55.017
38.2625	-7.2375	55.015
38.2625	-7.2125	55.02
38.2625	-7.1875	55.032
38.2625	-7.1625	55.048
38.2625	-7.1375	55.065
38.2625	-7.1125	55.078
38.2625	-7.0875	55.081
38.2625	-7.0625	55.081
38.2625	-7.0375	55.083
38.2625	-7.0125	55.088
38.2625	-6.9875	55.09
38.2625	-6.9625	55.093
38.2625	-6.9375	55.087
38.2625	-6.9125	55.095
38.2625	-6.8875	55.098
38.2625	-6.8625	55.104
38.2625	-6.8375	55.119
38.2625	-6.8125	55.125
38.2625	-6.7875	55.127
38.2625	-6.7625	55.145
38.2625	-6.7375	55.157
38.2625	-6.7125	55.188
38.2625	-6.6875	55.21
38.2625	-6.6625	55.235
38.2625	-6.6375	55.25
38.2625	-6.6125	55.265
38.2625	-6.5875	55.292
38.2625	-6.5625	55.311
38.2625	-6.5375	55.323
38.2625	-6.5125	55.335
38.2625	-6.4875	55.364
38.2625	-6.4625	55.391
38.2625	-6.4375	55.4
38.2625	-6.4125	55.417
38.2625	-6.3875	55.422
38.2625	-6.3625	55.437
38.2625	-6.3375	55.439
38.2625	-6.3125	55.441
38.2625	-6.2875	55.437
38.2625	-6.2625	55.424
38.2625	-6.2375	55.405
38.2625	-6.2125	55.393
38.2625	-6.1875	55.381
38.2625	-6.1625	55.362
38.2625	-6.1375	55.346
38.2625	-6.1125	55.315
38.2625	-6.0875	55.286
38.2625	-6.0625	55.26
38.2625	-6.0375	55.235
38.2625	-6.0125	55.218
38.2625	-5.9875	55.201
38.2875	-10.0125	49.123
38.2875	-9.9875	49.249
38.2875	-9.9625	49.375
38.2875	-9.9375	49.502
38.2875	-9.9125	49.629
38.2875	-9.8875	49.751
38.2875	-9.8625	49.862
38.2875	-9.8375	49.964
38.2875	-9.8125	50.067
38.2875	-9.7875	50.173
38.2875	-9.7625	50.28
38.2875	-9.7375	50.383
38.2875	-9.7125	50.485
38.2875	-9.6875	50.586
38.2875	-9.6625	50.686
38.2875	-9.6375	50.785
38.2875	-9.6125	50.876
38.2875	-9.5875	50.965
38.2875	-9.5625	51.054
38.2875	-9.5375	51.139
38.2875	-9.5125	51.216
38.2875	-9.4875	51.28
38.2875	-9.4625	51.357
38.2875	-9.4375	51.437
38.2875	-9.4125	51.522
38.2875	-9.3875	51.587
38.2875	-9.3625	51.658
38.2875	-9.3375	51.74
38.2875	-9.3125	51.824
38.2875	-9.2875	51.93
38.2875	-9.2625	52.031
38.2875	-9.2375	52.139
38.2875	-9.2125	52.237
38.2875	-9.1875	52.329
38.2875	-9.1625	52.412
38.2875	-9.1375	52.505
38.2875	-9.1125	52.587
38.2875	-9.0875	52.662
38.2875	-9.0625	52.738
38.2875	-9.0375	52.809
38.2875	-9.0125	52.878
38.2875	-8.9875	52.937
38.2875	-8.9625	52.987
38.2875	-8.9375	53.054
38.2875	-8.9125	53.117
38.2875	-8.8875	53.166
38.2875	-8.8625	53.217
38.2875	-8.8375	53.28
38.2875	-8.8125	53.338
38.2875	-8.7875	53.41
38.2875	-8.7625	53.488
38.2875	-8.7375	53.572
38.2875	-8.7125	53.669
38.2875	-8.6875	53.764
38.2875	-8.6625	53.843
38.2875	-8.6375	53.912
38.2875	-8.6125	53.963
38.2875	-8.5875	54.008
38.2875	-8.5625	54.043
38.2875	-8.5375	54.069
38.2875	-8.5125	54.106
38.2875	-8.4875	54.156
38.2875	-8.4625	54.216
38.2875	-8.4375	54.27
38.2875	-8.4125	54.332
38.2875	-8.3875	54.391
38.2875	-8.3625	54.453
38.2875	-8.3375	54.495
38.2875	-8.3125	54.549
38.2875	-8.2875	54.611
38.2875	-8.2625	54.659
38.2875	-8.2375	54.722
38.2875	-8.2125	54.785
38.2875	-8.1875	54.846
38.2875	-8.1625	54.907
38.2875	-8.1375	54.949
38.2875	-8.1125	54.978
38.2875	-8.0875	55.006
38.2875	-8.0625	55.023
38.2875	-8.0375	55.056
38.2875	-8.0125	55.083
38.2875	-7.9875	55.098
38.2875	-7.9625	55.103
38.2875	-7.9375	55.109
38.2875	-7.9125	55.114
38.2875	-7.8875	55.122
38.2875	-7.8625	55.142
38.2875	-7.8375	55.157
38.2875	-7.8125	55.17
38.2875	-7.7875	55.192
38.2875	-7.7625	55.218
38.2875	-7.7375	55.244
38.2875	-7.7125	55.249
38.2875	-7.6875	55.233
38.2875	-7.6625	55.204
38.2875	-7.6375	55.182
38.2875	-7.6125	55.171
38.2875	-7.5875	55.16
38.2875	-7.5625	55.14
38.2875	-7.5375	55.118
38.2875	-7.5125	55.093
38.2875	-7.4875	55.066
38.2875	-7.4625	55.043
38.2875	-7.4375	55.014
38.2875	-7.4125	54.988
38.2875	-7.3875	54.991
38.2875	-7.3625	54.985
38.2875	-7.3375	54.98
38.2875	-7.3125	54.976
38.2875	-7.2875	54.96
38.2875	-7.2625	54.947
38.2875	-7.2375	54.951
38.2875	-7.2125	54.955
38.2875	-7.1875	54.982
38.2875	-7.1625	55.004
38.2875	-7.1375	55.038
38.2875	-7.1125	55.051
38.2875	-7.0875	55.05
38.2875	-7.0625	55.063
38.2875	-7.0375	55.065
38.2875	-7.0125	55.075
38.2875	-6.9875	55.096
38.2875	-6.9625	55.109
38.2875	-6.9375	55.117
38.2875	-6.9125	55.127
38.2875	-6.8875	55.14
38.2875	-6.8625	55.146
38.2875	-6.8375	55.154
38.2875	-6.8125	55.152
38.2875	-6.7875	55.146
38.2875	-6.7625	55.143
38.2875	-6.7375	55.155
38.2875	-6.7125	55.171
38.2875	-6.6875	55.179
38.2875	-6.6625	55.203
38.2875	-6.6375	55.211
38.2875	-6.6125	55.23
38.2875	-6.5875	55.254
38.2875	-6.5625	55.273
38.2875	-6.5375	55.3
38.2875	-6.5125	55.332
38.2875	-6.4875	55.367
38.2875	-6.4625	55.386
38.2875	-6.4375	55.391
38.2875	-6.4125	55.41
38.2875	-6.3875	55.42
38.2875	-6.3625	55.432
38.2875	-6.3375	55.438
38.2875	-6.3125	55.437
38.2875	-6.2875	55.431
38.2875	-6.2625	55.418
38.2875	-6.2375	55.402
38.2875	-6.2125	55.388
38.2875	-6.1875	55.373
38.2875	-6.1625	55.356
38.2875	-6.1375	55.332
38.2875	-6.1125	55.307
38.2875	-6.0875	55.282
38.2875	-6.0625	55.259
38.2875	-6.0375	55.239
38.2875	-6.0125	55.22
38.2875	-5.9875	55.203
38.3125	-10.0125	49.083
38.3125	-9.9875	49.203
38.3125	-9.9625	49.325
38.3125	-9.9375	49.447
38.3125	-9.9125	49.572
38.3125	-9.8875	49.697
38.3125	-9.8625	49.817
38.3125	-9.8375	49.937
38.3125	-9.8125	50.058
38.3125	-9.7875	50.179
38.3125	-9.7625	50.299
38.3125	-9.7375	50.41
38.3125	-9.7125	50.517
38.3125	-9.6875	50.617
38.3125	-9.6625	50.716
38.3125	-9.6375	50.814
38.3125	-9.6125	50.91
38.3125	-9.5875	51.004
38.3125	-9.5625	51.099
38.3125	-9.5375	51.189
38.3125	-9.5125	51.263
38.3125	-9.4875	51.343
38.3125	-9.4625	51.426
38.3125	-9.4375	51.518
38.3125	-9.4125	51.599
38.3125	-9.3875	51.672
38.3125	-9.3625	51.732
38.3125	-9.3375	51.81
38.3125	-9.3125	51.895
38.3125	-9.2875	52.008
38.3125	-9.2625	52.122
38.3125	-9.2375	52.242
38.3125	-9.2125	52.338
38.3125	-9.1875	52.429
38.3125	-9.1625	52.509
38.3125	-9.1375	52.585
38.3125	-9.1125	52.651
38.3125	-9.0875	52.713
38.3125	-9.0625	52.781
38.3125	-9.0375	52.852
38.3125	-9.0125	52.916
38.3125	-8.9875	52.97
38.3125	-8.9625	53.012
38.3125	-8.9375	53.064
38.3125	-8.9125	53.107
38.3125	-8.8875	53.149
38.3125	-8.8625	53.194
38.3125	-8.8375	53.235
38.3125	-8.8125	53.302
38.3125	-8.7875	53.373
38.3125	-8.7625	53.458
38.3125	-8.7375	53.552
38.3125	-8.7125	53.664
38.3125	-8.6875	53.77
38.3125	-8.6625	53.863
38.3125	-8.6375	53.919
38.3125	-8.6125	53.969
38.3125	-8.5875	54.01
38.3125	-8.5625	54.044
38.3125	-8.5375	54.076
38.3125	-8.5125	54.115
38.3125	-8.4875	54.168
38.3125	-8.4625	54.246
38.3125	-8.4375	54.302
38.3125	-8.4125	54.375
38.3125	-8.3875	54.443
38.3125	-8.3625	54.507
38.3125	-8.3375	54.553
38.3125	-8.3125	54.606
38.3125	-8.2875	54.662
38.3125	-8.2625	54.714
38.3125	-8.2375	54.775
38.3125	-8.2125	54.835
38.3125	-8.1875	54.883
38.3125	-8.1625	54.934
38.3125	-8.1375	54.967
38.3125	-8.1125	54.988
38.3125	-8.0875	55.004
38.3125	-8.0625	55.02
38.3125	-8.0375	55.042
38.3125	-8.0125	55.068
38.3125	-7.9875	55.094
38.3125	-7.9625	55.107
38.3125	-7.9375	55.107
38.3125	-7.9125	55.11
38.3125	-7.8875	55.116
38.3125	-7.8625	55.123
38.3125	-7.8375	55.138
38.3125	-7.8125	55.153
38.3125	-7.7875	55.188
38.3125	-7.7625	55.225
38.3125	-7.7375	55.266
38.3125	-7.7125	55.281
38.3125	-7.6875	55.273
38.3125	-7.6625	55.241
38.3125	-7.6375	55.218
38.3125	-7.6125	55.204
38.3125	-7.5875	55.185
38.3125	-7.5625	55.147
38.3125	-7.5375	55.135
38.3125	-7.5125	55.113
38.3125	-7.4875	55.069
38.3125	-7.4625	55.03
38.3125	-7.4375	54.998
38.3125	-7.4125	54.97
38.3125	-7.3875	54.962
38.3125	-7.3625	54.962
38.3125	-7.3375	54.955
38.3125	-7.3125	54.938
38.3125	-7.2875	54.91
38.3125	-7.2625	54.895
38.3125	-7.2375	54.886
38.3125	-7.2125	54.91
38.3125	-7.1875	54.939
38.3125	-7.1625	54.97
38.3125	-7.1375	54.994
38.3125	-7.1125	55.018
38.3125	-7.0875	55.03
38.3125	-7.0625	55.047
38.3125	-7.0375	55.047
38.3125	-7.0125	55.072
38.3125	-6.9875	55.082
38.3125	-6.9625	55.103
38.3125	-6.9375	55.132
38.3125	-6.9125	55.144
38.3125	-6.8875	55.161
38.3125	-6.8625	55.174
38.3125	-6.8375	55.174
38.3125	-6.8125	55.18
38.3125	-6.7875	55.182
38.3125	-6.7625	55.185
38.3125	-6.7375	55.193
38.3125	-6.7125	55.184
38.3125	-6.6875	55.191
38.3125	-6.6625	55.202
38.3125	-6.6375	55.214
38.3125	-6.6125	55.233
38.3125	-6.5875	55.248
38.3125	-6.5625	55.268
38.3125	-6.5375	55.3
38.3125	-6.5125	55.333
38.3125	-6.4875	55.362
38.3125	-6.4625	55.37
38.3125	-6.4375	55.388
38.3125	-6.4125	55.402
38.3125	-6.3875	55.421
38.3125	-6.3625	55.424
38.3125	-6.3375	55.433
38.3125	-6.3125	55.42
38.3125	-6.2875	55.411
38.3125	-6.2625	55.401
38.3125	-6.2375	55.388
38.3125	-6.2125	55.372
38.3125	-6.1875	55.354
38.3125	-6.1625	55.332
38.3125	-6.1375	55.314
38.3125	-6.1125	55.291
38.3125	-6.0875	55.267
38.3125	-6.0625	55.246
38.3125	-6.0375	55.23
38.3125	-6.0125	55.208
38.3125	-5.9875	55.189
38.3375	-10.0125	49.052
38.3375	-9.9875	49.17
38.3375	-9.9625	49.289
38.3375	-9.9375	49.413
38.3375	-9.9125	49.541
38.3375	-9.8875	49.672
38.3375	-9.8625	49.807
38.3375	-9.8375	49.943
38.3375	-9.8125	50.081
38.3375	-9.7875	50.219
38.3375	-9.7625	50.352
38.3375	-9.7375	50.478
38.3375	-9.7125	50.594
38.3375	-9.6875	50.698
38.3375	-9.6625	50.797
38.3375	-9.6375	50.895
38.3375	-9.6125	50.993
38.3375	-9.5875	51.088
38.3375	-9.5625	51.179
38.3375	-9.5375	51.258
38.3375	-9.5125	51.343
38.3375	-9.4875	51.427
38.3375	-9.4625	51.516
38.3375	-9.4375	51.604
38.3375	-9.4125	51.701
38.3375	-9.3875	51.768
38.3375	-9.3625	51.831
38.3375	-9.3375	51.899
38.3375	-9.3125	51.996
38.3375	-9.2875	52.107
38.3375	-9.2625	52.229
38.3375	-9.2375	52.357
38.3375	-9.2125	52.452
38.3375	-9.1875	52.524
38.3375	-9.1625	52.603
38.3375	-9.1375	52.666
38.3375	-9.1125	52.722
38.3375	-9.0875	52.776
38.3375	-9.0625	52.835
38.3375	-9.0375	52.893
38.3375	-9.0125	52.947
38.3375	-8.9875	52.995
38.3375	-8.9625	53.03
38.3375	-8.9375	53.065
38.3375	-8.9125	53.1
38.3375	-8.8875	53.138
38.3375	-8.8625	53.169
38.3375	-8.8375	53.207
38.3375	-8.8125	53.261
38.3375	-8.7875	53.339
38.3375	-8.7625	53.424
38.3375	-8.7375	53.537
38.3375	-8.7125	53.649
38.3375	-8.6875	53.757
38.3375	-8.6625	53.849
38.3375	-8.6375	53.913
38.3375	-8.6125	53.96
38.3375	-8.5875	53.998
38.3375	-8.5625	54.032
38.3375	-8.5375	54.066
38.3375	-8.5125	54.114
38.3375	-8.4875	54.169
38.3375	-8.4625	54.252
38.3375	-8.4375	54.321
38.3375	-8.4125	54.39
38.3375	-8.3875	54.473
38.3375	-8.3625	54.551
38.3375	-8.3375	54.61
38.3375	-8.3125	54.657
38.3375	-8.2875	54.706
38.3375	-8.2625	54.763
38.3375	-8.2375	54.815
38.3375	-8.2125	54.866
38.3375	-8.1875	54.915
38.3375	-8.1625	54.942
38.3375	-8.1375	54.965
38.3375	-8.1125	54.973
38.3375	-8.0875	54.985
38.3375	-8.0625	55.001
38.3375	-8.0375	55.017
38.3375	-8.0125	55.04
38.3375	-7.9875	55.069
38.3375	-7.9625	55.086
38.3375	-7.9375	55.091
38.3375	-7.9125	55.112
38.3375	-7.8875	55.107
38.3375	-7.8625	55.112
38.3375	-7.8375	55.119
38.3375	-7.8125	55.135
38.3375	-7.7875	55.17
38.3375	-7.7625	55.215
38.3375	-7.7375	55.271
38.3375	-7.7125	55.295
38.3375	-7.6875	55.295
38.3375	-7.6625	55.27
38.3375	-7.6375	55.252
38.3375	-7.6125	55.226
38.3375	-7.5875	55.206
38.3375	-7.5625	55.188
38.3375	-7.5375	55.164
38.3375	-7.5125	55.125
38.3375	-7.4875	55.079
38.3375	-7.4625	55.03
38.3375	-7.4375	54.987
38.3375	-7.4125	54.961
38.3375	-7.3875	54.958
38.3375	-7.3625	54.981
38.3375	-7.3375	54.975
38.3375	-7.3125	54.948
38.3375	-7.2875	54.896
38.3375	-7.2625	54.867
38.3375	-7.2375	54.849
38.3375	-7.2125	54.868
38.3375	-7.1875	54.884
38.3375	-7.1625	54.924
38.3375	-7.1375	54.957
38.3375	-7.1125	54.985
38.3375	-7.0875	55.017
38.3375	-7.0625	55.037
38.3375	-7.0375	55.047
38.3375	-7.0125	55.062
38.3375	-6.9875	55.093
38.3375	-6.9625	55.108
38.3375	-6.9375	55.135
38.3375	-6.9125	55.163
38.3375	-6.8875	55.179
38.3375	-6.8625	55.196
38.3375	-6.8375	55.209
38.3375	-6.8125	55.226
38.3375	-6.7875	55.242
38.3375	-6.7625	55.241
38.3375	-6.7375	55.228
38.3375	-6.7125	55.211
38.3375	-6.6875	55.216
38.3375	-6.6625	55.219
38.3375	-6.6375	55.232
38.3375	-6.6125	55.261
38.3375	-6.5875	55.289
38.3375	-6.5625	55.31
38.3375	-6.5375	55.344
38.3375	-6.5125	55.36
38.3375	-6.4875	55.376
38.3375	-6.4625	55.377
38.3375	-6.4375	55.394
38.3375	-6.4125	55.404
38.3375	-6.3875	55.408
38.3375	-6.3625	55.414
38.3375	-6.3375	55.404
38.3375	-6.3125	55.398
38.3375	-6.2875	55.389
38.3375	-6.2625	55.379
38.3375	-6.2375	55.371
38.3375	-6.2125	55.353
38.3375	-6.1875	55.334
38.3375	-6.1625	55.312
38.3375	-6.1375	55.291
38.3375	-6.1125	55.269
38.3375	-6.0875	55.246
38.3375	-6.0625	55.228
38.3375	-6.0375	55.212
38.3375	-6.0125	55.196
38.3375	-5.9875	55.165
38.3625	-10.0125	49.044
38.3625	-9.9875	49.161
38.3625	-9.9625	49.284
38.3625	-9.9375	49.411
38.3625	-9.9125	49.546
38.3625	-9.8875	49.686
38.3625	-9.8625	49.831
38.3625	-9.8375	49.983
38.3625	-9.8125	50.137
38.3625	-9.7875	50.291
38.3625	-9.7625	50.439
38.3625	-9.7375	50.576
38.3625	-9.7125	50.704
38.3625	-9.6875	50.821
38.3625	-9.6625	50.927
38.3625	-9.6375	51.028
38.3625	-9.6125	51.126
38.3625	-9.5875	51.216
38.3625	-9.5625	51.301
38.3625	-9.5375	51.377
38.3625	-9.5125	51.458
38.3625	-9.4875	51.542
38.3625	-9.4625	51.63
38.3625	-9.4375	51.745
38.3625	-9.4125	51.837
38.3625	-9.3875	51.9
38.3625	-9.3625	51.941
38.3625	-9.3375	52.016
38.3625	-9.3125	52.126
38.3625	-9.2875	52.232
38.3625	-9.2625	52.352
38.3625	-9.2375	52.457
38.3625	-9.2125	52.546
38.3625	-9.1875	52.611
38.3625	-9.1625	52.672
38.3625	-9.1375	52.724
38.3625	-9.1125	52.772
38.3625	-9.0875	52.819
38.3625	-9.0625	52.879
38.3625	-9.0375	52.928
38.3625	-9.0125	52.984
38.3625	-8.9875	53.019
38.3625	-8.9625	53.059
38.3625	-8.9375	53.078
38.3625	-8.9125	53.108
38.3625	-8.8875	53.132
38.3625	-8.8625	53.16
38.3625	-8.8375	53.194
38.3625	-8.8125	53.243
38.3625	-8.7875	53.31
38.3625	-8.7625	53.403
38.3625	-8.7375	53.514
38.3625	-8.7125	53.625
38.3625	-8.6875	53.733
38.3625	-8.6625	53.824
38.3625	-8.6375	53.895
38.3625	-8.6125	53.95
38.3625	-8.5875	53.987
38.3625	-8.5625	54.02
38.3625	-8.5375	54.056
38.3625	-8.5125	54.093
38.3625	-8.4875	54.154
38.3625	-8.4625	54.223
38.3625	-8.4375	54.312
38.3625	-8.4125	54.402
38.3625	-8.3875	54.485
38.3625	-8.3625	54.574
38.3625	-8.3375	54.637
38.3625	-8.3125	54.691
38.3625	-8.2875	54.739
38.3625	-8.2625	54.798
38.3625	-8.2375	54.848
38.3625	-8.2125	54.9
38.3625	-8.1875	54.936
38.3625	-8.1625	54.947
38.3625	-8.1375	54.964
38.3625	-8.1125	54.968
38.3625	-8.0875	54.966
38.3625	-8.0625	54.966
38.3625	-8.0375	54.98
38.3625	-8.0125	55.006
38.3625	-7.9875	55.024
38.3625	-7.9625	55.053
38.3625	-7.9375	55.076
38.3625	-7.9125	55.088
38.3625	-7.8875	55.1
38.3625	-7.8625	55.105
38.3625	-7.8375	55.108
38.3625	-7.8125	55.108
38.3625	-7.7875	55.135
38.3625	-7.7625	55.17
38.3625	-7.7375	55.217
38.3625	-7.7125	55.248
38.3625	-7.6875	55.256
38.3625	-7.6625	55.253
38.3625	-7.6375	55.244
38.3625	-7.6125	55.241
38.3625	-7.5875	55.223
38.3625	-7.5625	55.218
38.3625	-7.5375	55.191
38.3625	-7.5125	55.151
38.3625	-7.4875	55.084
38.3625	-7.4625	55.022
38.3625	-7.4375	54.97
38.3625	-7.4125	54.952
38.3625	-7.3875	54.967
38.3625	-7.3625	55.002
38.3625	-7.3375	55.01
38.3625	-7.3125	54.976
38.3625	-7.2875	54.917
38.3625	-7.2625	54.868
38.3625	-7.2375	54.84
38.3625	-7.2125	54.85
38.3625	-7.1875	54.874
38.3625	-7.1625	54.905
38.3625	-7.1375	54.939
38.3625	-7.1125	54.975
38.3625	-7.0875	55.001
38.3625	-7.0625	55.02
38.3625	-7.0375	55.042
38.3625	-7.0125	55.075
38.3625	-6.9875	55.087
38.3625	-6.9625	55.121
38.3625	-6.9375	55.146
38.3625	-6.9125	55.163
38.3625	-6.8875	55.195
38.3625	-6.8625	55.223
38.3625	-6.8375	55.253
38.3625	-6.8125	55.277
38.3625	-6.7875	55.277
38.3625	-6.7625	55.269
38.3625	-6.7375	55.247
38.3625	-6.7125	55.237
38.3625	-6.6875	55.237
38.3625	-6.6625	55.249
38.3625	-6.6375	55.273
38.3625	-6.6125	55.294
38.3625	-6.5875	55.32
38.3625	-6.5625	55.343
38.3625	-6.5375	55.371
38.3625	-6.5125	55.377
38.3625	-6.4875	55.375
38.3625	-6.4625	55.376
38.3625	-6.4375	55.377
38.3625	-6.4125	55.382
38.3625	-6.3875	55.394
38.3625	-6.3625	55.385
38.3625	-6.3375	55.389
38.3625	-6.3125	55.374
38.3625	-6.2875	55.365
38.3625	-6.2625	55.356
38.3625	-6.2375	55.347
38.3625	-6.2125	55.333
38.3625	-6.1875	55.312
38.3625	-6.1625	55.285
38.3625	-6.1375	55.262
38.3625	-6.1125	55.238
38.3625	-6.0875	55.222
38.3625	-6.0625	55.205
38.3625	-6.0375	55.192
38.3625	-6.0125	55.167
38.3625	-5.9875	55.139
38.3875	-10.0125	49.068
38.3875	-9.9875	49.19
38.3875	-9.9625	49.317
38.3875	-9.9375	49.452
38.3875	-9.9125	49.595
38.3875	-9.8875	49.743
38.3875	-9.8625	49.898
38.3875	-9.8375	50.058
38.3875	-9.8125	50.224
38.3875	-9.7875	50.393
38.3875	-9.7625	50.552
38.3875	-9.7375	50.7
38.3875	-9.7125	50.841
38.3875	-9.6875	50.973
38.3875	-9.6625	51.09
38.3875	-9.6375	51.195
38.3875	-9.6125	51.295
38.3875	-9.5875	51.385
38.3875	-9.5625	51.455
38.3875	-9.5375	51.535
38.3875	-9.5125	51.607
38.3875	-9.4875	51.693
38.3875	-9.4625	51.791
38.3875	-9.4375	51.913
38.3875	-9.4125	52.006
38.3875	-9.3875	52.043
38.3875	-9.3625	52.076
38.3875	-9.3375	52.139
38.3875	-9.3125	52.254
38.3875	-9.2875	52.362
38.3875	-9.2625	52.466
38.3875	-9.2375	52.547
38.3875	-9.2125	52.622
38.3875	-9.1875	52.677
38.3875	-9.1625	52.717
38.3875	-9.1375	52.759
38.3875	-9.1125	52.809
38.3875	-9.0875	52.86
38.3875	-9.0625	52.903
38.3875	-9.0375	52.958
38.3875	-9.0125	53.011
38.3875	-8.9875	53.051
38.3875	-8.9625	53.078
38.3875	-8.9375	53.102
38.3875	-8.9125	53.119
38.3875	-8.8875	53.138
38.3875	-8.8625	53.151
38.3875	-8.8375	53.182
38.3875	-8.8125	53.229
38.3875	-8.7875	53.305
38.3875	-8.7625	53.393
38.3875	-8.7375	53.504
38.3875	-8.7125	53.613
38.3875	-8.6875	53.718
38.3875	-8.6625	53.815
38.3875	-8.6375	53.885
38.3875	-8.6125	53.949
38.3875	-8.5875	53.988
38.3875	-8.5625	54.024
38.3875	-8.5375	54.046
38.3875	-8.5125	54.089
38.3875	-8.4875	54.14
38.3875	-8.4625	54.2
38.3875	-8.4375	54.292
38.3875	-8.4125	54.382
38.3875	-8.3875	54.486
38.3875	-8.3625	54.568
38.3875	-8.3375	54.638
38.3875	-8.3125	54.692
38.3875	-8.2875	54.754
38.3875	-8.2625	54.822
38.3875	-8.2375	54.873
38.3875	-8.2125	54.922
38.3875	-8.1875	54.957
38.3875	-8.1625	54.966
38.3875	-8.1375	54.958
38.3875	-8.1125	54.953
38.3875	-8.0875	54.946
38.3875	-8.0625	54.943
38.3875	-8.0375	54.956
38.3875	-8.0125	54.969
38.3875	-7.9875	54.992
38.3875	-7.9625	55.007
38.3875	-7.9375	55.031
38.3875	-7.9125	55.049
38.3875	-7.8875	55.067
38.3875	-7.8625	55.07
38.3875	-7.8375	55.072
38.3875	-7.8125	55.074
38.3875	-7.7875	55.088
38.3875	-7.7625	55.12
38.3875	-7.7375	55.159
38.3875	-7.7125	55.184
38.3875	-7.6875	55.205
38.3875	-7.6625	55.214
38.3875	-7.6375	55.226
38.3875	-7.6125	55.238
38.3875	-7.5875	55.248
38.3875	-7.5625	55.247
38.3875	-7.5375	55.225
38.3875	-7.5125	55.167
38.3875	-7.4875	55.089
38.3875	-7.4625	55.023
38.3875	-7.4375	54.964
38.3875	-7.4125	54.933
38.3875	-7.3875	54.962
38.3875	-7.3625	55.006
38.3875	-7.3375	55.035
38.3875	-7.3125	54.99
38.3875	-7.2875	54.934
38.3875	-7.2625	54.876
38.3875	-7.2375	54.847
38.3875	-7.2125	54.847
38.3875	-7.1875	54.866
38.3875	-7.1625	54.903
38.3875	-7.1375	54.926
38.3875	-7.1125	54.953
38.3875	-7.0875	54.993
38.3875	-7.0625	55.021
38.3875	-7.0375	55.054
38.3875	-7.0125	55.091
38.3875	-6.9875	55.097
38.3875	-6.9625	55.126
38.3875	-6.9375	55.156
38.3875	-6.9125	55.18
38.3875	-6.8875	55.216
38.3875	-6.8625	55.246
38.3875	-6.8375	55.279
38.3875	-6.8125	55.293
38.3875	-6.7875	55.297
38.3875	-6.7625	55.287
38.3875	-6.7375	55.272
38.3875	-6.7125	55.27
38.3875	-6.6875	55.268
38.3875	-6.6625	55.284
38.3875	-6.6375	55.314
38.3875	-6.6125	55.332
38.3875	-6.5875	55.347
38.3875	-6.5625	55.357
38.3875	-6.5375	55.371
38.3875	-6.5125	55.373
38.3875	-6.4875	55.363
38.3875	-6.4625	55.365
38.3875	-6.4375	55.363
38.3875	-6.4125	55.372
38.3875	-6.3875	55.363
38.3875	-6.3625	55.361
38.3875	-6.3375	55.357
38.3875	-6.3125	55.349
38.3875	-6.2875	55.34
38.3875	-6.2625	55.329
38.3875	-6.2375	55.317
38.3875	-6.2125	55.298
38.3875	-6.1875	55.278
38.3875	-6.1625	55.25
38.3875	-6.1375	55.222
38.3875	-6.1125	55.202
38.3875	-6.0875	55.182
38.3875	-6.0625	55.167
38.3875	-6.0375	55.151
38.3875	-6.0125	55.139
38.3875	-5.9875	55.113
38.4125	-10.0125	49.131
38.4125	-9.9875	49.26
38.4125	-9.9625	49.395
38.4125	-9.9375	49.538
38.4125	-9.9125	49.689
38.4125	-9.8875	49.845
38.4125	-9.8625	50.008
38.4125	-9.8375	50.177
38.4125	-9.8125	50.35
38.4125	-9.7875	50.522
38.4125	-9.7625	50.685
38.4125	-9.7375	50.838
38.4125	-9.7125	50.988
38.4125	-9.6875	51.134
38.4125	-9.6625	51.261
38.4125	-9.6375	51.376
38.4125	-9.6125	51.475
38.4125	-9.5875	51.571
38.4125	-9.5625	51.656
38.4125	-9.5375	51.73
38.4125	-9.5125	51.797
38.4125	-9.4875	51.861
38.4125	-9.4625	51.958
38.4125	-9.4375	52.061
38.4125	-9.4125	52.16
38.4125	-9.3875	52.196
38.4125	-9.3625	52.22
38.4125	-9.3375	52.27
38.4125	-9.3125	52.359
38.4125	-9.2875	52.467
38.4125	-9.2625	52.553
38.4125	-9.2375	52.621
38.4125	-9.2125	52.679
38.4125	-9.1875	52.721
38.4125	-9.1625	52.764
38.4125	-9.1375	52.799
38.4125	-9.1125	52.83
38.4125	-9.0875	52.887
38.4125	-9.0625	52.938
38.4125	-9.0375	52.988
38.4125	-9.0125	53.049
38.4125	-8.9875	53.086
38.4125	-8.9625	53.118
38.4125	-8.9375	53.138
38.4125	-8.9125	53.141
38.4125	-8.8875	53.156
38.4125	-8.8625	53.166
38.4125	-8.8375	53.191
38.4125	-8.8125	53.235
38.4125	-8.7875	53.308
38.4125	-8.7625	53.394
38.4125	-8.7375	53.504
38.4125	-8.7125	53.61
38.4125	-8.6875	53.712
38.4125	-8.6625	53.798
38.4125	-8.6375	53.877
38.4125	-8.6125	53.95
38.4125	-8.5875	53.991
38.4125	-8.5625	54.026
38.4125	-8.5375	54.053
38.4125	-8.5125	54.08
38.4125	-8.4875	54.135
38.4125	-8.4625	54.198
38.4125	-8.4375	54.28
38.4125	-8.4125	54.368
38.4125	-8.3875	54.47
38.4125	-8.3625	54.552
38.4125	-8.3375	54.624
38.4125	-8.3125	54.69
38.4125	-8.2875	54.768
38.4125	-8.2625	54.833
38.4125	-8.2375	54.893
38.4125	-8.2125	54.943
38.4125	-8.1875	54.963
38.4125	-8.1625	54.96
38.4125	-8.1375	54.957
38.4125	-8.1125	54.94
38.4125	-8.0875	54.936
38.4125	-8.0625	54.933
38.4125	-8.0375	54.934
38.4125	-8.0125	54.941
38.4125	-7.9875	54.947
38.4125	-7.9625	54.957
38.4125	-7.9375	54.967
38.4125	-7.9125	54.999
38.4125	-7.8875	55.023
38.4125	-7.8625	55.026
38.4125	-7.8375	55.029
38.4125	-7.8125	55.03
38.4125	-7.7875	55.042
38.4125	-7.7625	55.064
38.4125	-7.7375	55.089
38.4125	-7.7125	55.117
38.4125	-7.6875	55.148
38.4125	-7.6625	55.169
38.4125	-7.6375	55.201
38.4125	-7.6125	55.221
38.4125	-7.5875	55.246
38.4125	-7.5625	55.254
38.4125	-7.5375	55.238
38.4125	-7.5125	55.167
38.4125	-7.4875	55.077
38.4125	-7.4625	55.004
38.4125	-7.4375	54.954
38.4125	-7.4125	54.931
38.4125	-7.3875	54.947
38.4125	-7.3625	54.965
38.4125	-7.3375	54.978
38.4125	-7.3125	54.965
38.4125	-7.2875	54.916
38.4125	-7.2625	54.876
38.4125	-7.2375	54.851
38.4125	-7.2125	54.843
38.4125	-7.1875	54.865
38.4125	-7.1625	54.895
38.4125	-7.1375	54.931
38.4125	-7.1125	54.95
38.4125	-7.0875	54.989
38.4125	-7.0625	55.024
38.4125	-7.0375	55.055
38.4125	-7.0125	55.095
38.4125	-6.9875	55.11
38.4125	-6.9625	55.137
38.4125	-6.9375	55.164
38.4125	-6.9125	55.197
38.4125	-6.8875	55.239
38.4125	-6.8625	55.259
38.4125	-6.8375	55.275
38.4125	-6.8125	55.3
38.4125	-6.7875	55.305
38.4125	-6.7625	55.304
38.4125	-6.7375	55.291
38.4125	-6.7125	55.278
38.4125	-6.6875	55.284
38.4125	-6.6625	55.306
38.4125	-6.6375	55.318
38.4125	-6.6125	55.332
38.4125	-6.5875	55.343
38.4125	-6.5625	55.351
38.4125	-6.5375	55.353
38.4125	-6.5125	55.357
38.4125	-6.4875	55.341
38.4125	-6.4625	55.34
38.4125	-6.4375	55.348
38.4125	-6.4125	55.346
38.4125	-6.3875	55.336
38.4125	-6.3625	55.333
38.4125	-6.3375	55.328
38.4125	-6.3125	55.326
38.4125	-6.2875	55.308
38.4125	-6.2625	55.293
38.4125	-6.2375	55.281
38.4125	-6.2125	55.268
38.4125	-6.1875	55.237
38.4125	-6.1625	55.215
38.4125	-6.1375	55.186
38.4125	-6.1125	55.157
38.4125	-6.0875	55.134
38.4125	-6.0625	55.119
38.4125	-6.0375	55.113
38.4125	-6.0125	55.092
38.4125	-5.9875	55.071
38.4375	-10.0125	49.236
38.4375	-9.9875	49.374
38.4375	-9.9625	49.516
38.4375	-9.9375	49.667
38.4375	-9.9125	49.826
38.4375	-9.8875	49.988
38.4375	-9.8625	50.154
38.4375	-9.8375	50.33
38.4375	-9.8125	50.506
38.4375	-9.7875	50.673
38.4375	-9.7625	50.83
38.4375	-9.7375	50.982
38.4375	-9.7125	51.135
38.4375	-9.6875	51.285
38.4375	-9.6625	51.423
38.4375	-9.6375	51.552
38.4375	-9.6125	51.663
38.4375	-9.5875	51.778
38.4375	-9.5625	51.881
38.4375	-9.5375	51.955
38.4375	-9.5125	52.008
38.4375	-9.4875	52.074
38.4375	-9.4625	52.137
38.4375	-9.4375	52.236
38.4375	-9.4125	52.318
38.4375	-9.3875	52.358
38.4375	-9.3625	52.374
38.4375	-9.3375	52.406
38.4375	-9.3125	52.469
38.4375	-9.2875	52.561
38.4375	-9.2625	52.623
38.4375	-9.2375	52.675
38.4375	-9.2125	52.71
38.4375	-9.1875	52.764
38.4375	-9.1625	52.814
38.4375	-9.1375	52.848
38.4375	-9.1125	52.87
38.4375	-9.0875	52.916
38.4375	-9.0625	52.975
38.4375	-9.0375	53.035
38.4375	-9.0125	53.093
38.4375	-8.9875	53.136
38.4375	-8.9625	53.161
38.4375	-8.9375	53.173
38.4375	-8.9125	53.177
38.4375	-8.8875	53.186
38.4375	-8.8625	53.193
38.4375	-8.8375	53.218
38.4375	-8.8125	53.262
38.4375	-8.7875	53.332
38.4375	-8.7625	53.416
38.4375	-8.7375	53.503
38.4375	-8.7125	53.608
38.4375	-8.6875	53.7
38.4375	-8.6625	53.796
38.4375	-8.6375	53.873
38.4375	-8.6125	53.937
38.4375	-8.5875	53.996
38.4375	-8.5625	54.031
38.4375	-8.5375	54.055
38.4375	-8.5125	54.092
38.4375	-8.4875	54.144
38.4375	-8.4625	54.208
38.4375	-8.4375	54.284
38.4375	-8.4125	54.361
38.4375	-8.3875	54.459
38.4375	-8.3625	54.549
38.4375	-8.3375	54.624
38.4375	-8.3125	54.704
38.4375	-8.2875	54.779
38.4375	-8.2625	54.85
38.4375	-8.2375	54.901
38.4375	-8.2125	54.95
38.4375	-8.1875	54.958
38.4375	-8.1625	54.96
38.4375	-8.1375	54.947
38.4375	-8.1125	54.931
38.4375	-8.0875	54.921
38.4375	-8.0625	54.919
38.4375	-8.0375	54.916
38.4375	-8.0125	54.911
38.4375	-7.9875	54.914
38.4375	-7.9625	54.91
38.4375	-7.9375	54.921
38.4375	-7.9125	54.951
38.4375	-7.8875	54.977
38.4375	-7.8625	54.978
38.4375	-7.8375	54.99
38.4375	-7.8125	54.989
38.4375	-7.7875	55.002
38.4375	-7.7625	55.015
38.4375	-7.7375	55.039
38.4375	-7.7125	55.071
38.4375	-7.6875	55.101
38.4375	-7.6625	55.13
38.4375	-7.6375	55.159
38.4375	-7.6125	55.193
38.4375	-7.5875	55.219
38.4375	-7.5625	55.228
38.4375	-7.5375	55.203
38.4375	-7.5125	55.134
38.4375	-7.4875	55.051
38.4375	-7.4625	54.99
38.4375	-7.4375	54.954
38.4375	-7.4125	54.932
38.4375	-7.3875	54.928
38.4375	-7.3625	54.928
38.4375	-7.3375	54.924
38.4375	-7.3125	54.914
38.4375	-7.2875	54.885
38.4375	-7.2625	54.856
38.4375	-7.2375	54.841
38.4375	-7.2125	54.836
38.4375	-7.1875	54.859
38.4375	-7.1625	54.887
38.4375	-7.1375	54.92
38.4375	-7.1125	54.947
38.4375	-7.0875	54.986
38.4375	-7.0625	55.019
38.4375	-7.0375	55.059
38.4375	-7.0125	55.089
38.4375	-6.9875	55.116
38.4375	-6.9625	55.141
38.4375	-6.9375	55.178
38.4375	-6.9125	55.21
38.4375	-6.8875	55.234
38.4375	-6.8625	55.266
38.4375	-6.8375	55.278
38.4375	-6.8125	55.295
38.4375	-6.7875	55.31
38.4375	-6.7625	55.31
38.4375	-6.7375	55.293
38.4375	-6.7125	55.289
38.4375	-6.6875	55.297
38.4375	-6.6625	55.306
38.4375	-6.6375	55.314
38.4375	-6.6125	55.311
38.4375	-6.5875	55.323
38.4375	-6.5625	55.32
38.4375	-6.5375	55.324
38.4375	-6.5125	55.318
38.4375	-6.4875	55.303
38.4375	-6.4625	55.298
38.4375	-6.4375	55.307
38.4375	-6.4125	55.31
38.4375	-6.3875	55.315
38.4375	-6.3625	55.306
38.4375	-6.3375	55.297
38.4375	-6.3125	55.286
38.4375	-6.2875	55.27
38.4375	-6.2625	55.256
38.4375	-6.2375	55.247
38.4375	-6.2125	55.23
38.4375	-6.1875	55.198
38.4375	-6.1625	55.169
38.4375	-6.1375	55.142
38.4375	-6.1125	55.11
38.4375	-6.0875	55.094
38.4375	-6.0625	55.085
38.4375	-6.0375	55.068
38.4375	-6.0125	55.054
38.4375	-5.9875	55.025
38.4625	-10.0125	49.379
38.4625	-9.9875	49.528
38.4625	-9.9625	49.68
38.4625	-9.9375	49.836
38.4625	-9.9125	49.998
38.4625	-9.8875	50.161
38.4625	-9.8625	50.327
38.4625	-9.8375	50.503
38.4625	-9.8125	50.678
38.4625	-9.7875	50.837
38.4625	-9.7625	50.986
38.4625	-9.7375	51.132
38.4625	-9.7125	51.279
38.4625	-9.6875	51.426
38.4625	-9.6625	51.57
38.4625	-9.6375	51.702
38.4625	-9.6125	51.844
38.4625	-9.5875	51.986
38.4625	-9.5625	52.091
38.4625	-9.5375	52.166
38.4625	-9.5125	52.239
38.4625	-9.4875	52.296
38.4625	-9.4625	52.354
38.4625	-9.4375	52.417
38.4625	-9.4125	52.482
38.4625	-9.3875	52.509
38.4625	-9.3625	52.529
38.4625	-9.3375	52.547
38.4625	-9.3125	52.58
38.4625	-9.2875	52.637
38.4625	-9.2625	52.672
38.4625	-9.2375	52.709
38.4625	-9.2125	52.745
38.4625	-9.1875	52.787
38.4625	-9.1625	52.82
38.4625	-9.1375	52.869
38.4625	-9.1125	52.906
38.4625	-9.0875	52.961
38.4625	-9.0625	53.031
38.4625	-9.0375	53.1
38.4625	-9.0125	53.181
38.4625	-8.9875	53.189
38.4625	-8.9625	53.214
38.4625	-8.9375	53.217
38.4625	-8.9125	53.214
38.4625	-8.8875	53.21
38.4625	-8.8625	53.226
38.4625	-8.8375	53.252
38.4625	-8.8125	53.304
38.4625	-8.7875	53.364
38.4625	-8.7625	53.435
38.4625	-8.7375	53.519
38.4625	-8.7125	53.603
38.4625	-8.6875	53.695
38.4625	-8.6625	53.782
38.4625	-8.6375	53.848
38.4625	-8.6125	53.91
38.4625	-8.5875	53.974
38.4625	-8.5625	54.019
38.4625	-8.5375	54.06
38.4625	-8.5125	54.094
38.4625	-8.4875	54.147
38.4625	-8.4625	54.214
38.4625	-8.4375	54.286
38.4625	-8.4125	54.377
38.4625	-8.3875	54.463
38.4625	-8.3625	54.544
38.4625	-8.3375	54.634
38.4625	-8.3125	54.703
38.4625	-8.2875	54.782
38.4625	-8.2625	54.854
38.4625	-8.2375	54.909
38.4625	-8.2125	54.942
38.4625	-8.1875	54.955
38.4625	-8.1625	54.96
38.4625	-8.1375	54.95
38.4625	-8.1125	54.937
38.4625	-8.0875	54.926
38.4625	-8.0625	54.917
38.4625	-8.0375	54.909
38.4625	-8.0125	54.901
38.4625	-7.9875	54.882
38.4625	-7.9625	54.88
38.4625	-7.9375	54.891
38.4625	-7.9125	54.909
38.4625	-7.8875	54.936
38.4625	-7.8625	54.95
38.4625	-7.8375	54.956
38.4625	-7.8125	54.958
38.4625	-7.7875	54.978
38.4625	-7.7625	54.997
38.4625	-7.7375	55.028
38.4625	-7.7125	55.046
38.4625	-7.6875	55.069
38.4625	-7.6625	55.097
38.4625	-7.6375	55.121
38.4625	-7.6125	55.156
38.4625	-7.5875	55.168
38.4625	-7.5625	55.172
38.4625	-7.5375	55.13
38.4625	-7.5125	55.069
38.4625	-7.4875	55.023
38.4625	-7.4625	54.981
38.4625	-7.4375	54.943
38.4625	-7.4125	54.915
38.4625	-7.3875	54.905
38.4625	-7.3625	54.888
38.4625	-7.3375	54.886
38.4625	-7.3125	54.866
38.4625	-7.2875	54.845
38.4625	-7.2625	54.822
38.4625	-7.2375	54.819
38.4625	-7.2125	54.816
38.4625	-7.1875	54.837
38.4625	-7.1625	54.87
38.4625	-7.1375	54.903
38.4625	-7.1125	54.938
38.4625	-7.0875	54.973
38.4625	-7.0625	55.023
38.4625	-7.0375	55.049
38.4625	-7.0125	55.094
38.4625	-6.9875	55.117
38.4625	-6.9625	55.143
38.4625	-6.9375	55.179
38.4625	-6.9125	55.217
38.4625	-6.8875	55.242
38.4625	-6.8625	55.266
38.4625	-6.8375	55.279
38.4625	-6.8125	55.298
38.4625	-6.7875	55.298
38.4625	-6.7625	55.297
38.4625	-6.7375	55.295
38.4625	-6.7125	55.285
38.4625	-6.6875	55.29
38.4625	-6.6625	55.292
38.4625	-6.6375	55.293
38.4625	-6.6125	55.286
38.4625	-6.5875	55.278
38.4625	-6.5625	55.272
38.4625	-6.5375	55.261
38.4625	-6.5125	55.256
38.4625	-6.4875	55.248
38.4625	-6.4625	55.248
38.4625	-6.4375	55.261
38.4625	-6.4125	55.275
38.4625	-6.3875	55.284
38.4625	-6.3625	55.28
38.4625	-6.3375	55.27
38.4625	-6.3125	55.263
38.4625	-6.2875	55.246
38.4625	-6.2625	55.228
38.4625	-6.2375	55.208
38.4625	-6.2125	55.189
38.4625	-6.1875	55.16
38.4625	-6.1625	55.127
38.4625	-6.1375	55.093
38.4625	-6.1125	55.066
38.4625	-6.0875	55.056
38.4625	-6.0625	55.034
38.4625	-6.0375	55.017
38.4625	-6.0125	54.996
38.4625	-5.9875	54.986
38.4875	-10.0125	49.549
38.4875	-9.9875	49.713
38.4875	-9.9625	49.874
38.4875	-9.9375	50.031
38.4875	-9.9125	50.191
38.4875	-9.8875	50.351
38.4875	-9.8625	50.511
38.4875	-9.8375	50.677
38.4875	-9.8125	50.843
38.4875	-9.7875	50.996
38.4875	-9.7625	51.137
38.4875	-9.7375	51.278
38.4875	-9.7125	51.422
38.4875	-9.6875	51.567
38.4875	-9.6625	51.716
38.4875	-9.6375	51.862
38.4875	-9.6125	52.019
38.4875	-9.5875	52.157
38.4875	-9.5625	52.261
38.4875	-9.5375	52.351
38.4875	-9.5125	52.415
38.4875	-9.4875	52.484
38.4875	-9.4625	52.53
38.4875	-9.4375	52.576
38.4875	-9.4125	52.618
38.4875	-9.3875	52.654
38.4875	-9.3625	52.671
38.4875	-9.3375	52.676
38.4875	-9.3125	52.685
38.4875	-9.2875	52.703
38.4875	-9.2625	52.736
38.4875	-9.2375	52.752
38.4875	-9.2125	52.778
38.4875	-9.1875	52.809
38.4875	-9.1625	52.847
38.4875	-9.1375	52.879
38.4875	-9.1125	52.923
38.4875	-9.0875	52.981
38.4875	-9.0625	53.056
38.4875	-9.0375	53.129
38.4875	-9.0125	53.206
38.4875	-8.9875	53.269
38.4875	-8.9625	53.282
38.4875	-8.9375	53.276
38.4875	-8.9125	53.253
38.4875	-8.8875	53.247
38.4875	-8.8625	53.266
38.4875	-8.8375	53.302
38.4875	-8.8125	53.345
38.4875	-8.7875	53.4
38.4875	-8.7625	53.459
38.4875	-8.7375	53.53
38.4875	-8.7125	53.603
38.4875	-8.6875	53.685
38.4875	-8.6625	53.766
38.4875	-8.6375	53.846
38.4875	-8.6125	53.908
38.4875	-8.5875	53.967
38.4875	-8.5625	54.008
38.4875	-8.5375	54.066
38.4875	-8.5125	54.107
38.4875	-8.4875	54.164
38.4875	-8.4625	54.235
38.4875	-8.4375	54.316
38.4875	-8.4125	54.401
38.4875	-8.3875	54.474
38.4875	-8.3625	54.557
38.4875	-8.3375	54.634
38.4875	-8.3125	54.707
38.4875	-8.2875	54.78
38.4875	-8.2625	54.848
38.4875	-8.2375	54.896
38.4875	-8.2125	54.935
38.4875	-8.1875	54.953
38.4875	-8.1625	54.959
38.4875	-8.1375	54.954
38.4875	-8.1125	54.937
38.4875	-8.0875	54.926
38.4875	-8.0625	54.925
38.4875	-8.0375	54.909
38.4875	-8.0125	54.898
38.4875	-7.9875	54.89
38.4875	-7.9625	54.878
38.4875	-7.9375	54.886
38.4875	-7.9125	54.898
38.4875	-7.8875	54.914
38.4875	-7.8625	54.931
38.4875	-7.8375	54.944
38.4875	-7.8125	54.95
38.4875	-7.7875	54.966
38.4875	-7.7625	54.988
38.4875	-7.7375	55.018
38.4875	-7.7125	55.042
38.4875	-7.6875	55.055
38.4875	-7.6625	55.082
38.4875	-7.6375	55.105
38.4875	-7.6125	55.12
38.4875	-7.5875	55.13
38.4875	-7.5625	55.129
38.4875	-7.5375	55.1
38.4875	-7.5125	55.052
38.4875	-7.4875	55.013
38.4875	-7.4625	54.976
38.4875	-7.4375	54.946
38.4875	-7.4125	54.914
38.4875	-7.3875	54.889
38.4875	-7.3625	54.871
38.4875	-7.3375	54.859
38.4875	-7.3125	54.827
38.4875	-7.2875	54.812
38.4875	-7.2625	54.794
38.4875	-7.2375	54.79
38.4875	-7.2125	54.793
38.4875	-7.1875	54.819
38.4875	-7.1625	54.862
38.4875	-7.1375	54.897
38.4875	-7.1125	54.935
38.4875	-7.0875	54.975
38.4875	-7.0625	55.015
38.4875	-7.0375	55.056
38.4875	-7.0125	55.099
38.4875	-6.9875	55.122
38.4875	-6.9625	55.145
38.4875	-6.9375	55.185
38.4875	-6.9125	55.219
38.4875	-6.8875	55.252
38.4875	-6.8625	55.275
38.4875	-6.8375	55.29
38.4875	-6.8125	55.293
38.4875	-6.7875	55.288
38.4875	-6.7625	55.274
38.4875	-6.7375	55.262
38.4875	-6.7125	55.255
38.4875	-6.6875	55.251
38.4875	-6.6625	55.246
38.4875	-6.6375	55.247
38.4875	-6.6125	55.24
38.4875	-6.5875	55.24
38.4875	-6.5625	55.223
38.4875	-6.5375	55.201
38.4875	-6.5125	55.185
38.4875	-6.4875	55.188
38.4875	-6.4625	55.203
38.4875	-6.4375	55.214
38.4875	-6.4125	55.233
38.4875	-6.3875	55.253
38.4875	-6.3625	55.261
38.4875	-6.3375	55.253
38.4875	-6.3125	55.237
38.4875	-6.2875	55.214
38.4875	-6.2625	55.19
38.4875	-6.2375	55.171
38.4875	-6.2125	55.149
38.4875	-6.1875	55.122
38.4875	-6.1625	55.092
38.4875	-6.1375	55.057
38.4875	-6.1125	55.025
38.4875	-6.0875	55
38.4875	-6.0625	54.985
38.4875	-6.0375	54.972
38.4875	-6.0125	54.965
38.4875	-5.9875	54.958
38.5125	-10.0125	49.733
38.5125	-9.9875	49.913
38.5125	-9.9625	50.084
38.5125	-9.9375	50.242
38.5125	-9.9125	50.397
38.5125	-9.8875	50.549
38.5125	-9.8625	50.696
38.5125	-9.8375	50.848
38.5125	-9.8125	51
38.5125	-9.7875	51.142
38.5125	-9.7625	51.276
38.5125	-9.7375	51.416
38.5125	-9.7125	51.561
38.5125	-9.6875	51.71
38.5125	-9.6625	51.851
38.5125	-9.6375	52.014
38.5125	-9.6125	52.175
38.5125	-9.5875	52.304
38.5125	-9.5625	52.402
38.5125	-9.5375	52.477
38.5125	-9.5125	52.553
38.5125	-9.4875	52.613
38.5125	-9.4625	52.66
38.5125	-9.4375	52.702
38.5125	-9.4125	52.739
38.5125	-9.3875	52.768
38.5125	-9.3625	52.782
38.5125	-9.3375	52.798
38.5125	-9.3125	52.8
38.5125	-9.2875	52.8
38.5125	-9.2625	52.787
38.5125	-9.2375	52.795
38.5125	-9.2125	52.821
38.5125	-9.1875	52.846
38.5125	-9.1625	52.874
38.5125	-9.1375	52.9
38.5125	-9.1125	52.948
38.5125	-9.0875	53
38.5125	-9.0625	53.08
38.5125	-9.0375	53.15
38.5125	-9.0125	53.229
38.5125	-8.9875	53.276
38.5125	-8.9625	53.31
38.5125	-8.9375	53.311
38.5125	-8.9125	53.298
38.5125	-8.8875	53.272
38.5125	-8.8625	53.295
38.5125	-8.8375	53.344
38.5125	-8.8125	53.393
38.5125	-8.7875	53.436
38.5125	-8.7625	53.491
38.5125	-8.7375	53.538
38.5125	-8.7125	53.609
38.5125	-8.6875	53.692
38.5125	-8.6625	53.775
38.5125	-8.6375	53.861
38.5125	-8.6125	53.923
38.5125	-8.5875	53.979
38.5125	-8.5625	54.025
38.5125	-8.5375	54.071
38.5125	-8.5125	54.112
38.5125	-8.4875	54.17
38.5125	-8.4625	54.244
38.5125	-8.4375	54.329
38.5125	-8.4125	54.407
38.5125	-8.3875	54.484
38.5125	-8.3625	54.562
38.5125	-8.3375	54.634
38.5125	-8.3125	54.704
38.5125	-8.2875	54.779
38.5125	-8.2625	54.835
38.5125	-8.2375	54.881
38.5125	-8.2125	54.928
38.5125	-8.1875	54.951
38.5125	-8.1625	54.97
38.5125	-8.1375	54.972
38.5125	-8.1125	54.965
38.5125	-8.0875	54.957
38.5125	-8.0625	54.941
38.5125	-8.0375	54.931
38.5125	-8.0125	54.922
38.5125	-7.9875	54.909
38.5125	-7.9625	54.898
38.5125	-7.9375	54.905
38.5125	-7.9125	54.917
38.5125	-7.8875	54.933
38.5125	-7.8625	54.941
38.5125	-7.8375	54.95
38.5125	-7.8125	54.961
38.5125	-7.7875	54.978
38.5125	-7.7625	55.002
38.5125	-7.7375	55.016
38.5125	-7.7125	55.036
38.5125	-7.6875	55.058
38.5125	-7.6625	55.074
38.5125	-7.6375	55.086
38.5125	-7.6125	55.111
38.5125	-7.5875	55.113
38.5125	-7.5625	55.107
38.5125	-7.5375	55.092
38.5125	-7.5125	55.063
38.5125	-7.4875	55.028
38.5125	-7.4625	54.982
38.5125	-7.4375	54.943
38.5125	-7.4125	54.905
38.5125	-7.3875	54.868
38.5125	-7.3625	54.844
38.5125	-7.3375	54.812
38.5125	-7.3125	54.778
38.5125	-7.2875	54.767
38.5125	-7.2625	54.749
38.5125	-7.2375	54.755
38.5125	-7.2125	54.778
38.5125	-7.1875	54.8
38.5125	-7.1625	54.842
38.5125	-7.1375	54.881
38.5125	-7.1125	54.933
38.5125	-7.0875	54.967
38.5125	-7.0625	55.007
38.5125	-7.0375	55.043
38.5125	-7.0125	55.072
38.5125	-6.9875	55.11
38.5125	-6.9625	55.141
38.5125	-6.9375	55.185
38.5125	-6.9125	55.221
38.5125	-6.8875	55.246
38.5125	-6.8625	55.261
38.5125	-6.8375	55.278
38.5125	-6.8125	55.268
38.5125	-6.7875	55.236
38.5125	-6.7625	55.208
38.5125	-6.7375	55.19
38.5125	-6.7125	55.168
38.5125	-6.6875	55.167
38.5125	-6.6625	55.176
38.5125	-6.6375	55.189
38.5125	-6.6125	55.2
38.5125	-6.5875	55.191
38.5125	-6.5625	55.172
38.5125	-6.5375	55.144
38.5125	-6.5125	55.133
38.5125	-6.4875	55.146
38.5125	-6.4625	55.169
38.5125	-6.4375	55.186
38.5125	-6.4125	55.198
38.5125	-6.3875	55.213
38.5125	-6.3625	55.226
38.5125	-6.3375	55.221
38.5125	-6.3125	55.206
38.5125	-6.2875	55.18
38.5125	-6.2625	55.153
38.5125	-6.2375	55.133
38.5125	-6.2125	55.108
38.5125	-6.1875	55.076
38.5125	-6.1625	55.047
38.5125	-6.1375	55.014
38.5125	-6.1125	54.982
38.5125	-6.0875	54.966
38.5125	-6.0625	54.964
38.5125	-6.0375	54.954
38.5125	-6.0125	54.948
38.5125	-5.9875	54.938
38.5375	-10.0125	49.92
38.5375	-9.9875	50.11
38.5375	-9.9625	50.287
38.5375	-9.9375	50.448
38.5375	-9.9125	50.6
38.5375	-9.8875	50.742
38.5375	-9.8625	50.876
38.5375	-9.8375	51.014
38.5375	-9.8125	51.153
38.5375	-9.7875	51.281
38.5375	-9.7625	51.407
38.5375	-9.7375	51.541
38.5375	-9.7125	51.688
38.5375	-9.6875	51.841
38.5375	-9.6625	51.989
38.5375	-9.6375	52.153
38.5375	-9.6125	52.305
38.5375	-9.5875	52.413
38.5375	-9.5625	52.513
38.5375	-9.5375	52.591
38.5375	-9.5125	52.659
38.5375	-9.4875	52.717
38.5375	-9.4625	52.764
38.5375	-9.4375	52.817
38.5375	-9.4125	52.844
38.5375	-9.3875	52.87
38.5375	-9.3625	52.875
38.5375	-9.3375	52.886
38.5375	-9.3125	52.878
38.5375	-9.2875	52.864
38.5375	-9.2625	52.853
38.5375	-9.2375	52.85
38.5375	-9.2125	52.866
38.5375	-9.1875	52.879
38.5375	-9.1625	52.91
38.5375	-9.1375	52.934
38.5375	-9.1125	52.973
38.5375	-9.0875	53.03
38.5375	-9.0625	53.101
38.5375	-9.0375	53.174
38.5375	-9.0125	53.243
38.5375	-8.9875	53.299
38.5375	-8.9625	53.337
38.5375	-8.9375	53.358
38.5375	-8.9125	53.321
38.5375	-8.8875	53.307
38.5375	-8.8625	53.344
38.5375	-8.8375	53.393
38.5375	-8.8125	53.442
38.5375	-8.7875	53.482
38.5375	-8.7625	53.523
38.5375	-8.7375	53.569
38.5375	-8.7125	53.638
38.5375	-8.6875	53.716
38.5375	-8.6625	53.804
38.5375	-8.6375	53.878
38.5375	-8.6125	53.953
38.5375	-8.5875	54.011
38.5375	-8.5625	54.056
38.5375	-8.5375	54.097
38.5375	-8.5125	54.137
38.5375	-8.4875	54.183
38.5375	-8.4625	54.255
38.5375	-8.4375	54.334
38.5375	-8.4125	54.415
38.5375	-8.3875	54.494
38.5375	-8.3625	54.571
38.5375	-8.3375	54.64
38.5375	-8.3125	54.708
38.5375	-8.2875	54.771
38.5375	-8.2625	54.827
38.5375	-8.2375	54.883
38.5375	-8.2125	54.933
38.5375	-8.1875	54.965
38.5375	-8.1625	54.989
38.5375	-8.1375	55
38.5375	-8.1125	54.996
38.5375	-8.0875	54.995
38.5375	-8.0625	54.972
38.5375	-8.0375	54.956
38.5375	-8.0125	54.951
38.5375	-7.9875	54.943
38.5375	-7.9625	54.943
38.5375	-7.9375	54.953
38.5375	-7.9125	54.967
38.5375	-7.8875	54.975
38.5375	-7.8625	54.974
38.5375	-7.8375	54.982
38.5375	-7.8125	54.984
38.5375	-7.7875	55
38.5375	-7.7625	55.019
38.5375	-7.7375	55.028
38.5375	-7.7125	55.049
38.5375	-7.6875	55.058
38.5375	-7.6625	55.086
38.5375	-7.6375	55.1
38.5375	-7.6125	55.1
38.5375	-7.5875	55.108
38.5375	-7.5625	55.091
38.5375	-7.5375	55.082
38.5375	-7.5125	55.055
38.5375	-7.4875	55.024
38.5375	-7.4625	54.978
38.5375	-7.4375	54.936
38.5375	-7.4125	54.892
38.5375	-7.3875	54.855
38.5375	-7.3625	54.809
38.5375	-7.3375	54.763
38.5375	-7.3125	54.733
38.5375	-7.2875	54.708
38.5375	-7.2625	54.709
38.5375	-7.2375	54.717
38.5375	-7.2125	54.751
38.5375	-7.1875	54.782
38.5375	-7.1625	54.824
38.5375	-7.1375	54.865
38.5375	-7.1125	54.906
38.5375	-7.0875	54.962
38.5375	-7.0625	55
38.5375	-7.0375	55.034
38.5375	-7.0125	55.056
38.5375	-6.9875	55.09
38.5375	-6.9625	55.123
38.5375	-6.9375	55.168
38.5375	-6.9125	55.197
38.5375	-6.8875	55.213
38.5375	-6.8625	55.218
38.5375	-6.8375	55.223
38.5375	-6.8125	55.209
38.5375	-6.7875	55.179
38.5375	-6.7625	55.136
38.5375	-6.7375	55.102
38.5375	-6.7125	55.082
38.5375	-6.6875	55.079
38.5375	-6.6625	55.098
38.5375	-6.6375	55.112
38.5375	-6.6125	55.127
38.5375	-6.5875	55.124
38.5375	-6.5625	55.105
38.5375	-6.5375	55.089
38.5375	-6.5125	55.089
38.5375	-6.4875	55.105
38.5375	-6.4625	55.127
38.5375	-6.4375	55.143
38.5375	-6.4125	55.155
38.5375	-6.3875	55.17
38.5375	-6.3625	55.18
38.5375	-6.3375	55.177
38.5375	-6.3125	55.162
38.5375	-6.2875	55.142
38.5375	-6.2625	55.113
38.5375	-6.2375	55.085
38.5375	-6.2125	55.06
38.5375	-6.1875	55.028
38.5375	-6.1625	55
38.5375	-6.1375	54.972
38.5375	-6.1125	54.946
38.5375	-6.0875	54.938
38.5375	-6.0625	54.942
38.5375	-6.0375	54.946
38.5375	-6.0125	54.92
38.5375	-5.9875	54.9
38.5625	-10.0125	50.106
38.5625	-9.9875	50.292
38.5625	-9.9625	50.466
38.5625	-9.9375	50.631
38.5625	-9.9125	50.784
38.5625	-9.8875	50.914
38.5625	-9.8625	51.039
38.5625	-9.8375	51.168
38.5625	-9.8125	51.296
38.5625	-9.7875	51.414
38.5625	-9.7625	51.531
38.5625	-9.7375	51.661
38.5625	-9.7125	51.806
38.5625	-9.6875	51.966
38.5625	-9.6625	52.119
38.5625	-9.6375	52.274
38.5625	-9.6125	52.411
38.5625	-9.5875	52.512
38.5625	-9.5625	52.601
38.5625	-9.5375	52.689
38.5625	-9.5125	52.758
38.5625	-9.4875	52.819
38.5625	-9.4625	52.858
38.5625	-9.4375	52.9
38.5625	-9.4125	52.934
38.5625	-9.3875	52.949
38.5625	-9.3625	52.958
38.5625	-9.3375	52.964
38.5625	-9.3125	52.951
38.5625	-9.2875	52.941
38.5625	-9.2625	52.926
38.5625	-9.2375	52.925
38.5625	-9.2125	52.917
38.5625	-9.1875	52.933
38.5625	-9.1625	52.947
38.5625	-9.1375	52.974
38.5625	-9.1125	53.006
38.5625	-9.0875	53.062
38.5625	-9.0625	53.119
38.5625	-9.0375	53.184
38.5625	-9.0125	53.236
38.5625	-8.9875	53.282
38.5625	-8.9625	53.314
38.5625	-8.9375	53.342
38.5625	-8.9125	53.362
38.5625	-8.8875	53.374
38.5625	-8.8625	53.397
38.5625	-8.8375	53.437
38.5625	-8.8125	53.478
38.5625	-8.7875	53.519
38.5625	-8.7625	53.57
38.5625	-8.7375	53.621
38.5625	-8.7125	53.687
38.5625	-8.6875	53.762
38.5625	-8.6625	53.845
38.5625	-8.6375	53.914
38.5625	-8.6125	53.99
38.5625	-8.5875	54.041
38.5625	-8.5625	54.077
38.5625	-8.5375	54.106
38.5625	-8.5125	54.14
38.5625	-8.4875	54.19
38.5625	-8.4625	54.251
38.5625	-8.4375	54.329
38.5625	-8.4125	54.403
38.5625	-8.3875	54.481
38.5625	-8.3625	54.557
38.5625	-8.3375	54.63
38.5625	-8.3125	54.7
38.5625	-8.2875	54.778
38.5625	-8.2625	54.839
38.5625	-8.2375	54.895
38.5625	-8.2125	54.951
38.5625	-8.1875	54.991
38.5625	-8.1625	55.013
38.5625	-8.1375	55.029
38.5625	-8.1125	55.021
38.5625	-8.0875	55.024
38.5625	-8.0625	55.014
38.5625	-8.0375	55.007
38.5625	-8.0125	54.989
38.5625	-7.9875	54.982
38.5625	-7.9625	54.988
38.5625	-7.9375	55.014
38.5625	-7.9125	55.028
38.5625	-7.8875	55.032
38.5625	-7.8625	55.032
38.5625	-7.8375	55.027
38.5625	-7.8125	55.027
38.5625	-7.7875	55.037
38.5625	-7.7625	55.057
38.5625	-7.7375	55.07
38.5625	-7.7125	55.079
38.5625	-7.6875	55.086
38.5625	-7.6625	55.102
38.5625	-7.6375	55.117
38.5625	-7.6125	55.113
38.5625	-7.5875	55.089
38.5625	-7.5625	55.081
38.5625	-7.5375	55.055
38.5625	-7.5125	55.026
38.5625	-7.4875	55
38.5625	-7.4625	54.965
38.5625	-7.4375	54.922
38.5625	-7.4125	54.874
38.5625	-7.3875	54.831
38.5625	-7.3625	54.784
38.5625	-7.3375	54.737
38.5625	-7.3125	54.694
38.5625	-7.2875	54.667
38.5625	-7.2625	54.68
38.5625	-7.2375	54.702
38.5625	-7.2125	54.735
38.5625	-7.1875	54.765
38.5625	-7.1625	54.796
38.5625	-7.1375	54.84
38.5625	-7.1125	54.882
38.5625	-7.0875	54.935
38.5625	-7.0625	54.979
38.5625	-7.0375	55.006
38.5625	-7.0125	55.033
38.5625	-6.9875	55.058
38.5625	-6.9625	55.088
38.5625	-6.9375	55.113
38.5625	-6.9125	55.146
38.5625	-6.8875	55.158
38.5625	-6.8625	55.155
38.5625	-6.8375	55.156
38.5625	-6.8125	55.144
38.5625	-6.7875	55.113
38.5625	-6.7625	55.06
38.5625	-6.7375	55.009
38.5625	-6.7125	54.984
38.5625	-6.6875	54.976
38.5625	-6.6625	54.994
38.5625	-6.6375	55.034
38.5625	-6.6125	55.049
38.5625	-6.5875	55.043
38.5625	-6.5625	55.043
38.5625	-6.5375	55.04
38.5625	-6.5125	55.042
38.5625	-6.4875	55.057
38.5625	-6.4625	55.075
38.5625	-6.4375	55.094
38.5625	-6.4125	55.111
38.5625	-6.3875	55.122
38.5625	-6.3625	55.126
38.5625	-6.3375	55.12
38.5625	-6.3125	55.105
38.5625	-6.2875	55.087
38.5625	-6.2625	55.061
38.5625	-6.2375	55.034
38.5625	-6.2125	55.004
38.5625	-6.1875	54.973
38.5625	-6.1625	54.946
38.5625	-6.1375	54.924
38.5625	-6.1125	54.913
38.5625	-6.0875	54.913
38.5625	-6.0625	54.914
38.5625	-6.0375	54.896
38.5625	-6.0125	54.881
38.5625	-5.9875	54.858
38.5875	-10.0125	50.306
38.5875	-9.9875	50.479
38.5875	-9.9625	50.637
38.5875	-9.9375	50.789
38.5875	-9.9125	50.932
38.5875	-9.8875	51.058
38.5875	-9.8625	51.185
38.5875	-9.8375	51.31
38.5875	-9.8125	51.431
38.5875	-9.7875	51.541
38.5875	-9.7625	51.658
38.5875	-9.7375	51.778
38.5875	-9.7125	51.911
38.5875	-9.6875	52.069
38.5875	-9.6625	52.223
38.5875	-9.6375	52.375
38.5875	-9.6125	52.503
38.5875	-9.5875	52.602
38.5875	-9.5625	52.689
38.5875	-9.5375	52.769
38.5875	-9.5125	52.841
38.5875	-9.4875	52.894
38.5875	-9.4625	52.944
38.5875	-9.4375	52.984
38.5875	-9.4125	53.007
38.5875	-9.3875	53.03
38.5875	-9.3625	53.038
38.5875	-9.3375	53.036
38.5875	-9.3125	53.029
38.5875	-9.2875	53.006
38.5875	-9.2625	52.995
38.5875	-9.2375	52.983
38.5875	-9.2125	52.974
38.5875	-9.1875	52.979
38.5875	-9.1625	52.984
38.5875	-9.1375	53.002
38.5875	-9.1125	53.022
38.5875	-9.0875	53.07
38.5875	-9.0625	53.122
38.5875	-9.0375	53.173
38.5875	-9.0125	53.213
38.5875	-8.9875	53.242
38.5875	-8.9625	53.272
38.5875	-8.9375	53.299
38.5875	-8.9125	53.342
38.5875	-8.8875	53.382
38.5875	-8.8625	53.417
38.5875	-8.8375	53.457
38.5875	-8.8125	53.5
38.5875	-8.7875	53.553
38.5875	-8.7625	53.606
38.5875	-8.7375	53.667
38.5875	-8.7125	53.737
38.5875	-8.6875	53.809
38.5875	-8.6625	53.876
38.5875	-8.6375	53.941
38.5875	-8.6125	53.997
38.5875	-8.5875	54.047
38.5875	-8.5625	54.072
38.5875	-8.5375	54.1
38.5875	-8.5125	54.124
38.5875	-8.4875	54.178
38.5875	-8.4625	54.231
38.5875	-8.4375	54.311
38.5875	-8.4125	54.384
38.5875	-8.3875	54.466
38.5875	-8.3625	54.528
38.5875	-8.3375	54.614
38.5875	-8.3125	54.687
38.5875	-8.2875	54.77
38.5875	-8.2625	54.84
38.5875	-8.2375	54.902
38.5875	-8.2125	54.944
38.5875	-8.1875	54.984
38.5875	-8.1625	55.007
38.5875	-8.1375	55.027
38.5875	-8.1125	55.042
38.5875	-8.0875	55.044
38.5875	-8.0625	55.037
38.5875	-8.0375	55.031
38.5875	-8.0125	55.025
38.5875	-7.9875	55.026
38.5875	-7.9625	55.036
38.5875	-7.9375	55.052
38.5875	-7.9125	55.07
38.5875	-7.8875	55.081
38.5875	-7.8625	55.091
38.5875	-7.8375	55.093
38.5875	-7.8125	55.091
38.5875	-7.7875	55.105
38.5875	-7.7625	55.117
38.5875	-7.7375	55.121
38.5875	-7.7125	55.132
38.5875	-7.6875	55.128
38.5875	-7.6625	55.128
38.5875	-7.6375	55.124
38.5875	-7.6125	55.103
38.5875	-7.5875	55.081
38.5875	-7.5625	55.066
38.5875	-7.5375	55.042
38.5875	-7.5125	55.007
38.5875	-7.4875	54.981
38.5875	-7.4625	54.941
38.5875	-7.4375	54.903
38.5875	-7.4125	54.862
38.5875	-7.3875	54.83
38.5875	-7.3625	54.789
38.5875	-7.3375	54.744
38.5875	-7.3125	54.718
38.5875	-7.2875	54.694
38.5875	-7.2625	54.686
38.5875	-7.2375	54.705
38.5875	-7.2125	54.727
38.5875	-7.1875	54.74
38.5875	-7.1625	54.775
38.5875	-7.1375	54.817
38.5875	-7.1125	54.86
38.5875	-7.0875	54.904
38.5875	-7.0625	54.942
38.5875	-7.0375	54.977
38.5875	-7.0125	54.997
38.5875	-6.9875	55.027
38.5875	-6.9625	55.055
38.5875	-6.9375	55.078
38.5875	-6.9125	55.107
38.5875	-6.8875	55.1
38.5875	-6.8625	55.084
38.5875	-6.8375	55.073
38.5875	-6.8125	55.051
38.5875	-6.7875	55.017
38.5875	-6.7625	54.968
38.5875	-6.7375	54.909
38.5875	-6.7125	54.863
38.5875	-6.6875	54.864
38.5875	-6.6625	54.896
38.5875	-6.6375	54.925
38.5875	-6.6125	54.944
38.5875	-6.5875	54.958
38.5875	-6.5625	54.971
38.5875	-6.5375	54.982
38.5875	-6.5125	54.995
38.5875	-6.4875	55.008
38.5875	-6.4625	55.028
38.5875	-6.4375	55.049
38.5875	-6.4125	55.064
38.5875	-6.3875	55.07
38.5875	-6.3625	55.069
38.5875	-6.3375	55.06
38.5875	-6.3125	55.043
38.5875	-6.2875	55.025
38.5875	-6.2625	55
38.5875	-6.2375	54.975
38.5875	-6.2125	54.947
38.5875	-6.1875	54.915
38.5875	-6.1625	54.901
38.5875	-6.1375	54.885
38.5875	-6.1125	54.887
38.5875	-6.0875	54.881
38.5875	-6.0625	54.875
38.5875	-6.0375	54.854
38.5875	-6.0125	54.832
38.5875	-5.9875	54.812
38.6125	-10.0125	50.516
38.6125	-9.9875	50.674
38.6125	-9.9625	50.807
38.6125	-9.9375	50.939
38.6125	-9.9125	51.069
38.6125	-9.8875	51.192
38.6125	-9.8625	51.315
38.6125	-9.8375	51.436
38.6125	-9.8125	51.554
38.6125	-9.7875	51.665
38.6125	-9.7625	51.774
38.6125	-9.7375	51.886
38.6125	-9.7125	52.015
38.6125	-9.6875	52.172
38.6125	-9.6625	52.333
38.6125	-9.6375	52.468
38.6125	-9.6125	52.59
38.6125	-9.5875	52.686
38.6125	-9.5625	52.775
38.6125	-9.5375	52.857
38.6125	-9.5125	52.931
38.6125	-9.4875	52.984
38.6125	-9.4625	53.024
38.6125	-9.4375	53.061
38.6125	-9.4125	53.085
38.6125	-9.3875	53.103
38.6125	-9.3625	53.11
38.6125	-9.3375	53.106
38.6125	-9.3125	53.104
38.6125	-9.2875	53.088
38.6125	-9.2625	53.069
38.6125	-9.2375	53.052
38.6125	-9.2125	53.046
38.6125	-9.1875	53.05
38.6125	-9.1625	53.045
38.6125	-9.1375	53.042
38.6125	-9.1125	53.046
38.6125	-9.0875	53.078
38.6125	-9.0625	53.113
38.6125	-9.0375	53.152
38.6125	-9.0125	53.177
38.6125	-8.9875	53.19
38.6125	-8.9625	53.208
38.6125	-8.9375	53.226
38.6125	-8.9125	53.291
38.6125	-8.8875	53.354
38.6125	-8.8625	53.412
38.6125	-8.8375	53.467
38.6125	-8.8125	53.511
38.6125	-8.7875	53.554
38.6125	-8.7625	53.618
38.6125	-8.7375	53.689
38.6125	-8.7125	53.77
38.6125	-8.6875	53.85
38.6125	-8.6625	53.907
38.6125	-8.6375	53.961
38.6125	-8.6125	53.994
38.6125	-8.5875	54.033
38.6125	-8.5625	54.058
38.6125	-8.5375	54.087
38.6125	-8.5125	54.11
38.6125	-8.4875	54.158
38.6125	-8.4625	54.21
38.6125	-8.4375	54.282
38.6125	-8.4125	54.351
38.6125	-8.3875	54.43
38.6125	-8.3625	54.509
38.6125	-8.3375	54.583
38.6125	-8.3125	54.669
38.6125	-8.2875	54.741
38.6125	-8.2625	54.815
38.6125	-8.2375	54.87
38.6125	-8.2125	54.914
38.6125	-8.1875	54.939
38.6125	-8.1625	54.978
38.6125	-8.1375	54.996
38.6125	-8.1125	55.02
38.6125	-8.0875	55.049
38.6125	-8.0625	55.053
38.6125	-8.0375	55.061
38.6125	-8.0125	55.055
38.6125	-7.9875	55.054
38.6125	-7.9625	55.062
38.6125	-7.9375	55.072
38.6125	-7.9125	55.091
38.6125	-7.8875	55.108
38.6125	-7.8625	55.125
38.6125	-7.8375	55.144
38.6125	-7.8125	55.167
38.6125	-7.7875	55.16
38.6125	-7.7625	55.172
38.6125	-7.7375	55.169
38.6125	-7.7125	55.167
38.6125	-7.6875	55.163
38.6125	-7.6625	55.146
38.6125	-7.6375	55.124
38.6125	-7.6125	55.105
38.6125	-7.5875	55.077
38.6125	-7.5625	55.055
38.6125	-7.5375	55.036
38.6125	-7.5125	54.995
38.6125	-7.4875	54.961
38.6125	-7.4625	54.932
38.6125	-7.4375	54.904
38.6125	-7.4125	54.869
38.6125	-7.3875	54.832
38.6125	-7.3625	54.804
38.6125	-7.3375	54.78
38.6125	-7.3125	54.766
38.6125	-7.2875	54.736
38.6125	-7.2625	54.714
38.6125	-7.2375	54.705
38.6125	-7.2125	54.713
38.6125	-7.1875	54.729
38.6125	-7.1625	54.753
38.6125	-7.1375	54.796
38.6125	-7.1125	54.837
38.6125	-7.0875	54.87
38.6125	-7.0625	54.904
38.6125	-7.0375	54.929
38.6125	-7.0125	54.952
38.6125	-6.9875	54.987
38.6125	-6.9625	55.016
38.6125	-6.9375	55.043
38.6125	-6.9125	55.05
38.6125	-6.8875	55.036
38.6125	-6.8625	55.013
38.6125	-6.8375	54.994
38.6125	-6.8125	54.962
38.6125	-6.7875	54.92
38.6125	-6.7625	54.873
38.6125	-6.7375	54.804
38.6125	-6.7125	54.763
38.6125	-6.6875	54.766
38.6125	-6.6625	54.797
38.6125	-6.6375	54.825
38.6125	-6.6125	54.85
38.6125	-6.5875	54.877
38.6125	-6.5625	54.907
38.6125	-6.5375	54.929
38.6125	-6.5125	54.952
38.6125	-6.4875	54.965
38.6125	-6.4625	54.984
38.6125	-6.4375	55.002
38.6125	-6.4125	55.014
38.6125	-6.3875	55.013
38.6125	-6.3625	55.007
38.6125	-6.3375	54.996
38.6125	-6.3125	54.981
38.6125	-6.2875	54.961
38.6125	-6.2625	54.935
38.6125	-6.2375	54.915
38.6125	-6.2125	54.887
38.6125	-6.1875	54.869
38.6125	-6.1625	54.855
38.6125	-6.1375	54.852
38.6125	-6.1125	54.855
38.6125	-6.0875	54.848
38.6125	-6.0625	54.828
38.6125	-6.0375	54.81
38.6125	-6.0125	54.788
38.6125	-5.9875	54.766
38.6375	-10.0125	50.717
38.6375	-9.9875	50.865
38.6375	-9.9625	50.99
38.6375	-9.9375	51.109
38.6375	-9.9125	51.226
38.6375	-9.8875	51.334
38.6375	-9.8625	51.448
38.6375	-9.8375	51.566
38.6375	-9.8125	51.681
38.6375	-9.7875	51.801
38.6375	-9.7625	51.908
38.6375	-9.7375	52.017
38.6375	-9.7125	52.133
38.6375	-9.6875	52.279
38.6375	-9.6625	52.427
38.6375	-9.6375	52.563
38.6375	-9.6125	52.672
38.6375	-9.5875	52.778
38.6375	-9.5625	52.867
38.6375	-9.5375	52.94
38.6375	-9.5125	53.015
38.6375	-9.4875	53.07
38.6375	-9.4625	53.1
38.6375	-9.4375	53.137
38.6375	-9.4125	53.155
38.6375	-9.3875	53.172
38.6375	-9.3625	53.188
38.6375	-9.3375	53.193
38.6375	-9.3125	53.188
38.6375	-9.2875	53.168
38.6375	-9.2625	53.156
38.6375	-9.2375	53.144
38.6375	-9.2125	53.147
38.6375	-9.1875	53.137
38.6375	-9.1625	53.123
38.6375	-9.1375	53.104
38.6375	-9.1125	53.1
38.6375	-9.0875	53.116
38.6375	-9.0625	53.139
38.6375	-9.0375	53.152
38.6375	-9.0125	53.157
38.6375	-8.9875	53.158
38.6375	-8.9625	53.166
38.6375	-8.9375	53.194
38.6375	-8.9125	53.251
38.6375	-8.8875	53.321
38.6375	-8.8625	53.401
38.6375	-8.8375	53.466
38.6375	-8.8125	53.52
38.6375	-8.7875	53.564
38.6375	-8.7625	53.617
38.6375	-8.7375	53.688
38.6375	-8.7125	53.779
38.6375	-8.6875	53.858
38.6375	-8.6625	53.913
38.6375	-8.6375	53.936
38.6375	-8.6125	53.969
38.6375	-8.5875	54.01
38.6375	-8.5625	54.033
38.6375	-8.5375	54.068
38.6375	-8.5125	54.104
38.6375	-8.4875	54.145
38.6375	-8.4625	54.192
38.6375	-8.4375	54.257
38.6375	-8.4125	54.316
38.6375	-8.3875	54.391
38.6375	-8.3625	54.469
38.6375	-8.3375	54.547
38.6375	-8.3125	54.627
38.6375	-8.2875	54.691
38.6375	-8.2625	54.755
38.6375	-8.2375	54.807
38.6375	-8.2125	54.842
38.6375	-8.1875	54.878
38.6375	-8.1625	54.911
38.6375	-8.1375	54.947
38.6375	-8.1125	54.985
38.6375	-8.0875	55.028
38.6375	-8.0625	55.052
38.6375	-8.0375	55.057
38.6375	-8.0125	55.052
38.6375	-7.9875	55.062
38.6375	-7.9625	55.058
38.6375	-7.9375	55.081
38.6375	-7.9125	55.095
38.6375	-7.8875	55.119
38.6375	-7.8625	55.145
38.6375	-7.8375	55.175
38.6375	-7.8125	55.197
38.6375	-7.7875	55.203
38.6375	-7.7625	55.203
38.6375	-7.7375	55.195
38.6375	-7.7125	55.181
38.6375	-7.6875	55.166
38.6375	-7.6625	55.148
38.6375	-7.6375	55.129
38.6375	-7.6125	55.113
38.6375	-7.5875	55.091
38.6375	-7.5625	55.069
38.6375	-7.5375	55.041
38.6375	-7.5125	55
38.6375	-7.4875	54.967
38.6375	-7.4625	54.944
38.6375	-7.4375	54.919
38.6375	-7.4125	54.901
38.6375	-7.3875	54.873
38.6375	-7.3625	54.848
38.6375	-7.3375	54.822
38.6375	-7.3125	54.793
38.6375	-7.2875	54.746
38.6375	-7.2625	54.711
38.6375	-7.2375	54.688
38.6375	-7.2125	54.683
38.6375	-7.1875	54.699
38.6375	-7.1625	54.72
38.6375	-7.1375	54.761
38.6375	-7.1125	54.795
38.6375	-7.0875	54.833
38.6375	-7.0625	54.867
38.6375	-7.0375	54.883
38.6375	-7.0125	54.911
38.6375	-6.9875	54.936
38.6375	-6.9625	54.968
38.6375	-6.9375	54.987
38.6375	-6.9125	54.989
38.6375	-6.8875	54.967
38.6375	-6.8625	54.94
38.6375	-6.8375	54.917
38.6375	-6.8125	54.882
38.6375	-6.7875	54.833
38.6375	-6.7625	54.779
38.6375	-6.7375	54.734
38.6375	-6.7125	54.707
38.6375	-6.6875	54.71
38.6375	-6.6625	54.72
38.6375	-6.6375	54.744
38.6375	-6.6125	54.78
38.6375	-6.5875	54.806
38.6375	-6.5625	54.84
38.6375	-6.5375	54.868
38.6375	-6.5125	54.896
38.6375	-6.4875	54.909
38.6375	-6.4625	54.929
38.6375	-6.4375	54.942
38.6375	-6.4125	54.951
38.6375	-6.3875	54.95
38.6375	-6.3625	54.941
38.6375	-6.3375	54.931
38.6375	-6.3125	54.916
38.6375	-6.2875	54.9
38.6375	-6.2625	54.877
38.6375	-6.2375	54.858
38.6375	-6.2125	54.832
38.6375	-6.1875	54.82
38.6375	-6.1625	54.813
38.6375	-6.1375	54.812
38.6375	-6.1125	54.817
38.6375	-6.0875	54.805
38.6375	-6.0625	54.787
38.6375	-6.0375	54.775
38.6375	-6.0125	54.753
38.6375	-5.9875	54.722
38.6625	-10.0125	50.925
38.6625	-9.9875	51.056
38.6625	-9.9625	51.169
38.6625	-9.9375	51.281
38.6625	-9.9125	51.393
38.6625	-9.8875	51.489
38.6625	-9.8625	51.591
38.6625	-9.8375	51.704
38.6625	-9.8125	51.83
38.6625	-9.7875	51.942
38.6625	-9.7625	52.047
38.6625	-9.7375	52.159
38.6625	-9.7125	52.282
38.6625	-9.6875	52.408
38.6625	-9.6625	52.526
38.6625	-9.6375	52.649
38.6625	-9.6125	52.762
38.6625	-9.5875	52.867
38.6625	-9.5625	52.956
38.6625	-9.5375	53.04
38.6625	-9.5125	53.105
38.6625	-9.4875	53.151
38.6625	-9.4625	53.181
38.6625	-9.4375	53.208
38.6625	-9.4125	53.232
38.6625	-9.3875	53.259
38.6625	-9.3625	53.274
38.6625	-9.3375	53.277
38.6625	-9.3125	53.281
38.6625	-9.2875	53.279
38.6625	-9.2625	53.264
38.6625	-9.2375	53.275
38.6625	-9.2125	53.269
38.6625	-9.1875	53.253
38.6625	-9.1625	53.225
38.6625	-9.1375	53.197
38.6625	-9.1125	53.178
38.6625	-9.0875	53.187
38.6625	-9.0625	53.184
38.6625	-9.0375	53.176
38.6625	-9.0125	53.179
38.6625	-8.9875	53.18
38.6625	-8.9625	53.183
38.6625	-8.9375	53.203
38.6625	-8.9125	53.25
38.6625	-8.8875	53.3
38.6625	-8.8625	53.376
38.6625	-8.8375	53.457
38.6625	-8.8125	53.54
38.6625	-8.7875	53.593
38.6625	-8.7625	53.645
38.6625	-8.7375	53.705
38.6625	-8.7125	53.773
38.6625	-8.6875	53.83
38.6625	-8.6625	53.873
38.6625	-8.6375	53.896
38.6625	-8.6125	53.932
38.6625	-8.5875	53.984
38.6625	-8.5625	54.02
38.6625	-8.5375	54.062
38.6625	-8.5125	54.093
38.6625	-8.4875	54.121
38.6625	-8.4625	54.167
38.6625	-8.4375	54.217
38.6625	-8.4125	54.28
38.6625	-8.3875	54.343
38.6625	-8.3625	54.418
38.6625	-8.3375	54.491
38.6625	-8.3125	54.569
38.6625	-8.2875	54.628
38.6625	-8.2625	54.696
38.6625	-8.2375	54.745
38.6625	-8.2125	54.788
38.6625	-8.1875	54.826
38.6625	-8.1625	54.854
38.6625	-8.1375	54.903
38.6625	-8.1125	54.939
38.6625	-8.0875	54.984
38.6625	-8.0625	55.011
38.6625	-8.0375	55.036
38.6625	-8.0125	55.042
38.6625	-7.9875	55.046
38.6625	-7.9625	55.048
38.6625	-7.9375	55.065
38.6625	-7.9125	55.09
38.6625	-7.8875	55.115
38.6625	-7.8625	55.155
38.6625	-7.8375	55.185
38.6625	-7.8125	55.207
38.6625	-7.7875	55.221
38.6625	-7.7625	55.219
38.6625	-7.7375	55.196
38.6625	-7.7125	55.182
38.6625	-7.6875	55.158
38.6625	-7.6625	55.144
38.6625	-7.6375	55.144
38.6625	-7.6125	55.119
38.6625	-7.5875	55.109
38.6625	-7.5625	55.089
38.6625	-7.5375	55.054
38.6625	-7.5125	55.023
38.6625	-7.4875	54.99
38.6625	-7.4625	54.981
38.6625	-7.4375	54.967
38.6625	-7.4125	54.96
38.6625	-7.3875	54.931
38.6625	-7.3625	54.891
38.6625	-7.3375	54.837
38.6625	-7.3125	54.77
38.6625	-7.2875	54.714
38.6625	-7.2625	54.666
38.6625	-7.2375	54.642
38.6625	-7.2125	54.636
38.6625	-7.1875	54.661
38.6625	-7.1625	54.681
38.6625	-7.1375	54.712
38.6625	-7.1125	54.75
38.6625	-7.0875	54.78
38.6625	-7.0625	54.814
38.6625	-7.0375	54.831
38.6625	-7.0125	54.858
38.6625	-6.9875	54.883
38.6625	-6.9625	54.904
38.6625	-6.9375	54.906
38.6625	-6.9125	54.908
38.6625	-6.8875	54.902
38.6625	-6.8625	54.88
38.6625	-6.8375	54.854
38.6625	-6.8125	54.807
38.6625	-6.7875	54.753
38.6625	-6.7625	54.705
38.6625	-6.7375	54.668
38.6625	-6.7125	54.646
38.6625	-6.6875	54.646
38.6625	-6.6625	54.659
38.6625	-6.6375	54.681
38.6625	-6.6125	54.712
38.6625	-6.5875	54.74
38.6625	-6.5625	54.783
38.6625	-6.5375	54.808
38.6625	-6.5125	54.837
38.6625	-6.4875	54.852
38.6625	-6.4625	54.867
38.6625	-6.4375	54.876
38.6625	-6.4125	54.881
38.6625	-6.3875	54.882
38.6625	-6.3625	54.876
38.6625	-6.3375	54.868
38.6625	-6.3125	54.855
38.6625	-6.2875	54.836
38.6625	-6.2625	54.821
38.6625	-6.2375	54.802
38.6625	-6.2125	54.777
38.6625	-6.1875	54.765
38.6625	-6.1625	54.772
38.6625	-6.1375	54.772
38.6625	-6.1125	54.771
38.6625	-6.0875	54.766
38.6625	-6.0625	54.752
38.6625	-6.0375	54.74
38.6625	-6.0125	54.709
38.6625	-5.9875	54.667
38.6875	-10.0125	51.133
38.6875	-9.9875	51.252
38.6875	-9.9625	51.359
38.6875	-9.9375	51.465
38.6875	-9.9125	51.568
38.6875	-9.8875	51.663
38.6875	-9.8625	51.759
38.6875	-9.8375	51.88
38.6875	-9.8125	52.001
38.6875	-9.7875	52.121
38.6875	-9.7625	52.219
38.6875	-9.7375	52.325
38.6875	-9.7125	52.447
38.6875	-9.6875	52.567
38.6875	-9.6625	52.672
38.6875	-9.6375	52.773
38.6875	-9.6125	52.861
38.6875	-9.5875	52.957
38.6875	-9.5625	53.053
38.6875	-9.5375	53.134
38.6875	-9.5125	53.202
38.6875	-9.4875	53.261
38.6875	-9.4625	53.295
38.6875	-9.4375	53.313
38.6875	-9.4125	53.336
38.6875	-9.3875	53.367
38.6875	-9.3625	53.388
38.6875	-9.3375	53.392
38.6875	-9.3125	53.395
38.6875	-9.2875	53.38
38.6875	-9.2625	53.375
38.6875	-9.2375	53.366
38.6875	-9.2125	53.356
38.6875	-9.1875	53.333
38.6875	-9.1625	53.293
38.6875	-9.1375	53.262
38.6875	-9.1125	53.245
38.6875	-9.0875	53.235
38.6875	-9.0625	53.224
38.6875	-9.0375	53.222
38.6875	-9.0125	53.22
38.6875	-8.9875	53.215
38.6875	-8.9625	53.22
38.6875	-8.9375	53.232
38.6875	-8.9125	53.245
38.6875	-8.8875	53.262
38.6875	-8.8625	53.324
38.6875	-8.8375	53.441
38.6875	-8.8125	53.573
38.6875	-8.7875	53.654
38.6875	-8.7625	53.693
38.6875	-8.7375	53.73
38.6875	-8.7125	53.765
38.6875	-8.6875	53.797
38.6875	-8.6625	53.828
38.6875	-8.6375	53.859
38.6875	-8.6125	53.904
38.6875	-8.5875	53.949
38.6875	-8.5625	54.004
38.6875	-8.5375	54.039
38.6875	-8.5125	54.064
38.6875	-8.4875	54.099
38.6875	-8.4625	54.132
38.6875	-8.4375	54.176
38.6875	-8.4125	54.233
38.6875	-8.3875	54.296
38.6875	-8.3625	54.365
38.6875	-8.3375	54.44
38.6875	-8.3125	54.509
38.6875	-8.2875	54.583
38.6875	-8.2625	54.649
38.6875	-8.2375	54.693
38.6875	-8.2125	54.747
38.6875	-8.1875	54.781
38.6875	-8.1625	54.823
38.6875	-8.1375	54.868
38.6875	-8.1125	54.9
38.6875	-8.0875	54.946
38.6875	-8.0625	54.979
38.6875	-8.0375	55.007
38.6875	-8.0125	55.023
38.6875	-7.9875	55.026
38.6875	-7.9625	55.041
38.6875	-7.9375	55.047
38.6875	-7.9125	55.073
38.6875	-7.8875	55.106
38.6875	-7.8625	55.146
38.6875	-7.8375	55.178
38.6875	-7.8125	55.211
38.6875	-7.7875	55.215
38.6875	-7.7625	55.207
38.6875	-7.7375	55.186
38.6875	-7.7125	55.176
38.6875	-7.6875	55.157
38.6875	-7.6625	55.149
38.6875	-7.6375	55.152
38.6875	-7.6125	55.144
38.6875	-7.5875	55.133
38.6875	-7.5625	55.112
38.6875	-7.5375	55.077
38.6875	-7.5125	55.045
38.6875	-7.4875	55.018
38.6875	-7.4625	55.019
38.6875	-7.4375	55.021
38.6875	-7.4125	55.017
38.6875	-7.3875	54.981
38.6875	-7.3625	54.923
38.6875	-7.3375	54.838
38.6875	-7.3125	54.747
38.6875	-7.2875	54.678
38.6875	-7.2625	54.626
38.6875	-7.2375	54.601
38.6875	-7.2125	54.585
38.6875	-7.1875	54.599
38.6875	-7.1625	54.628
38.6875	-7.1375	54.658
38.6875	-7.1125	54.693
38.6875	-7.0875	54.728
38.6875	-7.0625	54.761
38.6875	-7.0375	54.792
38.6875	-7.0125	54.805
38.6875	-6.9875	54.823
38.6875	-6.9625	54.828
38.6875	-6.9375	54.832
38.6875	-6.9125	54.834
38.6875	-6.8875	54.824
38.6875	-6.8625	54.819
38.6875	-6.8375	54.792
38.6875	-6.8125	54.747
38.6875	-6.7875	54.693
38.6875	-6.7625	54.644
38.6875	-6.7375	54.603
38.6875	-6.7125	54.578
38.6875	-6.6875	54.578
38.6875	-6.6625	54.589
38.6875	-6.6375	54.615
38.6875	-6.6125	54.656
38.6875	-6.5875	54.694
38.6875	-6.5625	54.726
38.6875	-6.5375	54.75
38.6875	-6.5125	54.78
38.6875	-6.4875	54.79
38.6875	-6.4625	54.8
38.6875	-6.4375	54.807
38.6875	-6.4125	54.811
38.6875	-6.3875	54.815
38.6875	-6.3625	54.815
38.6875	-6.3375	54.805
38.6875	-6.3125	54.793
38.6875	-6.2875	54.775
38.6875	-6.2625	54.76
38.6875	-6.2375	54.745
38.6875	-6.2125	54.728
38.6875	-6.1875	54.723
38.6875	-6.1625	54.72
38.6875	-6.1375	54.715
38.6875	-6.1125	54.715
38.6875	-6.0875	54.717
38.6875	-6.0625	54.704
38.6875	-6.0375	54.685
38.6875	-6.0125	54.646
38.6875	-5.9875	54.603
38.7125	-10.0125	51.331
38.7125	-9.9875	51.45
38.7125	-9.9625	51.558
38.7125	-9.9375	51.661
38.7125	-9.9125	51.759
38.7125	-9.8875	51.863
38.7125	-9.8625	51.974
38.7125	-9.8375	52.1
38.7125	-9.8125	52.213
38.7125	-9.7875	52.322
38.7125	-9.7625	52.421
38.7125	-9.7375	52.519
38.7125	-9.7125	52.62
38.7125	-9.6875	52.707
38.7125	-9.6625	52.798
38.7125	-9.6375	52.88
38.7125	-9.6125	52.965
38.7125	-9.5875	53.064
38.7125	-9.5625	53.153
38.7125	-9.5375	53.241
38.7125	-9.5125	53.317
38.7125	-9.4875	53.387
38.7125	-9.4625	53.44
38.7125	-9.4375	53.449
38.7125	-9.4125	53.47
38.7125	-9.3875	53.5
38.7125	-9.3625	53.522
38.7125	-9.3375	53.524
38.7125	-9.3125	53.513
38.7125	-9.2875	53.506
38.7125	-9.2625	53.489
38.7125	-9.2375	53.462
38.7125	-9.2125	53.431
38.7125	-9.1875	53.385
38.7125	-9.1625	53.326
38.7125	-9.1375	53.284
38.7125	-9.1125	53.265
38.7125	-9.0875	53.258
38.7125	-9.0625	53.261
38.7125	-9.0375	53.254
38.7125	-9.0125	53.258
38.7125	-8.9875	53.252
38.7125	-8.9625	53.255
38.7125	-8.9375	53.245
38.7125	-8.9125	53.235
38.7125	-8.8875	53.237
38.7125	-8.8625	53.297
38.7125	-8.8375	53.431
38.7125	-8.8125	53.587
38.7125	-8.7875	53.676
38.7125	-8.7625	53.713
38.7125	-8.7375	53.734
38.7125	-8.7125	53.752
38.7125	-8.6875	53.771
38.7125	-8.6625	53.801
38.7125	-8.6375	53.84
38.7125	-8.6125	53.872
38.7125	-8.5875	53.915
38.7125	-8.5625	53.96
38.7125	-8.5375	53.998
38.7125	-8.5125	54.022
38.7125	-8.4875	54.057
38.7125	-8.4625	54.083
38.7125	-8.4375	54.125
38.7125	-8.4125	54.182
38.7125	-8.3875	54.252
38.7125	-8.3625	54.335
38.7125	-8.3375	54.411
38.7125	-8.3125	54.491
38.7125	-8.2875	54.562
38.7125	-8.2625	54.629
38.7125	-8.2375	54.681
38.7125	-8.2125	54.719
38.7125	-8.1875	54.753
38.7125	-8.1625	54.8
38.7125	-8.1375	54.834
38.7125	-8.1125	54.872
38.7125	-8.0875	54.91
38.7125	-8.0625	54.937
38.7125	-8.0375	54.968
38.7125	-8.0125	54.992
38.7125	-7.9875	55.021
38.7125	-7.9625	55.028
38.7125	-7.9375	55.032
38.7125	-7.9125	55.053
38.7125	-7.8875	55.087
38.7125	-7.8625	55.122
38.7125	-7.8375	55.15
38.7125	-7.8125	55.19
38.7125	-7.7875	55.195
38.7125	-7.7625	55.19
38.7125	-7.7375	55.175
38.7125	-7.7125	55.17
38.7125	-7.6875	55.16
38.7125	-7.6625	55.148
38.7125	-7.6375	55.164
38.7125	-7.6125	55.174
38.7125	-7.5875	55.166
38.7125	-7.5625	55.145
38.7125	-7.5375	55.11
38.7125	-7.5125	55.077
38.7125	-7.4875	55.058
38.7125	-7.4625	55.063
38.7125	-7.4375	55.071
38.7125	-7.4125	55.067
38.7125	-7.3875	55.017
38.7125	-7.3625	54.934
38.7125	-7.3375	54.828
38.7125	-7.3125	54.734
38.7125	-7.2875	54.664
38.7125	-7.2625	54.607
38.7125	-7.2375	54.577
38.7125	-7.2125	54.551
38.7125	-7.1875	54.543
38.7125	-7.1625	54.565
38.7125	-7.1375	54.601
38.7125	-7.1125	54.634
38.7125	-7.0875	54.678
38.7125	-7.0625	54.703
38.7125	-7.0375	54.736
38.7125	-7.0125	54.753
38.7125	-6.9875	54.761
38.7125	-6.9625	54.766
38.7125	-6.9375	54.762
38.7125	-6.9125	54.761
38.7125	-6.8875	54.763
38.7125	-6.8625	54.752
38.7125	-6.8375	54.727
38.7125	-6.8125	54.685
38.7125	-6.7875	54.634
38.7125	-6.7625	54.58
38.7125	-6.7375	54.537
38.7125	-6.7125	54.509
38.7125	-6.6875	54.509
38.7125	-6.6625	54.526
38.7125	-6.6375	54.565
38.7125	-6.6125	54.608
38.7125	-6.5875	54.648
38.7125	-6.5625	54.675
38.7125	-6.5375	54.695
38.7125	-6.5125	54.718
38.7125	-6.4875	54.734
38.7125	-6.4625	54.744
38.7125	-6.4375	54.741
38.7125	-6.4125	54.745
38.7125	-6.3875	54.75
38.7125	-6.3625	54.751
38.7125	-6.3375	54.744
38.7125	-6.3125	54.732
38.7125	-6.2875	54.713
38.7125	-6.2625	54.696
38.7125	-6.2375	54.679
38.7125	-6.2125	54.667
38.7125	-6.1875	54.656
38.7125	-6.1625	54.665
38.7125	-6.1375	54.658
38.7125	-6.1125	54.652
38.7125	-6.0875	54.647
38.7125	-6.0625	54.638
38.7125	-6.0375	54.62
38.7125	-6.0125	54.58
38.7125	-5.9875	54.537
38.7375	-10.0125	51.521
38.7375	-9.9875	51.643
38.7375	-9.9625	51.762
38.7375	-9.9375	51.877
38.7375	-9.9125	51.985
38.7375	-9.8875	52.094
38.7375	-9.8625	52.214
38.7375	-9.8375	52.318
38.7375	-9.8125	52.416
38.7375	-9.7875	52.509
38.7375	-9.7625	52.601
38.7375	-9.7375	52.694
38.7375	-9.7125	52.765
38.7375	-9.6875	52.84
38.7375	-9.6625	52.901
38.7375	-9.6375	52.978
38.7375	-9.6125	53.063
38.7375	-9.5875	53.158
38.7375	-9.5625	53.253
38.7375	-9.5375	53.337
38.7375	-9.5125	53.422
38.7375	-9.4875	53.507
38.7375	-9.4625	53.571
38.7375	-9.4375	53.597
38.7375	-9.4125	53.603
38.7375	-9.3875	53.613
38.7375	-9.3625	53.621
38.7375	-9.3375	53.611
38.7375	-9.3125	53.591
38.7375	-9.2875	53.58
38.7375	-9.2625	53.564
38.7375	-9.2375	53.533
38.7375	-9.2125	53.476
38.7375	-9.1875	53.417
38.7375	-9.1625	53.351
38.7375	-9.1375	53.322
38.7375	-9.1125	53.309
38.7375	-9.0875	53.302
38.7375	-9.0625	53.298
38.7375	-9.0375	53.295
38.7375	-9.0125	53.285
38.7375	-8.9875	53.287
38.7375	-8.9625	53.289
38.7375	-8.9375	53.277
38.7375	-8.9125	53.264
38.7375	-8.8875	53.275
38.7375	-8.8625	53.331
38.7375	-8.8375	53.441
38.7375	-8.8125	53.563
38.7375	-8.7875	53.646
38.7375	-8.7625	53.688
38.7375	-8.7375	53.706
38.7375	-8.7125	53.727
38.7375	-8.6875	53.752
38.7375	-8.6625	53.791
38.7375	-8.6375	53.821
38.7375	-8.6125	53.85
38.7375	-8.5875	53.894
38.7375	-8.5625	53.919
38.7375	-8.5375	53.957
38.7375	-8.5125	53.976
38.7375	-8.4875	54.006
38.7375	-8.4625	54.041
38.7375	-8.4375	54.096
38.7375	-8.4125	54.165
38.7375	-8.3875	54.246
38.7375	-8.3625	54.324
38.7375	-8.3375	54.416
38.7375	-8.3125	54.496
38.7375	-8.2875	54.565
38.7375	-8.2625	54.627
38.7375	-8.2375	54.667
38.7375	-8.2125	54.707
38.7375	-8.1875	54.741
38.7375	-8.1625	54.777
38.7375	-8.1375	54.812
38.7375	-8.1125	54.838
38.7375	-8.0875	54.862
38.7375	-8.0625	54.889
38.7375	-8.0375	54.919
38.7375	-8.0125	54.944
38.7375	-7.9875	54.965
38.7375	-7.9625	54.984
38.7375	-7.9375	54.995
38.7375	-7.9125	55.02
38.7375	-7.8875	55.06
38.7375	-7.8625	55.084
38.7375	-7.8375	55.118
38.7375	-7.8125	55.141
38.7375	-7.7875	55.15
38.7375	-7.7625	55.172
38.7375	-7.7375	55.17
38.7375	-7.7125	55.163
38.7375	-7.6875	55.16
38.7375	-7.6625	55.167
38.7375	-7.6375	55.191
38.7375	-7.6125	55.2
38.7375	-7.5875	55.198
38.7375	-7.5625	55.183
38.7375	-7.5375	55.143
38.7375	-7.5125	55.102
38.7375	-7.4875	55.082
38.7375	-7.4625	55.09
38.7375	-7.4375	55.108
38.7375	-7.4125	55.097
38.7375	-7.3875	55.038
38.7375	-7.3625	54.95
38.7375	-7.3375	54.826
38.7375	-7.3125	54.724
38.7375	-7.2875	54.674
38.7375	-7.2625	54.625
38.7375	-7.2375	54.583
38.7375	-7.2125	54.535
38.7375	-7.1875	54.51
38.7375	-7.1625	54.507
38.7375	-7.1375	54.546
38.7375	-7.1125	54.584
38.7375	-7.0875	54.617
38.7375	-7.0625	54.661
38.7375	-7.0375	54.688
38.7375	-7.0125	54.72
38.7375	-6.9875	54.725
38.7375	-6.9625	54.725
38.7375	-6.9375	54.719
38.7375	-6.9125	54.716
38.7375	-6.8875	54.702
38.7375	-6.8625	54.684
38.7375	-6.8375	54.656
38.7375	-6.8125	54.61
38.7375	-6.7875	54.56
38.7375	-6.7625	54.509
38.7375	-6.7375	54.471
38.7375	-6.7125	54.447
38.7375	-6.6875	54.449
38.7375	-6.6625	54.477
38.7375	-6.6375	54.513
38.7375	-6.6125	54.559
38.7375	-6.5875	54.597
38.7375	-6.5625	54.623
38.7375	-6.5375	54.641
38.7375	-6.5125	54.656
38.7375	-6.4875	54.668
38.7375	-6.4625	54.677
38.7375	-6.4375	54.671
38.7375	-6.4125	54.677
38.7375	-6.3875	54.679
38.7375	-6.3625	54.681
38.7375	-6.3375	54.676
38.7375	-6.3125	54.662
38.7375	-6.2875	54.649
38.7375	-6.2625	54.625
38.7375	-6.2375	54.605
38.7375	-6.2125	54.601
38.7375	-6.1875	54.599
38.7375	-6.1625	54.602
38.7375	-6.1375	54.597
38.7375	-6.1125	54.593
38.7375	-6.0875	54.586
38.7375	-6.0625	54.573
38.7375	-6.0375	54.547
38.7375	-6.0125	54.525
38.7375	-5.9875	54.479
38.7625	-10.0125	51.727
38.7625	-9.9875	51.837
38.7625	-9.9625	51.966
38.7625	-9.9375	52.1
38.7625	-9.9125	52.213
38.7625	-9.8875	52.326
38.7625	-9.8625	52.436
38.7625	-9.8375	52.525
38.7625	-9.8125	52.608
38.7625	-9.7875	52.686
38.7625	-9.7625	52.772
38.7625	-9.7375	52.837
38.7625	-9.7125	52.892
38.7625	-9.6875	52.951
38.7625	-9.6625	53.008
38.7625	-9.6375	53.071
38.7625	-9.6125	53.151
38.7625	-9.5875	53.239
38.7625	-9.5625	53.341
38.7625	-9.5375	53.433
38.7625	-9.5125	53.523
38.7625	-9.4875	53.62
38.7625	-9.4625	53.695
38.7625	-9.4375	53.701
38.7625	-9.4125	53.691
38.7625	-9.3875	53.673
38.7625	-9.3625	53.644
38.7625	-9.3375	53.627
38.7625	-9.3125	53.622
38.7625	-9.2875	53.628
38.7625	-9.2625	53.621
38.7625	-9.2375	53.578
38.7625	-9.2125	53.527
38.7625	-9.1875	53.469
38.7625	-9.1625	53.432
38.7625	-9.1375	53.404
38.7625	-9.1125	53.377
38.7625	-9.0875	53.352
38.7625	-9.0625	53.336
38.7625	-9.0375	53.331
38.7625	-9.0125	53.326
38.7625	-8.9875	53.323
38.7625	-8.9625	53.329
38.7625	-8.9375	53.335
38.7625	-8.9125	53.345
38.7625	-8.8875	53.366
38.7625	-8.8625	53.408
38.7625	-8.8375	53.482
38.7625	-8.8125	53.56
38.7625	-8.7875	53.628
38.7625	-8.7625	53.663
38.7625	-8.7375	53.695
38.7625	-8.7125	53.715
38.7625	-8.6875	53.747
38.7625	-8.6625	53.783
38.7625	-8.6375	53.811
38.7625	-8.6125	53.838
38.7625	-8.5875	53.87
38.7625	-8.5625	53.899
38.7625	-8.5375	53.923
38.7625	-8.5125	53.953
38.7625	-8.4875	53.984
38.7625	-8.4625	54.019
38.7625	-8.4375	54.07
38.7625	-8.4125	54.157
38.7625	-8.3875	54.249
38.7625	-8.3625	54.344
38.7625	-8.3375	54.433
38.7625	-8.3125	54.509
38.7625	-8.2875	54.588
38.7625	-8.2625	54.641
38.7625	-8.2375	54.68
38.7625	-8.2125	54.708
38.7625	-8.1875	54.737
38.7625	-8.1625	54.76
38.7625	-8.1375	54.793
38.7625	-8.1125	54.8
38.7625	-8.0875	54.813
38.7625	-8.0625	54.837
38.7625	-8.0375	54.855
38.7625	-8.0125	54.869
38.7625	-7.9875	54.89
38.7625	-7.9625	54.913
38.7625	-7.9375	54.94
38.7625	-7.9125	54.972
38.7625	-7.8875	55.003
38.7625	-7.8625	55.03
38.7625	-7.8375	55.057
38.7625	-7.8125	55.081
38.7625	-7.7875	55.095
38.7625	-7.7625	55.113
38.7625	-7.7375	55.129
38.7625	-7.7125	55.143
38.7625	-7.6875	55.153
38.7625	-7.6625	55.154
38.7625	-7.6375	55.162
38.7625	-7.6125	55.171
38.7625	-7.5875	55.171
38.7625	-7.5625	55.158
38.7625	-7.5375	55.122
38.7625	-7.5125	55.098
38.7625	-7.4875	55.087
38.7625	-7.4625	55.12
38.7625	-7.4375	55.141
38.7625	-7.4125	55.125
38.7625	-7.3875	55.052
38.7625	-7.3625	54.94
38.7625	-7.3375	54.832
38.7625	-7.3125	54.762
38.7625	-7.2875	54.701
38.7625	-7.2625	54.655
38.7625	-7.2375	54.616
38.7625	-7.2125	54.551
38.7625	-7.1875	54.498
38.7625	-7.1625	54.474
38.7625	-7.1375	54.499
38.7625	-7.1125	54.528
38.7625	-7.0875	54.584
38.7625	-7.0625	54.63
38.7625	-7.0375	54.663
38.7625	-7.0125	54.692
38.7625	-6.9875	54.695
38.7625	-6.9625	54.693
38.7625	-6.9375	54.688
38.7625	-6.9125	54.67
38.7625	-6.8875	54.658
38.7625	-6.8625	54.626
38.7625	-6.8375	54.591
38.7625	-6.8125	54.542
38.7625	-6.7875	54.49
38.7625	-6.7625	54.438
38.7625	-6.7375	54.404
38.7625	-6.7125	54.389
38.7625	-6.6875	54.4
38.7625	-6.6625	54.429
38.7625	-6.6375	54.465
38.7625	-6.6125	54.502
38.7625	-6.5875	54.535
38.7625	-6.5625	54.56
38.7625	-6.5375	54.574
38.7625	-6.5125	54.59
38.7625	-6.4875	54.596
38.7625	-6.4625	54.599
38.7625	-6.4375	54.601
38.7625	-6.4125	54.596
38.7625	-6.3875	54.599
38.7625	-6.3625	54.601
38.7625	-6.3375	54.597
38.7625	-6.3125	54.591
38.7625	-6.2875	54.57
38.7625	-6.2625	54.545
38.7625	-6.2375	54.53
38.7625	-6.2125	54.525
38.7625	-6.1875	54.528
38.7625	-6.1625	54.53
38.7625	-6.1375	54.54
38.7625	-6.1125	54.523
38.7625	-6.0875	54.503
38.7625	-6.0625	54.48
38.7625	-6.0375	54.46
38.7625	-6.0125	54.443
38.7625	-5.9875	54.406
38.7875	-10.0125	51.945
38.7875	-9.9875	52.044
38.7875	-9.9625	52.166
38.7875	-9.9375	52.294
38.7875	-9.9125	52.414
38.7875	-9.8875	52.527
38.7875	-9.8625	52.629
38.7875	-9.8375	52.709
38.7875	-9.8125	52.783
38.7875	-9.7875	52.854
38.7875	-9.7625	52.922
38.7875	-9.7375	52.967
38.7875	-9.7125	53.014
38.7875	-9.6875	53.061
38.7875	-9.6625	53.099
38.7875	-9.6375	53.164
38.7875	-9.6125	53.237
38.7875	-9.5875	53.33
38.7875	-9.5625	53.418
38.7875	-9.5375	53.508
38.7875	-9.5125	53.607
38.7875	-9.4875	53.7
38.7875	-9.4625	53.747
38.7875	-9.4375	53.767
38.7875	-9.4125	53.747
38.7875	-9.3875	53.702
38.7875	-9.3625	53.634
38.7875	-9.3375	53.607
38.7875	-9.3125	53.623
38.7875	-9.2875	53.668
38.7875	-9.2625	53.669
38.7875	-9.2375	53.653
38.7875	-9.2125	53.603
38.7875	-9.1875	53.55
38.7875	-9.1625	53.511
38.7875	-9.1375	53.481
38.7875	-9.1125	53.448
38.7875	-9.0875	53.403
38.7875	-9.0625	53.386
38.7875	-9.0375	53.368
38.7875	-9.0125	53.36
38.7875	-8.9875	53.364
38.7875	-8.9625	53.366
38.7875	-8.9375	53.387
38.7875	-8.9125	53.414
38.7875	-8.8875	53.434
38.7875	-8.8625	53.474
38.7875	-8.8375	53.516
38.7875	-8.8125	53.567
38.7875	-8.7875	53.618
38.7875	-8.7625	53.657
38.7875	-8.7375	53.685
38.7875	-8.7125	53.714
38.7875	-8.6875	53.745
38.7875	-8.6625	53.775
38.7875	-8.6375	53.802
38.7875	-8.6125	53.832
38.7875	-8.5875	53.85
38.7875	-8.5625	53.87
38.7875	-8.5375	53.9
38.7875	-8.5125	53.931
38.7875	-8.4875	53.961
38.7875	-8.4625	54.008
38.7875	-8.4375	54.077
38.7875	-8.4125	54.177
38.7875	-8.3875	54.275
38.7875	-8.3625	54.375
38.7875	-8.3375	54.461
38.7875	-8.3125	54.543
38.7875	-8.2875	54.615
38.7875	-8.2625	54.67
38.7875	-8.2375	54.702
38.7875	-8.2125	54.715
38.7875	-8.1875	54.733
38.7875	-8.1625	54.744
38.7875	-8.1375	54.76
38.7875	-8.1125	54.766
38.7875	-8.0875	54.763
38.7875	-8.0625	54.769
38.7875	-8.0375	54.783
38.7875	-8.0125	54.792
38.7875	-7.9875	54.813
38.7875	-7.9625	54.84
38.7875	-7.9375	54.866
38.7875	-7.9125	54.895
38.7875	-7.8875	54.925
38.7875	-7.8625	54.952
38.7875	-7.8375	54.973
38.7875	-7.8125	54.991
38.7875	-7.7875	55.023
38.7875	-7.7625	55.054
38.7875	-7.7375	55.075
38.7875	-7.7125	55.084
38.7875	-7.6875	55.092
38.7875	-7.6625	55.095
38.7875	-7.6375	55.108
38.7875	-7.6125	55.115
38.7875	-7.5875	55.115
38.7875	-7.5625	55.113
38.7875	-7.5375	55.101
38.7875	-7.5125	55.089
38.7875	-7.4875	55.093
38.7875	-7.4625	55.118
38.7875	-7.4375	55.129
38.7875	-7.4125	55.107
38.7875	-7.3875	55.025
38.7875	-7.3625	54.923
38.7875	-7.3375	54.847
38.7875	-7.3125	54.797
38.7875	-7.2875	54.757
38.7875	-7.2625	54.723
38.7875	-7.2375	54.672
38.7875	-7.2125	54.592
38.7875	-7.1875	54.529
38.7875	-7.1625	54.487
38.7875	-7.1375	54.487
38.7875	-7.1125	54.515
38.7875	-7.0875	54.564
38.7875	-7.0625	54.608
38.7875	-7.0375	54.651
38.7875	-7.0125	54.679
38.7875	-6.9875	54.68
38.7875	-6.9625	54.668
38.7875	-6.9375	54.661
38.7875	-6.9125	54.64
38.7875	-6.8875	54.608
38.7875	-6.8625	54.567
38.7875	-6.8375	54.527
38.7875	-6.8125	54.475
38.7875	-6.7875	54.42
38.7875	-6.7625	54.369
38.7875	-6.7375	54.345
38.7875	-6.7125	54.337
38.7875	-6.6875	54.352
38.7875	-6.6625	54.378
38.7875	-6.6375	54.411
38.7875	-6.6125	54.441
38.7875	-6.5875	54.47
38.7875	-6.5625	54.492
38.7875	-6.5375	54.508
38.7875	-6.5125	54.517
38.7875	-6.4875	54.519
38.7875	-6.4625	54.517
38.7875	-6.4375	54.514
38.7875	-6.4125	54.514
38.7875	-6.3875	54.517
38.7875	-6.3625	54.518
38.7875	-6.3375	54.505
38.7875	-6.3125	54.503
38.7875	-6.2875	54.483
38.7875	-6.2625	54.463
38.7875	-6.2375	54.449
38.7875	-6.2125	54.453
38.7875	-6.1875	54.454
38.7875	-6.1625	54.448
38.7875	-6.1375	54.433
38.7875	-6.1125	54.42
38.7875	-6.0875	54.401
38.7875	-6.0625	54.382
38.7875	-6.0375	54.367
38.7875	-6.0125	54.347
38.7875	-5.9875	54.312
38.8125	-10.0125	52.182
38.8125	-9.9875	52.28
38.8125	-9.9625	52.399
38.8125	-9.9375	52.517
38.8125	-9.9125	52.62
38.8125	-9.8875	52.722
38.8125	-9.8625	52.8
38.8125	-9.8375	52.871
38.8125	-9.8125	52.938
38.8125	-9.7875	52.997
38.8125	-9.7625	53.053
38.8125	-9.7375	53.084
38.8125	-9.7125	53.117
38.8125	-9.6875	53.15
38.8125	-9.6625	53.19
38.8125	-9.6375	53.252
38.8125	-9.6125	53.318
38.8125	-9.5875	53.404
38.8125	-9.5625	53.498
38.8125	-9.5375	53.585
38.8125	-9.5125	53.665
38.8125	-9.4875	53.744
38.8125	-9.4625	53.79
38.8125	-9.4375	53.796
38.8125	-9.4125	53.764
38.8125	-9.3875	53.703
38.8125	-9.3625	53.645
38.8125	-9.3375	53.616
38.8125	-9.3125	53.662
38.8125	-9.2875	53.721
38.8125	-9.2625	53.751
38.8125	-9.2375	53.745
38.8125	-9.2125	53.715
38.8125	-9.1875	53.668
38.8125	-9.1625	53.597
38.8125	-9.1375	53.555
38.8125	-9.1125	53.509
38.8125	-9.0875	53.456
38.8125	-9.0625	53.423
38.8125	-9.0375	53.394
38.8125	-9.0125	53.382
38.8125	-8.9875	53.371
38.8125	-8.9625	53.388
38.8125	-8.9375	53.413
38.8125	-8.9125	53.445
38.8125	-8.8875	53.47
38.8125	-8.8625	53.505
38.8125	-8.8375	53.542
38.8125	-8.8125	53.58
38.8125	-8.7875	53.625
38.8125	-8.7625	53.658
38.8125	-8.7375	53.684
38.8125	-8.7125	53.71
38.8125	-8.6875	53.736
38.8125	-8.6625	53.755
38.8125	-8.6375	53.78
38.8125	-8.6125	53.81
38.8125	-8.5875	53.829
38.8125	-8.5625	53.861
38.8125	-8.5375	53.891
38.8125	-8.5125	53.943
38.8125	-8.4875	53.999
38.8125	-8.4625	54.056
38.8125	-8.4375	54.133
38.8125	-8.4125	54.222
38.8125	-8.3875	54.314
38.8125	-8.3625	54.404
38.8125	-8.3375	54.487
38.8125	-8.3125	54.555
38.8125	-8.2875	54.627
38.8125	-8.2625	54.67
38.8125	-8.2375	54.688
38.8125	-8.2125	54.706
38.8125	-8.1875	54.708
38.8125	-8.1625	54.719
38.8125	-8.1375	54.716
38.8125	-8.1125	54.716
38.8125	-8.0875	54.713
38.8125	-8.0625	54.707
38.8125	-8.0375	54.703
38.8125	-8.0125	54.709
38.8125	-7.9875	54.726
38.8125	-7.9625	54.75
38.8125	-7.9375	54.774
38.8125	-7.9125	54.802
38.8125	-7.8875	54.832
38.8125	-7.8625	54.864
38.8125	-7.8375	54.887
38.8125	-7.8125	54.901
38.8125	-7.7875	54.936
38.8125	-7.7625	54.958
38.8125	-7.7375	54.986
38.8125	-7.7125	54.995
38.8125	-7.6875	55.019
38.8125	-7.6625	55.034
38.8125	-7.6375	55.047
38.8125	-7.6125	55.046
38.8125	-7.5875	55.062
38.8125	-7.5625	55.066
38.8125	-7.5375	55.079
38.8125	-7.5125	55.079
38.8125	-7.4875	55.073
38.8125	-7.4625	55.084
38.8125	-7.4375	55.066
38.8125	-7.4125	55.035
38.8125	-7.3875	54.963
38.8125	-7.3625	54.88
38.8125	-7.3375	54.842
38.8125	-7.3125	54.839
38.8125	-7.2875	54.834
38.8125	-7.2625	54.815
38.8125	-7.2375	54.765
38.8125	-7.2125	54.673
38.8125	-7.1875	54.585
38.8125	-7.1625	54.529
38.8125	-7.1375	54.502
38.8125	-7.1125	54.514
38.8125	-7.0875	54.557
38.8125	-7.0625	54.606
38.8125	-7.0375	54.647
38.8125	-7.0125	54.674
38.8125	-6.9875	54.676
38.8125	-6.9625	54.654
38.8125	-6.9375	54.631
38.8125	-6.9125	54.602
38.8125	-6.8875	54.565
38.8125	-6.8625	54.518
38.8125	-6.8375	54.475
38.8125	-6.8125	54.418
38.8125	-6.7875	54.361
38.8125	-6.7625	54.312
38.8125	-6.7375	54.288
38.8125	-6.7125	54.286
38.8125	-6.6875	54.299
38.8125	-6.6625	54.321
38.8125	-6.6375	54.352
38.8125	-6.6125	54.379
38.8125	-6.5875	54.409
38.8125	-6.5625	54.431
38.8125	-6.5375	54.441
38.8125	-6.5125	54.44
38.8125	-6.4875	54.436
38.8125	-6.4625	54.43
38.8125	-6.4375	54.423
38.8125	-6.4125	54.415
38.8125	-6.3875	54.416
38.8125	-6.3625	54.407
38.8125	-6.3375	54.41
38.8125	-6.3125	54.398
38.8125	-6.2875	54.39
38.8125	-6.2625	54.376
38.8125	-6.2375	54.368
38.8125	-6.2125	54.371
38.8125	-6.1875	54.361
38.8125	-6.1625	54.349
38.8125	-6.1375	54.343
38.8125	-6.1125	54.329
38.8125	-6.0875	54.303
38.8125	-6.0625	54.282
38.8125	-6.0375	54.261
38.8125	-6.0125	54.237
38.8125	-5.9875	54.218
38.8375	-10.0125	52.426
38.8375	-9.9875	52.523
38.8375	-9.9625	52.632
38.8375	-9.9375	52.732
38.8375	-9.9125	52.814
38.8375	-9.8875	52.896
38.8375	-9.8625	52.963
38.8375	-9.8375	53.023
38.8375	-9.8125	53.077
38.8375	-9.7875	53.123
38.8375	-9.7625	53.166
38.8375	-9.7375	53.186
38.8375	-9.7125	53.21
38.8375	-9.6875	53.236
38.8375	-9.6625	53.272
38.8375	-9.6375	53.319
38.8375	-9.6125	53.38
38.8375	-9.5875	53.46
38.8375	-9.5625	53.548
38.8375	-9.5375	53.63
38.8375	-9.5125	53.721
38.8375	-9.4875	53.79
38.8375	-9.4625	53.833
38.8375	-9.4375	53.849
38.8375	-9.4125	53.821
38.8375	-9.3875	53.78
38.8375	-9.3625	53.744
38.8375	-9.3375	53.746
38.8375	-9.3125	53.784
38.8375	-9.2875	53.828
38.8375	-9.2625	53.842
38.8375	-9.2375	53.843
38.8375	-9.2125	53.802
38.8375	-9.1875	53.754
38.8375	-9.1625	53.689
38.8375	-9.1375	53.626
38.8375	-9.1125	53.575
38.8375	-9.0875	53.523
38.8375	-9.0625	53.473
38.8375	-9.0375	53.429
38.8375	-9.0125	53.391
38.8375	-8.9875	53.374
38.8375	-8.9625	53.374
38.8375	-8.9375	53.393
38.8375	-8.9125	53.428
38.8375	-8.8875	53.467
38.8375	-8.8625	53.507
38.8375	-8.8375	53.547
38.8375	-8.8125	53.588
38.8375	-8.7875	53.619
38.8375	-8.7625	53.659
38.8375	-8.7375	53.691
38.8375	-8.7125	53.702
38.8375	-8.6875	53.718
38.8375	-8.6625	53.739
38.8375	-8.6375	53.764
38.8375	-8.6125	53.791
38.8375	-8.5875	53.821
38.8375	-8.5625	53.865
38.8375	-8.5375	53.922
38.8375	-8.5125	53.986
38.8375	-8.4875	54.067
38.8375	-8.4625	54.142
38.8375	-8.4375	54.205
38.8375	-8.4125	54.281
38.8375	-8.3875	54.356
38.8375	-8.3625	54.421
38.8375	-8.3375	54.482
38.8375	-8.3125	54.538
38.8375	-8.2875	54.596
38.8375	-8.2625	54.63
38.8375	-8.2375	54.65
38.8375	-8.2125	54.665
38.8375	-8.1875	54.675
38.8375	-8.1625	54.679
38.8375	-8.1375	54.673
38.8375	-8.1125	54.662
38.8375	-8.0875	54.644
38.8375	-8.0625	54.626
38.8375	-8.0375	54.618
38.8375	-8.0125	54.625
38.8375	-7.9875	54.641
38.8375	-7.9625	54.672
38.8375	-7.9375	54.696
38.8375	-7.9125	54.734
38.8375	-7.8875	54.765
38.8375	-7.8625	54.79
38.8375	-7.8375	54.81
38.8375	-7.8125	54.839
38.8375	-7.7875	54.862
38.8375	-7.7625	54.877
38.8375	-7.7375	54.895
38.8375	-7.7125	54.915
38.8375	-7.6875	54.936
38.8375	-7.6625	54.956
38.8375	-7.6375	54.979
38.8375	-7.6125	54.985
38.8375	-7.5875	55.002
38.8375	-7.5625	55.022
38.8375	-7.5375	55.035
38.8375	-7.5125	55.033
38.8375	-7.4875	55.036
38.8375	-7.4625	55.029
38.8375	-7.4375	55.017
38.8375	-7.4125	54.965
38.8375	-7.3875	54.922
38.8375	-7.3625	54.863
38.8375	-7.3375	54.852
38.8375	-7.3125	54.879
38.8375	-7.2875	54.894
38.8375	-7.2625	54.9
38.8375	-7.2375	54.833
38.8375	-7.2125	54.745
38.8375	-7.1875	54.637
38.8375	-7.1625	54.564
38.8375	-7.1375	54.53
38.8375	-7.1125	54.522
38.8375	-7.0875	54.567
38.8375	-7.0625	54.611
38.8375	-7.0375	54.659
38.8375	-7.0125	54.677
38.8375	-6.9875	54.674
38.8375	-6.9625	54.646
38.8375	-6.9375	54.603
38.8375	-6.9125	54.569
38.8375	-6.8875	54.522
38.8375	-6.8625	54.47
38.8375	-6.8375	54.421
38.8375	-6.8125	54.365
38.8375	-6.7875	54.308
38.8375	-6.7625	54.262
38.8375	-6.7375	54.24
38.8375	-6.7125	54.233
38.8375	-6.6875	54.236
38.8375	-6.6625	54.255
38.8375	-6.6375	54.286
38.8375	-6.6125	54.321
38.8375	-6.5875	54.35
38.8375	-6.5625	54.365
38.8375	-6.5375	54.365
38.8375	-6.5125	54.353
38.8375	-6.4875	54.343
38.8375	-6.4625	54.338
38.8375	-6.4375	54.332
38.8375	-6.4125	54.321
38.8375	-6.3875	54.31
38.8375	-6.3625	54.306
38.8375	-6.3375	54.3
38.8375	-6.3125	54.292
38.8375	-6.2875	54.286
38.8375	-6.2625	54.286
38.8375	-6.2375	54.279
38.8375	-6.2125	54.276
38.8375	-6.1875	54.268
38.8375	-6.1625	54.259
38.8375	-6.1375	54.245
38.8375	-6.1125	54.225
38.8375	-6.0875	54.199
38.8375	-6.0625	54.175
38.8375	-6.0375	54.147
38.8375	-6.0125	54.124
38.8375	-5.9875	54.109
38.8625	-10.0125	52.653
38.8625	-9.9875	52.738
38.8625	-9.9625	52.833
38.8625	-9.9375	52.92
38.8625	-9.9125	52.987
38.8625	-9.8875	53.055
38.8625	-9.8625	53.109
38.8625	-9.8375	53.154
38.8625	-9.8125	53.196
38.8625	-9.7875	53.23
38.8625	-9.7625	53.265
38.8625	-9.7375	53.278
38.8625	-9.7125	53.297
38.8625	-9.6875	53.319
38.8625	-9.6625	53.351
38.8625	-9.6375	53.394
38.8625	-9.6125	53.45
38.8625	-9.5875	53.514
38.8625	-9.5625	53.597
38.8625	-9.5375	53.674
38.8625	-9.5125	53.746
38.8625	-9.4875	53.805
38.8625	-9.4625	53.838
38.8625	-9.4375	53.865
38.8625	-9.4125	53.857
38.8625	-9.3875	53.853
38.8625	-9.3625	53.835
38.8625	-9.3375	53.859
38.8625	-9.3125	53.889
38.8625	-9.2875	53.918
38.8625	-9.2625	53.947
38.8625	-9.2375	53.955
38.8625	-9.2125	53.933
38.8625	-9.1875	53.891
38.8625	-9.1625	53.81
38.8625	-9.1375	53.714
38.8625	-9.1125	53.643
38.8625	-9.0875	53.598
38.8625	-9.0625	53.541
38.8625	-9.0375	53.484
38.8625	-9.0125	53.418
38.8625	-8.9875	53.382
38.8625	-8.9625	53.364
38.8625	-8.9375	53.374
38.8625	-8.9125	53.411
38.8625	-8.8875	53.453
38.8625	-8.8625	53.497
38.8625	-8.8375	53.541
38.8625	-8.8125	53.586
38.8625	-8.7875	53.622
38.8625	-8.7625	53.658
38.8625	-8.7375	53.686
38.8625	-8.7125	53.697
38.8625	-8.6875	53.714
38.8625	-8.6625	53.733
38.8625	-8.6375	53.745
38.8625	-8.6125	53.781
38.8625	-8.5875	53.821
38.8625	-8.5625	53.875
38.8625	-8.5375	53.942
38.8625	-8.5125	54.04
38.8625	-8.4875	54.132
38.8625	-8.4625	54.209
38.8625	-8.4375	54.262
38.8625	-8.4125	54.318
38.8625	-8.3875	54.373
38.8625	-8.3625	54.427
38.8625	-8.3375	54.463
38.8625	-8.3125	54.5
38.8625	-8.2875	54.535
38.8625	-8.2625	54.563
38.8625	-8.2375	54.59
38.8625	-8.2125	54.606
38.8625	-8.1875	54.615
38.8625	-8.1625	54.621
38.8625	-8.1375	54.618
38.8625	-8.1125	54.594
38.8625	-8.0875	54.573
38.8625	-8.0625	54.549
38.8625	-8.0375	54.546
38.8625	-8.0125	54.542
38.8625	-7.9875	54.558
38.8625	-7.9625	54.6
38.8625	-7.9375	54.639
38.8625	-7.9125	54.689
38.8625	-7.8875	54.722
38.8625	-7.8625	54.747
38.8625	-7.8375	54.769
38.8625	-7.8125	54.788
38.8625	-7.7875	54.805
38.8625	-7.7625	54.824
38.8625	-7.7375	54.834
38.8625	-7.7125	54.834
38.8625	-7.6875	54.846
38.8625	-7.6625	54.863
38.8625	-7.6375	54.882
38.8625	-7.6125	54.9
38.8625	-7.5875	54.933
38.8625	-7.5625	54.954
38.8625	-7.5375	54.972
38.8625	-7.5125	54.98
38.8625	-7.4875	54.997
38.8625	-7.4625	54.996
38.8625	-7.4375	54.983
38.8625	-7.4125	54.944
38.8625	-7.3875	54.907
38.8625	-7.3625	54.888
38.8625	-7.3375	54.864
38.8625	-7.3125	54.876
38.8625	-7.2875	54.907
38.8625	-7.2625	54.902
38.8625	-7.2375	54.848
38.8625	-7.2125	54.761
38.8625	-7.1875	54.663
38.8625	-7.1625	54.593
38.8625	-7.1375	54.531
38.8625	-7.1125	54.52
38.8625	-7.0875	54.56
38.8625	-7.0625	54.62
38.8625	-7.0375	54.664
38.8625	-7.0125	54.67
38.8625	-6.9875	54.652
38.8625	-6.9625	54.621
38.8625	-6.9375	54.572
38.8625	-6.9125	54.52
38.8625	-6.8875	54.47
38.8625	-6.8625	54.421
38.8625	-6.8375	54.366
38.8625	-6.8125	54.302
38.8625	-6.7875	54.253
38.8625	-6.7625	54.218
38.8625	-6.7375	54.196
38.8625	-6.7125	54.184
38.8625	-6.6875	54.182
38.8625	-6.6625	54.196
38.8625	-6.6375	54.222
38.8625	-6.6125	54.253
38.8625	-6.5875	54.277
38.8625	-6.5625	54.286
38.8625	-6.5375	54.278
38.8625	-6.5125	54.263
38.8625	-6.4875	54.249
38.8625	-6.4625	54.246
38.8625	-6.4375	54.25
38.8625	-6.4125	54.236
38.8625	-6.3875	54.218
38.8625	-6.3625	54.202
38.8625	-6.3375	54.189
38.8625	-6.3125	54.185
38.8625	-6.2875	54.199
38.8625	-6.2625	54.206
38.8625	-6.2375	54.196
38.8625	-6.2125	54.187
38.8625	-6.1875	54.176
38.8625	-6.1625	54.164
38.8625	-6.1375	54.149
38.8625	-6.1125	54.129
38.8625	-6.0875	54.102
38.8625	-6.0625	54.073
38.8625	-6.0375	54.048
38.8625	-6.0125	54.02
38.8625	-5.9875	54.002
38.8875	-10.0125	52.84
38.8875	-9.9875	52.92
38.8875	-9.9625	53.006
38.8875	-9.9375	53.076
38.8875	-9.9125	53.131
38.8875	-9.8875	53.18
38.8875	-9.8625	53.23
38.8875	-9.8375	53.266
38.8875	-9.8125	53.296
38.8875	-9.7875	53.32
38.8875	-9.7625	53.348
38.8875	-9.7375	53.359
38.8875	-9.7125	53.377
38.8875	-9.6875	53.389
38.8875	-9.6625	53.42
38.8875	-9.6375	53.46
38.8875	-9.6125	53.51
38.8875	-9.5875	53.569
38.8875	-9.5625	53.638
38.8875	-9.5375	53.705
38.8875	-9.5125	53.76
38.8875	-9.4875	53.802
38.8875	-9.4625	53.841
38.8875	-9.4375	53.861
38.8875	-9.4125	53.868
38.8875	-9.3875	53.868
38.8875	-9.3625	53.873
38.8875	-9.3375	53.88
38.8875	-9.3125	53.91
38.8875	-9.2875	53.953
38.8875	-9.2625	53.987
38.8875	-9.2375	54.036
38.8875	-9.2125	54.043
38.8875	-9.1875	54.022
38.8875	-9.1625	53.917
38.8875	-9.1375	53.819
38.8875	-9.1125	53.75
38.8875	-9.0875	53.714
38.8875	-9.0625	53.654
38.8875	-9.0375	53.58
38.8875	-9.0125	53.483
38.8875	-8.9875	53.415
38.8875	-8.9625	53.376
38.8875	-8.9375	53.388
38.8875	-8.9125	53.426
38.8875	-8.8875	53.47
38.8875	-8.8625	53.507
38.8875	-8.8375	53.534
38.8875	-8.8125	53.573
38.8875	-8.7875	53.611
38.8875	-8.7625	53.645
38.8875	-8.7375	53.675
38.8875	-8.7125	53.693
38.8875	-8.6875	53.705
38.8875	-8.6625	53.723
38.8875	-8.6375	53.746
38.8875	-8.6125	53.773
38.8875	-8.5875	53.814
38.8875	-8.5625	53.858
38.8875	-8.5375	53.935
38.8875	-8.5125	54.026
38.8875	-8.4875	54.134
38.8875	-8.4625	54.208
38.8875	-8.4375	54.262
38.8875	-8.4125	54.304
38.8875	-8.3875	54.353
38.8875	-8.3625	54.392
38.8875	-8.3375	54.432
38.8875	-8.3125	54.455
38.8875	-8.2875	54.485
38.8875	-8.2625	54.506
38.8875	-8.2375	54.513
38.8875	-8.2125	54.533
38.8875	-8.1875	54.543
38.8875	-8.1625	54.547
38.8875	-8.1375	54.543
38.8875	-8.1125	54.528
38.8875	-8.0875	54.514
38.8875	-8.0625	54.492
38.8875	-8.0375	54.473
38.8875	-8.0125	54.473
38.8875	-7.9875	54.502
38.8875	-7.9625	54.544
38.8875	-7.9375	54.603
38.8875	-7.9125	54.657
38.8875	-7.8875	54.693
38.8875	-7.8625	54.732
38.8875	-7.8375	54.748
38.8875	-7.8125	54.759
38.8875	-7.7875	54.776
38.8875	-7.7625	54.772
38.8875	-7.7375	54.775
38.8875	-7.7125	54.764
38.8875	-7.6875	54.765
38.8875	-7.6625	54.761
38.8875	-7.6375	54.789
38.8875	-7.6125	54.816
38.8875	-7.5875	54.851
38.8875	-7.5625	54.894
38.8875	-7.5375	54.92
38.8875	-7.5125	54.942
38.8875	-7.4875	54.954
38.8875	-7.4625	54.973
38.8875	-7.4375	54.954
38.8875	-7.4125	54.929
38.8875	-7.3875	54.902
38.8875	-7.3625	54.878
38.8875	-7.3375	54.863
38.8875	-7.3125	54.869
38.8875	-7.2875	54.88
38.8875	-7.2625	54.86
38.8875	-7.2375	54.809
38.8875	-7.2125	54.735
38.8875	-7.1875	54.663
38.8875	-7.1625	54.584
38.8875	-7.1375	54.525
38.8875	-7.1125	54.509
38.8875	-7.0875	54.539
38.8875	-7.0625	54.604
38.8875	-7.0375	54.632
38.8875	-7.0125	54.631
38.8875	-6.9875	54.603
38.8875	-6.9625	54.561
38.8875	-6.9375	54.517
38.8875	-6.9125	54.469
38.8875	-6.8875	54.423
38.8875	-6.8625	54.365
38.8875	-6.8375	54.311
38.8875	-6.8125	54.261
38.8875	-6.7875	54.218
38.8875	-6.7625	54.186
38.8875	-6.7375	54.163
38.8875	-6.7125	54.147
38.8875	-6.6875	54.144
38.8875	-6.6625	54.153
38.8875	-6.6375	54.174
38.8875	-6.6125	54.197
38.8875	-6.5875	54.213
38.8875	-6.5625	54.216
38.8875	-6.5375	54.205
38.8875	-6.5125	54.186
38.8875	-6.4875	54.168
38.8875	-6.4625	54.153
38.8875	-6.4375	54.141
38.8875	-6.4125	54.129
38.8875	-6.3875	54.117
38.8875	-6.3625	54.109
38.8875	-6.3375	54.101
38.8875	-6.3125	54.103
38.8875	-6.2875	54.114
38.8875	-6.2625	54.125
38.8875	-6.2375	54.121
38.8875	-6.2125	54.103
38.8875	-6.1875	54.09
38.8875	-6.1625	54.077
38.8875	-6.1375	54.061
38.8875	-6.1125	54.038
38.8875	-6.0875	54.01
38.8875	-6.0625	53.976
38.8875	-6.0375	53.953
38.8875	-6.0125	53.933
38.8875	-5.9875	53.916
38.9125	-10.0125	52.992
38.9125	-9.9875	53.07
38.9125	-9.9625	53.144
38.9125	-9.9375	53.204
38.9125	-9.9125	53.251
38.9125	-9.8875	53.29
38.9125	-9.8625	53.333
38.9125	-9.8375	53.362
38.9125	-9.8125	53.385
38.9125	-9.7875	53.403
38.9125	-9.7625	53.418
38.9125	-9.7375	53.437
38.9125	-9.7125	53.447
38.9125	-9.6875	53.459
38.9125	-9.6625	53.486
38.9125	-9.6375	53.523
38.9125	-9.6125	53.56
38.9125	-9.5875	53.615
38.9125	-9.5625	53.664
38.9125	-9.5375	53.725
38.9125	-9.5125	53.764
38.9125	-9.4875	53.81
38.9125	-9.4625	53.832
38.9125	-9.4375	53.839
38.9125	-9.4125	53.854
38.9125	-9.3875	53.873
38.9125	-9.3625	53.893
38.9125	-9.3375	53.913
38.9125	-9.3125	53.919
38.9125	-9.2875	53.94
38.9125	-9.2625	53.983
38.9125	-9.2375	54.034
38.9125	-9.2125	54.07
38.9125	-9.1875	54.049
38.9125	-9.1625	53.978
38.9125	-9.1375	53.885
38.9125	-9.1125	53.853
38.9125	-9.0875	53.849
38.9125	-9.0625	53.819
38.9125	-9.0375	53.711
38.9125	-9.0125	53.601
38.9125	-8.9875	53.501
38.9125	-8.9625	53.441
38.9125	-8.9375	53.442
38.9125	-8.9125	53.472
38.9125	-8.8875	53.508
38.9125	-8.8625	53.535
38.9125	-8.8375	53.543
38.9125	-8.8125	53.564
38.9125	-8.7875	53.589
38.9125	-8.7625	53.619
38.9125	-8.7375	53.642
38.9125	-8.7125	53.672
38.9125	-8.6875	53.696
38.9125	-8.6625	53.714
38.9125	-8.6375	53.748
38.9125	-8.6125	53.766
38.9125	-8.5875	53.787
38.9125	-8.5625	53.814
38.9125	-8.5375	53.855
38.9125	-8.5125	53.926
38.9125	-8.4875	54.023
38.9125	-8.4625	54.111
38.9125	-8.4375	54.183
38.9125	-8.4125	54.243
38.9125	-8.3875	54.286
38.9125	-8.3625	54.332
38.9125	-8.3375	54.372
38.9125	-8.3125	54.397
38.9125	-8.2875	54.412
38.9125	-8.2625	54.433
38.9125	-8.2375	54.452
38.9125	-8.2125	54.478
38.9125	-8.1875	54.489
38.9125	-8.1625	54.494
38.9125	-8.1375	54.492
38.9125	-8.1125	54.48
38.9125	-8.0875	54.467
38.9125	-8.0625	54.441
38.9125	-8.0375	54.425
38.9125	-8.0125	54.429
38.9125	-7.9875	54.45
38.9125	-7.9625	54.495
38.9125	-7.9375	54.57
38.9125	-7.9125	54.636
38.9125	-7.8875	54.686
38.9125	-7.8625	54.711
38.9125	-7.8375	54.735
38.9125	-7.8125	54.739
38.9125	-7.7875	54.746
38.9125	-7.7625	54.74
38.9125	-7.7375	54.731
38.9125	-7.7125	54.721
38.9125	-7.6875	54.718
38.9125	-7.6625	54.705
38.9125	-7.6375	54.73
38.9125	-7.6125	54.76
38.9125	-7.5875	54.813
38.9125	-7.5625	54.847
38.9125	-7.5375	54.882
38.9125	-7.5125	54.906
38.9125	-7.4875	54.932
38.9125	-7.4625	54.943
38.9125	-7.4375	54.936
38.9125	-7.4125	54.913
38.9125	-7.3875	54.868
38.9125	-7.3625	54.85
38.9125	-7.3375	54.839
38.9125	-7.3125	54.838
38.9125	-7.2875	54.823
38.9125	-7.2625	54.8
38.9125	-7.2375	54.757
38.9125	-7.2125	54.693
38.9125	-7.1875	54.626
38.9125	-7.1625	54.57
38.9125	-7.1375	54.523
38.9125	-7.1125	54.513
38.9125	-7.0875	54.517
38.9125	-7.0625	54.547
38.9125	-7.0375	54.561
38.9125	-7.0125	54.558
38.9125	-6.9875	54.531
38.9125	-6.9625	54.495
38.9125	-6.9375	54.466
38.9125	-6.9125	54.442
38.9125	-6.8875	54.384
38.9125	-6.8625	54.33
38.9125	-6.8375	54.273
38.9125	-6.8125	54.226
38.9125	-6.7875	54.187
38.9125	-6.7625	54.165
38.9125	-6.7375	54.14
38.9125	-6.7125	54.122
38.9125	-6.6875	54.115
38.9125	-6.6625	54.119
38.9125	-6.6375	54.133
38.9125	-6.6125	54.147
38.9125	-6.5875	54.154
38.9125	-6.5625	54.151
38.9125	-6.5375	54.139
38.9125	-6.5125	54.122
38.9125	-6.4875	54.102
38.9125	-6.4625	54.08
38.9125	-6.4375	54.058
38.9125	-6.4125	54.04
38.9125	-6.3875	54.034
38.9125	-6.3625	54.03
38.9125	-6.3375	54.034
38.9125	-6.3125	54.043
38.9125	-6.2875	54.051
38.9125	-6.2625	54.054
38.9125	-6.2375	54.047
38.9125	-6.2125	54.032
38.9125	-6.1875	54.013
38.9125	-6.1625	53.998
38.9125	-6.1375	53.979
38.9125	-6.1125	53.958
38.9125	-6.0875	53.928
38.9125	-6.0625	53.899
38.9125	-6.0375	53.877
38.9125	-6.0125	53.862
38.9125	-5.9875	53.85
38.9375	-10.0125	53.119
38.9375	-9.9875	53.188
38.9375	-9.9625	53.251
38.9375	-9.9375	53.303
38.9375	-9.9125	53.348
38.9375	-9.8875	53.383
38.9375	-9.8625	53.414
38.9375	-9.8375	53.45
38.9375	-9.8125	53.472
38.9375	-9.7875	53.489
38.9375	-9.7625	53.501
38.9375	-9.7375	53.51
38.9375	-9.7125	53.527
38.9375	-9.6875	53.536
38.9375	-9.6625	53.551
38.9375	-9.6375	53.583
38.9375	-9.6125	53.615
38.9375	-9.5875	53.663
38.9375	-9.5625	53.696
38.9375	-9.5375	53.741
38.9375	-9.5125	53.786
38.9375	-9.4875	53.807
38.9375	-9.4625	53.833
38.9375	-9.4375	53.846
38.9375	-9.4125	53.849
38.9375	-9.3875	53.868
38.9375	-9.3625	53.912
38.9375	-9.3375	53.946
38.9375	-9.3125	53.945
38.9375	-9.2875	53.925
38.9375	-9.2625	53.946
38.9375	-9.2375	53.992
38.9375	-9.2125	54.028
38.9375	-9.1875	54.037
38.9375	-9.1625	54.013
38.9375	-9.1375	53.997
38.9375	-9.1125	53.996
38.9375	-9.0875	54.007
38.9375	-9.0625	53.947
38.9375	-9.0375	53.853
38.9375	-9.0125	53.725
38.9375	-8.9875	53.602
38.9375	-8.9625	53.522
38.9375	-8.9375	53.506
38.9375	-8.9125	53.516
38.9375	-8.8875	53.543
38.9375	-8.8625	53.561
38.9375	-8.8375	53.551
38.9375	-8.8125	53.554
38.9375	-8.7875	53.562
38.9375	-8.7625	53.575
38.9375	-8.7375	53.605
38.9375	-8.7125	53.634
38.9375	-8.6875	53.669
38.9375	-8.6625	53.71
38.9375	-8.6375	53.736
38.9375	-8.6125	53.748
38.9375	-8.5875	53.747
38.9375	-8.5625	53.739
38.9375	-8.5375	53.743
38.9375	-8.5125	53.793
38.9375	-8.4875	53.89
38.9375	-8.4625	53.999
38.9375	-8.4375	54.088
38.9375	-8.4125	54.167
38.9375	-8.3875	54.235
38.9375	-8.3625	54.288
38.9375	-8.3375	54.327
38.9375	-8.3125	54.347
38.9375	-8.2875	54.364
38.9375	-8.2625	54.39
38.9375	-8.2375	54.406
38.9375	-8.2125	54.425
38.9375	-8.1875	54.44
38.9375	-8.1625	54.451
38.9375	-8.1375	54.451
38.9375	-8.1125	54.442
38.9375	-8.0875	54.427
38.9375	-8.0625	54.399
38.9375	-8.0375	54.389
38.9375	-8.0125	54.39
38.9375	-7.9875	54.418
38.9375	-7.9625	54.472
38.9375	-7.9375	54.547
38.9375	-7.9125	54.615
38.9375	-7.8875	54.664
38.9375	-7.8625	54.7
38.9375	-7.8375	54.711
38.9375	-7.8125	54.72
38.9375	-7.7875	54.721
38.9375	-7.7625	54.712
38.9375	-7.7375	54.714
38.9375	-7.7125	54.708
38.9375	-7.6875	54.716
38.9375	-7.6625	54.71
38.9375	-7.6375	54.733
38.9375	-7.6125	54.76
38.9375	-7.5875	54.787
38.9375	-7.5625	54.821
38.9375	-7.5375	54.846
38.9375	-7.5125	54.871
38.9375	-7.4875	54.881
38.9375	-7.4625	54.897
38.9375	-7.4375	54.881
38.9375	-7.4125	54.852
38.9375	-7.3875	54.819
38.9375	-7.3625	54.804
38.9375	-7.3375	54.799
38.9375	-7.3125	54.793
38.9375	-7.2875	54.771
38.9375	-7.2625	54.745
38.9375	-7.2375	54.696
38.9375	-7.2125	54.629
38.9375	-7.1875	54.579
38.9375	-7.1625	54.549
38.9375	-7.1375	54.52
38.9375	-7.1125	54.509
38.9375	-7.0875	54.497
38.9375	-7.0625	54.498
38.9375	-7.0375	54.496
38.9375	-7.0125	54.476
38.9375	-6.9875	54.465
38.9375	-6.9625	54.456
38.9375	-6.9375	54.439
38.9375	-6.9125	54.416
38.9375	-6.8875	54.362
38.9375	-6.8625	54.303
38.9375	-6.8375	54.254
38.9375	-6.8125	54.206
38.9375	-6.7875	54.176
38.9375	-6.7625	54.143
38.9375	-6.7375	54.116
38.9375	-6.7125	54.106
38.9375	-6.6875	54.094
38.9375	-6.6625	54.091
38.9375	-6.6375	54.096
38.9375	-6.6125	54.101
38.9375	-6.5875	54.101
38.9375	-6.5625	54.097
38.9375	-6.5375	54.084
38.9375	-6.5125	54.069
38.9375	-6.4875	54.05
38.9375	-6.4625	54.024
38.9375	-6.4375	53.997
38.9375	-6.4125	53.974
38.9375	-6.3875	53.967
38.9375	-6.3625	53.972
38.9375	-6.3375	53.977
38.9375	-6.3125	53.98
38.9375	-6.2875	53.987
38.9375	-6.2625	53.988
38.9375	-6.2375	53.982
38.9375	-6.2125	53.973
38.9375	-6.1875	53.956
38.9375	-6.1625	53.937
38.9375	-6.1375	53.917
38.9375	-6.1125	53.893
38.9375	-6.0875	53.868
38.9375	-6.0625	53.846
38.9375	-6.0375	53.828
38.9375	-6.0125	53.816
38.9375	-5.9875	53.805
38.9625	-10.0125	53.223
38.9625	-9.9875	53.286
38.9625	-9.9625	53.34
38.9625	-9.9375	53.391
38.9625	-9.9125	53.433
38.9625	-9.8875	53.467
38.9625	-9.8625	53.496
38.9625	-9.8375	53.523
38.9625	-9.8125	53.555
38.9625	-9.7875	53.572
38.9625	-9.7625	53.583
38.9625	-9.7375	53.588
38.9625	-9.7125	53.59
38.9625	-9.6875	53.606
38.9625	-9.6625	53.615
38.9625	-9.6375	53.632
38.9625	-9.6125	53.659
38.9625	-9.5875	53.703
38.9625	-9.5625	53.741
38.9625	-9.5375	53.773
38.9625	-9.5125	53.813
38.9625	-9.4875	53.83
38.9625	-9.4625	53.853
38.9625	-9.4375	53.873
38.9625	-9.4125	53.887
38.9625	-9.3875	53.916
38.9625	-9.3625	53.942
38.9625	-9.3375	53.943
38.9625	-9.3125	53.923
38.9625	-9.2875	53.903
38.9625	-9.2625	53.914
38.9625	-9.2375	53.957
38.9625	-9.2125	53.996
38.9625	-9.1875	54.032
38.9625	-9.1625	54.032
38.9625	-9.1375	54.051
38.9625	-9.1125	54.057
38.9625	-9.0875	54.048
38.9625	-9.0625	53.998
38.9625	-9.0375	53.913
38.9625	-9.0125	53.807
38.9625	-8.9875	53.682
38.9625	-8.9625	53.594
38.9625	-8.9375	53.559
38.9625	-8.9125	53.551
38.9625	-8.8875	53.547
38.9625	-8.8625	53.545
38.9625	-8.8375	53.527
38.9625	-8.8125	53.513
38.9625	-8.7875	53.514
38.9625	-8.7625	53.544
38.9625	-8.7375	53.571
38.9625	-8.7125	53.609
38.9625	-8.6875	53.658
38.9625	-8.6625	53.706
38.9625	-8.6375	53.75
38.9625	-8.6125	53.76
38.9625	-8.5875	53.754
38.9625	-8.5625	53.73
38.9625	-8.5375	53.714
38.9625	-8.5125	53.737
38.9625	-8.4875	53.832
38.9625	-8.4625	53.93
38.9625	-8.4375	54.039
38.9625	-8.4125	54.127
38.9625	-8.3875	54.202
38.9625	-8.3625	54.249
38.9625	-8.3375	54.294
38.9625	-8.3125	54.321
38.9625	-8.2875	54.334
38.9625	-8.2625	54.359
38.9625	-8.2375	54.379
38.9625	-8.2125	54.396
38.9625	-8.1875	54.413
38.9625	-8.1625	54.429
38.9625	-8.1375	54.433
38.9625	-8.1125	54.434
38.9625	-8.0875	54.419
38.9625	-8.0625	54.41
38.9625	-8.0375	54.398
38.9625	-8.0125	54.4
38.9625	-7.9875	54.424
38.9625	-7.9625	54.479
38.9625	-7.9375	54.545
38.9625	-7.9125	54.614
38.9625	-7.8875	54.662
38.9625	-7.8625	54.695
38.9625	-7.8375	54.7
38.9625	-7.8125	54.691
38.9625	-7.7875	54.685
38.9625	-7.7625	54.683
38.9625	-7.7375	54.692
38.9625	-7.7125	54.699
38.9625	-7.6875	54.721
38.9625	-7.6625	54.736
38.9625	-7.6375	54.749
38.9625	-7.6125	54.769
38.9625	-7.5875	54.781
38.9625	-7.5625	54.802
38.9625	-7.5375	54.82
38.9625	-7.5125	54.839
38.9625	-7.4875	54.855
38.9625	-7.4625	54.85
38.9625	-7.4375	54.835
38.9625	-7.4125	54.798
38.9625	-7.3875	54.77
38.9625	-7.3625	54.754
38.9625	-7.3375	54.757
38.9625	-7.3125	54.756
38.9625	-7.2875	54.727
38.9625	-7.2625	54.691
38.9625	-7.2375	54.639
38.9625	-7.2125	54.579
38.9625	-7.1875	54.549
38.9625	-7.1625	54.529
38.9625	-7.1375	54.509
38.9625	-7.1125	54.493
38.9625	-7.0875	54.486
38.9625	-7.0625	54.469
38.9625	-7.0375	54.455
38.9625	-7.0125	54.444
38.9625	-6.9875	54.433
38.9625	-6.9625	54.436
38.9625	-6.9375	54.424
38.9625	-6.9125	54.396
38.9625	-6.8875	54.35
38.9625	-6.8625	54.303
38.9625	-6.8375	54.254
38.9625	-6.8125	54.21
38.9625	-6.7875	54.164
38.9625	-6.7625	54.137
38.9625	-6.7375	54.108
38.9625	-6.7125	54.084
38.9625	-6.6875	54.078
38.9625	-6.6625	54.066
38.9625	-6.6375	54.063
38.9625	-6.6125	54.061
38.9625	-6.5875	54.059
38.9625	-6.5625	54.054
38.9625	-6.5375	54.045
38.9625	-6.5125	54.024
38.9625	-6.4875	54.002
38.9625	-6.4625	53.976
38.9625	-6.4375	53.955
38.9625	-6.4125	53.934
38.9625	-6.3875	53.923
38.9625	-6.3625	53.925
38.9625	-6.3375	53.935
38.9625	-6.3125	53.939
38.9625	-6.2875	53.935
38.9625	-6.2625	53.935
38.9625	-6.2375	53.93
38.9625	-6.2125	53.928
38.9625	-6.1875	53.921
38.9625	-6.1625	53.903
38.9625	-6.1375	53.876
38.9625	-6.1125	53.853
38.9625	-6.0875	53.832
38.9625	-6.0625	53.813
38.9625	-6.0375	53.798
38.9625	-6.0125	53.788
38.9625	-5.9875	53.776
38.9875	-10.0125	53.302
38.9875	-9.9875	53.361
38.9875	-9.9625	53.414
38.9875	-9.9375	53.462
38.9875	-9.9125	53.503
38.9875	-9.8875	53.536
38.9875	-9.8625	53.563
38.9875	-9.8375	53.588
38.9875	-9.8125	53.608
38.9875	-9.7875	53.636
38.9875	-9.7625	53.645
38.9875	-9.7375	53.646
38.9875	-9.7125	53.646
38.9875	-9.6875	53.649
38.9875	-9.6625	53.655
38.9875	-9.6375	53.678
38.9875	-9.6125	53.701
38.9875	-9.5875	53.732
38.9875	-9.5625	53.768
38.9875	-9.5375	53.806
38.9875	-9.5125	53.833
38.9875	-9.4875	53.857
38.9875	-9.4625	53.888
38.9875	-9.4375	53.907
38.9875	-9.4125	53.928
38.9875	-9.3875	53.948
38.9875	-9.3625	53.952
38.9875	-9.3375	53.94
38.9875	-9.3125	53.926
38.9875	-9.2875	53.916
38.9875	-9.2625	53.915
38.9875	-9.2375	53.948
38.9875	-9.2125	53.983
38.9875	-9.1875	54.013
38.9875	-9.1625	54.034
38.9875	-9.1375	54.052
38.9875	-9.1125	54.051
38.9875	-9.0875	54.028
38.9875	-9.0625	53.979
38.9875	-9.0375	53.915
38.9875	-9.0125	53.827
38.9875	-8.9875	53.737
38.9875	-8.9625	53.641
38.9875	-8.9375	53.591
38.9875	-8.9125	53.556
38.9875	-8.8875	53.523
38.9875	-8.8625	53.502
38.9875	-8.8375	53.486
38.9875	-8.8125	53.475
38.9875	-8.7875	53.482
38.9875	-8.7625	53.512
38.9875	-8.7375	53.549
38.9875	-8.7125	53.607
38.9875	-8.6875	53.663
38.9875	-8.6625	53.713
38.9875	-8.6375	53.763
38.9875	-8.6125	53.78
38.9875	-8.5875	53.787
38.9875	-8.5625	53.777
38.9875	-8.5375	53.774
38.9875	-8.5125	53.8
38.9875	-8.4875	53.86
38.9875	-8.4625	53.944
38.9875	-8.4375	54.03
38.9875	-8.4125	54.116
38.9875	-8.3875	54.187
38.9875	-8.3625	54.232
38.9875	-8.3375	54.272
38.9875	-8.3125	54.292
38.9875	-8.2875	54.32
38.9875	-8.2625	54.329
38.9875	-8.2375	54.355
38.9875	-8.2125	54.381
38.9875	-8.1875	54.408
38.9875	-8.1625	54.429
38.9875	-8.1375	54.44
38.9875	-8.1125	54.442
38.9875	-8.0875	54.442
38.9875	-8.0625	54.436
38.9875	-8.0375	54.444
38.9875	-8.0125	54.443
38.9875	-7.9875	54.47
38.9875	-7.9625	54.519
38.9875	-7.9375	54.566
38.9875	-7.9125	54.62
38.9875	-7.8875	54.658
38.9875	-7.8625	54.672
38.9875	-7.8375	54.67
38.9875	-7.8125	54.657
38.9875	-7.7875	54.646
38.9875	-7.7625	54.641
38.9875	-7.7375	54.651
38.9875	-7.7125	54.678
38.9875	-7.6875	54.713
38.9875	-7.6625	54.742
38.9875	-7.6375	54.759
38.9875	-7.6125	54.759
38.9875	-7.5875	54.779
38.9875	-7.5625	54.795
38.9875	-7.5375	54.823
38.9875	-7.5125	54.842
38.9875	-7.4875	54.855
38.9875	-7.4625	54.849
38.9875	-7.4375	54.826
38.9875	-7.4125	54.799
38.9875	-7.3875	54.762
38.9875	-7.3625	54.752
38.9875	-7.3375	54.739
38.9875	-7.3125	54.723
38.9875	-7.2875	54.698
38.9875	-7.2625	54.656
38.9875	-7.2375	54.601
38.9875	-7.2125	54.564
38.9875	-7.1875	54.54
38.9875	-7.1625	54.52
38.9875	-7.1375	54.517
38.9875	-7.1125	54.512
38.9875	-7.0875	54.504
38.9875	-7.0625	54.499
38.9875	-7.0375	54.474
38.9875	-7.0125	54.459
38.9875	-6.9875	54.446
38.9875	-6.9625	54.434
38.9875	-6.9375	54.415
38.9875	-6.9125	54.392
38.9875	-6.8875	54.351
38.9875	-6.8625	54.307
38.9875	-6.8375	54.259
38.9875	-6.8125	54.214
38.9875	-6.7875	54.177
38.9875	-6.7625	54.147
38.9875	-6.7375	54.113
38.9875	-6.7125	54.087
38.9875	-6.6875	54.075
38.9875	-6.6625	54.06
38.9875	-6.6375	54.051
38.9875	-6.6125	54.04
38.9875	-6.5875	54.031
38.9875	-6.5625	54.024
38.9875	-6.5375	54.01
38.9875	-6.5125	53.991
38.9875	-6.4875	53.97
38.9875	-6.4625	53.949
38.9875	-6.4375	53.931
38.9875	-6.4125	53.913
38.9875	-6.3875	53.901
38.9875	-6.3625	53.9
38.9875	-6.3375	53.904
38.9875	-6.3125	53.908
38.9875	-6.2875	53.907
38.9875	-6.2625	53.909
38.9875	-6.2375	53.905
38.9875	-6.2125	53.902
38.9875	-6.1875	53.893
38.9875	-6.1625	53.88
38.9875	-6.1375	53.858
38.9875	-6.1125	53.835
38.9875	-6.0875	53.814
38.9875	-6.0625	53.795
38.9875	-6.0375	53.782
38.9875	-6.0125	53.773
38.9875	-5.9875	53.761
39.0125	-10.0125	53.351
39.0125	-9.9875	53.407
39.0125	-9.9625	53.459
39.0125	-9.9375	53.506
39.0125	-9.9125	53.545
39.0125	-9.8875	53.576
39.0125	-9.8625	53.602
39.0125	-9.8375	53.623
39.0125	-9.8125	53.643
39.0125	-9.7875	53.668
39.0125	-9.7625	53.676
39.0125	-9.7375	53.678
39.0125	-9.7125	53.678
39.0125	-9.6875	53.679
39.0125	-9.6625	53.684
39.0125	-9.6375	53.695
39.0125	-9.6125	53.716
39.0125	-9.5875	53.747
39.0125	-9.5625	53.782
39.0125	-9.5375	53.818
39.0125	-9.5125	53.855
39.0125	-9.4875	53.887
39.0125	-9.4625	53.907
39.0125	-9.4375	53.936
39.0125	-9.4125	53.963
39.0125	-9.3875	53.974
39.0125	-9.3625	53.963
39.0125	-9.3375	53.956
39.0125	-9.3125	53.947
39.0125	-9.2875	53.935
39.0125	-9.2625	53.939
39.0125	-9.2375	53.963
39.0125	-9.2125	53.989
39.0125	-9.1875	53.995
39.0125	-9.1625	54.022
39.0125	-9.1375	54.038
39.0125	-9.1125	54.039
39.0125	-9.0875	54.01
39.0125	-9.0625	53.972
39.0125	-9.0375	53.906
39.0125	-9.0125	53.826
39.0125	-8.9875	53.75
39.0125	-8.9625	53.662
39.0125	-8.9375	53.602
39.0125	-8.9125	53.553
39.0125	-8.8875	53.504
39.0125	-8.8625	53.478
39.0125	-8.8375	53.456
39.0125	-8.8125	53.45
39.0125	-8.7875	53.464
39.0125	-8.7625	53.5
39.0125	-8.7375	53.545
39.0125	-8.7125	53.6
39.0125	-8.6875	53.669
39.0125	-8.6625	53.729
39.0125	-8.6375	53.781
39.0125	-8.6125	53.822
39.0125	-8.5875	53.842
39.0125	-8.5625	53.85
39.0125	-8.5375	53.854
39.0125	-8.5125	53.885
39.0125	-8.4875	53.941
39.0125	-8.4625	54.006
39.0125	-8.4375	54.079
39.0125	-8.4125	54.139
39.0125	-8.3875	54.199
39.0125	-8.3625	54.235
39.0125	-8.3375	54.26
39.0125	-8.3125	54.292
39.0125	-8.2875	54.308
39.0125	-8.2625	54.331
39.0125	-8.2375	54.363
39.0125	-8.2125	54.395
39.0125	-8.1875	54.423
39.0125	-8.1625	54.437
39.0125	-8.1375	54.462
39.0125	-8.1125	54.464
39.0125	-8.0875	54.477
39.0125	-8.0625	54.484
39.0125	-8.0375	54.492
39.0125	-8.0125	54.504
39.0125	-7.9875	54.523
39.0125	-7.9625	54.562
39.0125	-7.9375	54.594
39.0125	-7.9125	54.621
39.0125	-7.8875	54.63
39.0125	-7.8625	54.639
39.0125	-7.8375	54.632
39.0125	-7.8125	54.618
39.0125	-7.7875	54.607
39.0125	-7.7625	54.608
39.0125	-7.7375	54.626
39.0125	-7.7125	54.661
39.0125	-7.6875	54.698
39.0125	-7.6625	54.728
39.0125	-7.6375	54.748
39.0125	-7.6125	54.761
39.0125	-7.5875	54.781
39.0125	-7.5625	54.814
39.0125	-7.5375	54.846
39.0125	-7.5125	54.866
39.0125	-7.4875	54.878
39.0125	-7.4625	54.89
39.0125	-7.4375	54.869
39.0125	-7.4125	54.841
39.0125	-7.3875	54.8
39.0125	-7.3625	54.766
39.0125	-7.3375	54.739
39.0125	-7.3125	54.719
39.0125	-7.2875	54.685
39.0125	-7.2625	54.645
39.0125	-7.2375	54.609
39.0125	-7.2125	54.576
39.0125	-7.1875	54.56
39.0125	-7.1625	54.56
39.0125	-7.1375	54.559
39.0125	-7.1125	54.554
39.0125	-7.0875	54.547
39.0125	-7.0625	54.541
39.0125	-7.0375	54.524
39.0125	-7.0125	54.497
39.0125	-6.9875	54.479
39.0125	-6.9625	54.447
39.0125	-6.9375	54.423
39.0125	-6.9125	54.397
39.0125	-6.8875	54.358
39.0125	-6.8625	54.311
39.0125	-6.8375	54.275
39.0125	-6.8125	54.234
39.0125	-6.7875	54.201
39.0125	-6.7625	54.161
39.0125	-6.7375	54.137
39.0125	-6.7125	54.106
39.0125	-6.6875	54.081
39.0125	-6.6625	54.072
39.0125	-6.6375	54.054
39.0125	-6.6125	54.042
39.0125	-6.5875	54.028
39.0125	-6.5625	54.015
39.0125	-6.5375	54.006
39.0125	-6.5125	53.987
39.0125	-6.4875	53.967
39.0125	-6.4625	53.946
39.0125	-6.4375	53.932
39.0125	-6.4125	53.918
39.0125	-6.3875	53.905
39.0125	-6.3625	53.9
39.0125	-6.3375	53.901
39.0125	-6.3125	53.891
39.0125	-6.2875	53.9
39.0125	-6.2625	53.896
39.0125	-6.2375	53.912
39.0125	-6.2125	53.903
39.0125	-6.1875	53.889
39.0125	-6.1625	53.878
39.0125	-6.1375	53.86
39.0125	-6.1125	53.838
39.0125	-6.0875	53.813
39.0125	-6.0625	53.793
39.0125	-6.0375	53.778
39.0125	-6.0125	53.767
39.0125	-5.9875	53.758
39.0375	-10.0125	53.376
39.0375	-9.9875	53.43
39.0375	-9.9625	53.479
39.0375	-9.9375	53.523
39.0375	-9.9125	53.558
39.0375	-9.8875	53.587
39.0375	-9.8625	53.61
39.0375	-9.8375	53.632
39.0375	-9.8125	53.649
39.0375	-9.7875	53.673
39.0375	-9.7625	53.671
39.0375	-9.7375	53.684
39.0375	-9.7125	53.686
39.0375	-9.6875	53.69
39.0375	-9.6625	53.695
39.0375	-9.6375	53.708
39.0375	-9.6125	53.728
39.0375	-9.5875	53.757
39.0375	-9.5625	53.791
39.0375	-9.5375	53.828
39.0375	-9.5125	53.865
39.0375	-9.4875	53.898
39.0375	-9.4625	53.928
39.0375	-9.4375	53.957
39.0375	-9.4125	53.978
39.0375	-9.3875	53.976
39.0375	-9.3625	53.967
39.0375	-9.3375	53.96
39.0375	-9.3125	53.95
39.0375	-9.2875	53.949
39.0375	-9.2625	53.955
39.0375	-9.2375	53.97
39.0375	-9.2125	53.973
39.0375	-9.1875	53.973
39.0375	-9.1625	53.995
39.0375	-9.1375	54.011
39.0375	-9.1125	54.007
39.0375	-9.0875	53.995
39.0375	-9.0625	53.961
39.0375	-9.0375	53.911
39.0375	-9.0125	53.845
39.0375	-8.9875	53.757
39.0375	-8.9625	53.692
39.0375	-8.9375	53.641
39.0375	-8.9125	53.578
39.0375	-8.8875	53.525
39.0375	-8.8625	53.484
39.0375	-8.8375	53.457
39.0375	-8.8125	53.457
39.0375	-8.7875	53.467
39.0375	-8.7625	53.501
39.0375	-8.7375	53.546
39.0375	-8.7125	53.612
39.0375	-8.6875	53.679
39.0375	-8.6625	53.757
39.0375	-8.6375	53.818
39.0375	-8.6125	53.865
39.0375	-8.5875	53.895
39.0375	-8.5625	53.913
39.0375	-8.5375	53.945
39.0375	-8.5125	53.973
39.0375	-8.4875	54.02
39.0375	-8.4625	54.077
39.0375	-8.4375	54.144
39.0375	-8.4125	54.192
39.0375	-8.3875	54.228
39.0375	-8.3625	54.25
39.0375	-8.3375	54.266
39.0375	-8.3125	54.296
39.0375	-8.2875	54.313
39.0375	-8.2625	54.333
39.0375	-8.2375	54.375
39.0375	-8.2125	54.407
39.0375	-8.1875	54.437
39.0375	-8.1625	54.462
39.0375	-8.1375	54.47
39.0375	-8.1125	54.488
39.0375	-8.0875	54.505
39.0375	-8.0625	54.527
39.0375	-8.0375	54.55
39.0375	-8.0125	54.572
39.0375	-7.9875	54.58
39.0375	-7.9625	54.602
39.0375	-7.9375	54.609
39.0375	-7.9125	54.627
39.0375	-7.8875	54.628
39.0375	-7.8625	54.631
39.0375	-7.8375	54.609
39.0375	-7.8125	54.593
39.0375	-7.7875	54.586
39.0375	-7.7625	54.595
39.0375	-7.7375	54.618
39.0375	-7.7125	54.654
39.0375	-7.6875	54.694
39.0375	-7.6625	54.728
39.0375	-7.6375	54.767
39.0375	-7.6125	54.778
39.0375	-7.5875	54.796
39.0375	-7.5625	54.833
39.0375	-7.5375	54.866
39.0375	-7.5125	54.905
39.0375	-7.4875	54.926
39.0375	-7.4625	54.938
39.0375	-7.4375	54.937
39.0375	-7.4125	54.903
39.0375	-7.3875	54.855
39.0375	-7.3625	54.799
39.0375	-7.3375	54.756
39.0375	-7.3125	54.726
39.0375	-7.2875	54.703
39.0375	-7.2625	54.677
39.0375	-7.2375	54.647
39.0375	-7.2125	54.637
39.0375	-7.1875	54.622
39.0375	-7.1625	54.618
39.0375	-7.1375	54.612
39.0375	-7.1125	54.608
39.0375	-7.0875	54.585
39.0375	-7.0625	54.588
39.0375	-7.0375	54.559
39.0375	-7.0125	54.529
39.0375	-6.9875	54.494
39.0375	-6.9625	54.47
39.0375	-6.9375	54.432
39.0375	-6.9125	54.402
39.0375	-6.8875	54.365
39.0375	-6.8625	54.324
39.0375	-6.8375	54.294
39.0375	-6.8125	54.261
39.0375	-6.7875	54.234
39.0375	-6.7625	54.195
39.0375	-6.7375	54.175
39.0375	-6.7125	54.145
39.0375	-6.6875	54.116
39.0375	-6.6625	54.101
39.0375	-6.6375	54.082
39.0375	-6.6125	54.066
39.0375	-6.5875	54.049
39.0375	-6.5625	54.04
39.0375	-6.5375	54.027
39.0375	-6.5125	54.012
39.0375	-6.4875	53.993
39.0375	-6.4625	53.97
39.0375	-6.4375	53.954
39.0375	-6.4125	53.94
39.0375	-6.3875	53.93
39.0375	-6.3625	53.919
39.0375	-6.3375	53.918
39.0375	-6.3125	53.911
39.0375	-6.2875	53.903
39.0375	-6.2625	53.9
39.0375	-6.2375	53.898
39.0375	-6.2125	53.897
39.0375	-6.1875	53.884
39.0375	-6.1625	53.875
39.0375	-6.1375	53.864
39.0375	-6.1125	53.852
39.0375	-6.0875	53.825
39.0375	-6.0625	53.8
39.0375	-6.0375	53.78
39.0375	-6.0125	53.766
39.0375	-5.9875	53.756
39.0625	-10.0125	53.381
39.0625	-9.9875	53.433
39.0625	-9.9625	53.48
39.0625	-9.9375	53.52
39.0625	-9.9125	53.553
39.0625	-9.8875	53.579
39.0625	-9.8625	53.601
39.0625	-9.8375	53.62
39.0625	-9.8125	53.636
39.0625	-9.7875	53.65
39.0625	-9.7625	53.659
39.0625	-9.7375	53.664
39.0625	-9.7125	53.678
39.0625	-9.6875	53.684
39.0625	-9.6625	53.692
39.0625	-9.6375	53.705
39.0625	-9.6125	53.726
39.0625	-9.5875	53.754
39.0625	-9.5625	53.787
39.0625	-9.5375	53.823
39.0625	-9.5125	53.861
39.0625	-9.4875	53.896
39.0625	-9.4625	53.928
39.0625	-9.4375	53.957
39.0625	-9.4125	53.986
39.0625	-9.3875	53.979
39.0625	-9.3625	53.957
39.0625	-9.3375	53.948
39.0625	-9.3125	53.953
39.0625	-9.2875	53.955
39.0625	-9.2625	53.977
39.0625	-9.2375	53.972
39.0625	-9.2125	53.953
39.0625	-9.1875	53.954
39.0625	-9.1625	53.964
39.0625	-9.1375	53.97
39.0625	-9.1125	53.968
39.0625	-9.0875	53.956
39.0625	-9.0625	53.94
39.0625	-9.0375	53.892
39.0625	-9.0125	53.852
39.0625	-8.9875	53.793
39.0625	-8.9625	53.748
39.0625	-8.9375	53.708
39.0625	-8.9125	53.655
39.0625	-8.8875	53.598
39.0625	-8.8625	53.54
39.0625	-8.8375	53.52
39.0625	-8.8125	53.508
39.0625	-8.7875	53.506
39.0625	-8.7625	53.527
39.0625	-8.7375	53.562
39.0625	-8.7125	53.628
39.0625	-8.6875	53.69
39.0625	-8.6625	53.775
39.0625	-8.6375	53.84
39.0625	-8.6125	53.881
39.0625	-8.5875	53.925
39.0625	-8.5625	53.958
39.0625	-8.5375	53.999
39.0625	-8.5125	54.037
39.0625	-8.4875	54.085
39.0625	-8.4625	54.14
39.0625	-8.4375	54.185
39.0625	-8.4125	54.214
39.0625	-8.3875	54.237
39.0625	-8.3625	54.246
39.0625	-8.3375	54.255
39.0625	-8.3125	54.278
39.0625	-8.2875	54.31
39.0625	-8.2625	54.35
39.0625	-8.2375	54.399
39.0625	-8.2125	54.441
39.0625	-8.1875	54.475
39.0625	-8.1625	54.481
39.0625	-8.1375	54.485
39.0625	-8.1125	54.504
39.0625	-8.0875	54.532
39.0625	-8.0625	54.557
39.0625	-8.0375	54.593
39.0625	-8.0125	54.61
39.0625	-7.9875	54.631
39.0625	-7.9625	54.633
39.0625	-7.9375	54.64
39.0625	-7.9125	54.633
39.0625	-7.8875	54.634
39.0625	-7.8625	54.624
39.0625	-7.8375	54.616
39.0625	-7.8125	54.607
39.0625	-7.7875	54.605
39.0625	-7.7625	54.607
39.0625	-7.7375	54.621
39.0625	-7.7125	54.653
39.0625	-7.6875	54.695
39.0625	-7.6625	54.739
39.0625	-7.6375	54.78
39.0625	-7.6125	54.8
39.0625	-7.5875	54.834
39.0625	-7.5625	54.874
39.0625	-7.5375	54.912
39.0625	-7.5125	54.962
39.0625	-7.4875	54.989
39.0625	-7.4625	55.005
39.0625	-7.4375	54.999
39.0625	-7.4125	54.968
39.0625	-7.3875	54.91
39.0625	-7.3625	54.843
39.0625	-7.3375	54.801
39.0625	-7.3125	54.77
39.0625	-7.2875	54.755
39.0625	-7.2625	54.741
39.0625	-7.2375	54.723
39.0625	-7.2125	54.714
39.0625	-7.1875	54.708
39.0625	-7.1625	54.7
39.0625	-7.1375	54.671
39.0625	-7.1125	54.659
39.0625	-7.0875	54.631
39.0625	-7.0625	54.612
39.0625	-7.0375	54.583
39.0625	-7.0125	54.553
39.0625	-6.9875	54.521
39.0625	-6.9625	54.486
39.0625	-6.9375	54.459
39.0625	-6.9125	54.418
39.0625	-6.8875	54.385
39.0625	-6.8625	54.35
39.0625	-6.8375	54.326
39.0625	-6.8125	54.299
39.0625	-6.7875	54.279
39.0625	-6.7625	54.246
39.0625	-6.7375	54.23
39.0625	-6.7125	54.2
39.0625	-6.6875	54.169
39.0625	-6.6625	54.151
39.0625	-6.6375	54.132
39.0625	-6.6125	54.115
39.0625	-6.5875	54.098
39.0625	-6.5625	54.085
39.0625	-6.5375	54.072
39.0625	-6.5125	54.057
39.0625	-6.4875	54.042
39.0625	-6.4625	54.021
39.0625	-6.4375	54
39.0625	-6.4125	53.981
39.0625	-6.3875	53.968
39.0625	-6.3625	53.949
39.0625	-6.3375	53.943
39.0625	-6.3125	53.925
39.0625	-6.2875	53.91
39.0625	-6.2625	53.903
39.0625	-6.2375	53.893
39.0625	-6.2125	53.894
39.0625	-6.1875	53.894
39.0625	-6.1625	53.886
39.0625	-6.1375	53.878
39.0625	-6.1125	53.864
39.0625	-6.0875	53.833
39.0625	-6.0625	53.812
39.0625	-6.0375	53.786
39.0625	-6.0125	53.766
39.0625	-5.9875	53.754
39.0875	-10.0125	53.372
39.0875	-9.9875	53.42
39.0875	-9.9625	53.463
39.0875	-9.9375	53.5
39.0875	-9.9125	53.533
39.0875	-9.8875	53.558
39.0875	-9.8625	53.577
39.0875	-9.8375	53.595
39.0875	-9.8125	53.612
39.0875	-9.7875	53.627
39.0875	-9.7625	53.636
39.0875	-9.7375	53.643
39.0875	-9.7125	53.66
39.0875	-9.6875	53.668
39.0875	-9.6625	53.678
39.0875	-9.6375	53.692
39.0875	-9.6125	53.712
39.0875	-9.5875	53.737
39.0875	-9.5625	53.769
39.0875	-9.5375	53.806
39.0875	-9.5125	53.842
39.0875	-9.4875	53.879
39.0875	-9.4625	53.912
39.0875	-9.4375	53.942
39.0875	-9.4125	53.97
39.0875	-9.3875	53.966
39.0875	-9.3625	53.957
39.0875	-9.3375	53.948
39.0875	-9.3125	53.952
39.0875	-9.2875	53.962
39.0875	-9.2625	53.979
39.0875	-9.2375	53.982
39.0875	-9.2125	53.958
39.0875	-9.1875	53.956
39.0875	-9.1625	53.954
39.0875	-9.1375	53.956
39.0875	-9.1125	53.944
39.0875	-9.0875	53.94
39.0875	-9.0625	53.921
39.0875	-9.0375	53.921
39.0875	-9.0125	53.903
39.0875	-8.9875	53.846
39.0875	-8.9625	53.824
39.0875	-8.9375	53.8
39.0875	-8.9125	53.785
39.0875	-8.8875	53.744
39.0875	-8.8625	53.7
39.0875	-8.8375	53.648
39.0875	-8.8125	53.602
39.0875	-8.7875	53.577
39.0875	-8.7625	53.575
39.0875	-8.7375	53.599
39.0875	-8.7125	53.644
39.0875	-8.6875	53.713
39.0875	-8.6625	53.793
39.0875	-8.6375	53.85
39.0875	-8.6125	53.901
39.0875	-8.5875	53.951
39.0875	-8.5625	53.988
39.0875	-8.5375	54.043
39.0875	-8.5125	54.087
39.0875	-8.4875	54.132
39.0875	-8.4625	54.175
39.0875	-8.4375	54.2
39.0875	-8.4125	54.224
39.0875	-8.3875	54.235
39.0875	-8.3625	54.238
39.0875	-8.3375	54.246
39.0875	-8.3125	54.261
39.0875	-8.2875	54.299
39.0875	-8.2625	54.346
39.0875	-8.2375	54.411
39.0875	-8.2125	54.458
39.0875	-8.1875	54.483
39.0875	-8.1625	54.479
39.0875	-8.1375	54.491
39.0875	-8.1125	54.502
39.0875	-8.0875	54.527
39.0875	-8.0625	54.567
39.0875	-8.0375	54.611
39.0875	-8.0125	54.63
39.0875	-7.9875	54.656
39.0875	-7.9625	54.666
39.0875	-7.9375	54.666
39.0875	-7.9125	54.655
39.0875	-7.8875	54.65
39.0875	-7.8625	54.638
39.0875	-7.8375	54.637
39.0875	-7.8125	54.639
39.0875	-7.7875	54.628
39.0875	-7.7625	54.623
39.0875	-7.7375	54.628
39.0875	-7.7125	54.653
39.0875	-7.6875	54.691
39.0875	-7.6625	54.739
39.0875	-7.6375	54.791
39.0875	-7.6125	54.842
39.0875	-7.5875	54.88
39.0875	-7.5625	54.929
39.0875	-7.5375	54.972
39.0875	-7.5125	55.008
39.0875	-7.4875	55.03
39.0875	-7.4625	55.045
39.0875	-7.4375	55.04
39.0875	-7.4125	55.018
39.0875	-7.3875	54.97
39.0875	-7.3625	54.927
39.0875	-7.3375	54.88
39.0875	-7.3125	54.87
39.0875	-7.2875	54.858
39.0875	-7.2625	54.837
39.0875	-7.2375	54.822
39.0875	-7.2125	54.809
39.0875	-7.1875	54.786
39.0875	-7.1625	54.765
39.0875	-7.1375	54.732
39.0875	-7.1125	54.694
39.0875	-7.0875	54.661
39.0875	-7.0625	54.635
39.0875	-7.0375	54.607
39.0875	-7.0125	54.576
39.0875	-6.9875	54.558
39.0875	-6.9625	54.526
39.0875	-6.9375	54.499
39.0875	-6.9125	54.462
39.0875	-6.8875	54.422
39.0875	-6.8625	54.401
39.0875	-6.8375	54.376
39.0875	-6.8125	54.357
39.0875	-6.7875	54.343
39.0875	-6.7625	54.313
39.0875	-6.7375	54.298
39.0875	-6.7125	54.273
39.0875	-6.6875	54.243
39.0875	-6.6625	54.223
39.0875	-6.6375	54.204
39.0875	-6.6125	54.189
39.0875	-6.5875	54.174
39.0875	-6.5625	54.162
39.0875	-6.5375	54.145
39.0875	-6.5125	54.129
39.0875	-6.4875	54.113
39.0875	-6.4625	54.09
39.0875	-6.4375	54.061
39.0875	-6.4125	54.038
39.0875	-6.3875	54.015
39.0875	-6.3625	53.995
39.0875	-6.3375	53.976
39.0875	-6.3125	53.949
39.0875	-6.2875	53.933
39.0875	-6.2625	53.913
39.0875	-6.2375	53.903
39.0875	-6.2125	53.901
39.0875	-6.1875	53.91
39.0875	-6.1625	53.904
39.0875	-6.1375	53.899
39.0875	-6.1125	53.881
39.0875	-6.0875	53.844
39.0875	-6.0625	53.813
39.0875	-6.0375	53.791
39.0875	-6.0125	53.767
39.0875	-5.9875	53.752
39.1125	-10.0125	53.345
39.1125	-9.9875	53.389
39.1125	-9.9625	53.429
39.1125	-9.9375	53.465
39.1125	-9.9125	53.497
39.1125	-9.8875	53.521
39.1125	-9.8625	53.542
39.1125	-9.8375	53.562
39.1125	-9.8125	53.58
39.1125	-9.7875	53.597
39.1125	-9.7625	53.609
39.1125	-9.7375	53.617
39.1125	-9.7125	53.636
39.1125	-9.6875	53.646
39.1125	-9.6625	53.657
39.1125	-9.6375	53.67
39.1125	-9.6125	53.687
39.1125	-9.5875	53.711
39.1125	-9.5625	53.741
39.1125	-9.5375	53.776
39.1125	-9.5125	53.823
39.1125	-9.4875	53.85
39.1125	-9.4625	53.894
39.1125	-9.4375	53.923
39.1125	-9.4125	53.937
39.1125	-9.3875	53.954
39.1125	-9.3625	53.953
39.1125	-9.3375	53.95
39.1125	-9.3125	53.954
39.1125	-9.2875	53.959
39.1125	-9.2625	53.972
39.1125	-9.2375	53.959
39.1125	-9.2125	53.946
39.1125	-9.1875	53.962
39.1125	-9.1625	53.972
39.1125	-9.1375	53.968
39.1125	-9.1125	53.963
39.1125	-9.0875	53.948
39.1125	-9.0625	53.95
39.1125	-9.0375	53.949
39.1125	-9.0125	53.935
39.1125	-8.9875	53.914
39.1125	-8.9625	53.905
39.1125	-8.9375	53.899
39.1125	-8.9125	53.89
39.1125	-8.8875	53.883
39.1125	-8.8625	53.843
39.1125	-8.8375	53.769
39.1125	-8.8125	53.699
39.1125	-8.7875	53.652
39.1125	-8.7625	53.634
39.1125	-8.7375	53.643
39.1125	-8.7125	53.683
39.1125	-8.6875	53.741
39.1125	-8.6625	53.818
39.1125	-8.6375	53.866
39.1125	-8.6125	53.909
39.1125	-8.5875	53.94
39.1125	-8.5625	53.987
39.1125	-8.5375	54.045
39.1125	-8.5125	54.106
39.1125	-8.4875	54.141
39.1125	-8.4625	54.177
39.1125	-8.4375	54.192
39.1125	-8.4125	54.209
39.1125	-8.3875	54.203
39.1125	-8.3625	54.209
39.1125	-8.3375	54.221
39.1125	-8.3125	54.228
39.1125	-8.2875	54.267
39.1125	-8.2625	54.331
39.1125	-8.2375	54.401
39.1125	-8.2125	54.446
39.1125	-8.1875	54.459
39.1125	-8.1625	54.463
39.1125	-8.1375	54.465
39.1125	-8.1125	54.478
39.1125	-8.0875	54.51
39.1125	-8.0625	54.549
39.1125	-8.0375	54.59
39.1125	-8.0125	54.624
39.1125	-7.9875	54.659
39.1125	-7.9625	54.668
39.1125	-7.9375	54.665
39.1125	-7.9125	54.668
39.1125	-7.8875	54.652
39.1125	-7.8625	54.663
39.1125	-7.8375	54.666
39.1125	-7.8125	54.669
39.1125	-7.7875	54.654
39.1125	-7.7625	54.651
39.1125	-7.7375	54.651
39.1125	-7.7125	54.662
39.1125	-7.6875	54.699
39.1125	-7.6625	54.756
39.1125	-7.6375	54.817
39.1125	-7.6125	54.87
39.1125	-7.5875	54.932
39.1125	-7.5625	54.987
39.1125	-7.5375	55.029
39.1125	-7.5125	55.057
39.1125	-7.4875	55.075
39.1125	-7.4625	55.084
39.1125	-7.4375	55.08
39.1125	-7.4125	55.071
39.1125	-7.3875	55.042
39.1125	-7.3625	55.001
39.1125	-7.3375	54.989
39.1125	-7.3125	54.979
39.1125	-7.2875	54.966
39.1125	-7.2625	54.937
39.1125	-7.2375	54.909
39.1125	-7.2125	54.87
39.1125	-7.1875	54.838
39.1125	-7.1625	54.805
39.1125	-7.1375	54.783
39.1125	-7.1125	54.747
39.1125	-7.0875	54.713
39.1125	-7.0625	54.675
39.1125	-7.0375	54.64
39.1125	-7.0125	54.625
39.1125	-6.9875	54.606
39.1125	-6.9625	54.581
39.1125	-6.9375	54.548
39.1125	-6.9125	54.51
39.1125	-6.8875	54.481
39.1125	-6.8625	54.456
39.1125	-6.8375	54.439
39.1125	-6.8125	54.426
39.1125	-6.7875	54.413
39.1125	-6.7625	54.389
39.1125	-6.7375	54.383
39.1125	-6.7125	54.365
39.1125	-6.6875	54.328
39.1125	-6.6625	54.311
39.1125	-6.6375	54.29
39.1125	-6.6125	54.272
39.1125	-6.5875	54.258
39.1125	-6.5625	54.247
39.1125	-6.5375	54.231
39.1125	-6.5125	54.217
39.1125	-6.4875	54.188
39.1125	-6.4625	54.161
39.1125	-6.4375	54.138
39.1125	-6.4125	54.106
39.1125	-6.3875	54.069
39.1125	-6.3625	54.049
39.1125	-6.3375	54.018
39.1125	-6.3125	53.996
39.1125	-6.2875	53.976
39.1125	-6.2625	53.956
39.1125	-6.2375	53.934
39.1125	-6.2125	53.925
39.1125	-6.1875	53.922
39.1125	-6.1625	53.924
39.1125	-6.1375	53.918
39.1125	-6.1125	53.892
39.1125	-6.0875	53.853
39.1125	-6.0625	53.828
39.1125	-6.0375	53.794
39.1125	-6.0125	53.768
39.1125	-5.9875	53.752
39.1375	-10.0125	53.299
39.1375	-9.9875	53.34
39.1375	-9.9625	53.377
39.1375	-9.9375	53.412
39.1375	-9.9125	53.444
39.1375	-9.8875	53.471
39.1375	-9.8625	53.495
39.1375	-9.8375	53.519
39.1375	-9.8125	53.541
39.1375	-9.7875	53.561
39.1375	-9.7625	53.574
39.1375	-9.7375	53.584
39.1375	-9.7125	53.605
39.1375	-9.6875	53.617
39.1375	-9.6625	53.628
39.1375	-9.6375	53.639
39.1375	-9.6125	53.655
39.1375	-9.5875	53.676
39.1375	-9.5625	53.704
39.1375	-9.5375	53.738
39.1375	-9.5125	53.775
39.1375	-9.4875	53.822
39.1375	-9.4625	53.857
39.1375	-9.4375	53.876
39.1375	-9.4125	53.902
39.1375	-9.3875	53.923
39.1375	-9.3625	53.936
39.1375	-9.3375	53.952
39.1375	-9.3125	53.945
39.1375	-9.2875	53.948
39.1375	-9.2625	53.951
39.1375	-9.2375	53.935
39.1375	-9.2125	53.927
39.1375	-9.1875	53.932
39.1375	-9.1625	53.958
39.1375	-9.1375	53.989
39.1375	-9.1125	54.002
39.1375	-9.0875	53.993
39.1375	-9.0625	53.992
39.1375	-9.0375	53.979
39.1375	-9.0125	53.974
39.1375	-8.9875	53.978
39.1375	-8.9625	53.972
39.1375	-8.9375	53.971
39.1375	-8.9125	53.968
39.1375	-8.8875	53.957
39.1375	-8.8625	53.92
39.1375	-8.8375	53.849
39.1375	-8.8125	53.77
39.1375	-8.7875	53.721
39.1375	-8.7625	53.689
39.1375	-8.7375	53.689
39.1375	-8.7125	53.723
39.1375	-8.6875	53.78
39.1375	-8.6625	53.826
39.1375	-8.6375	53.863
39.1375	-8.6125	53.896
39.1375	-8.5875	53.929
39.1375	-8.5625	53.972
39.1375	-8.5375	54.024
39.1375	-8.5125	54.073
39.1375	-8.4875	54.12
39.1375	-8.4625	54.15
39.1375	-8.4375	54.175
39.1375	-8.4125	54.179
39.1375	-8.3875	54.189
39.1375	-8.3625	54.193
39.1375	-8.3375	54.197
39.1375	-8.3125	54.208
39.1375	-8.2875	54.236
39.1375	-8.2625	54.285
39.1375	-8.2375	54.337
39.1375	-8.2125	54.384
39.1375	-8.1875	54.405
39.1375	-8.1625	54.407
39.1375	-8.1375	54.423
39.1375	-8.1125	54.433
39.1375	-8.0875	54.466
39.1375	-8.0625	54.506
39.1375	-8.0375	54.55
39.1375	-8.0125	54.596
39.1375	-7.9875	54.627
39.1375	-7.9625	54.648
39.1375	-7.9375	54.657
39.1375	-7.9125	54.662
39.1375	-7.8875	54.665
39.1375	-7.8625	54.678
39.1375	-7.8375	54.686
39.1375	-7.8125	54.691
39.1375	-7.7875	54.688
39.1375	-7.7625	54.677
39.1375	-7.7375	54.668
39.1375	-7.7125	54.674
39.1375	-7.6875	54.717
39.1375	-7.6625	54.769
39.1375	-7.6375	54.836
39.1375	-7.6125	54.907
39.1375	-7.5875	54.977
39.1375	-7.5625	55.037
39.1375	-7.5375	55.068
39.1375	-7.5125	55.087
39.1375	-7.4875	55.101
39.1375	-7.4625	55.108
39.1375	-7.4375	55.099
39.1375	-7.4125	55.089
39.1375	-7.3875	55.079
39.1375	-7.3625	55.058
39.1375	-7.3375	55.065
39.1375	-7.3125	55.058
39.1375	-7.2875	55.041
39.1375	-7.2625	55.006
39.1375	-7.2375	54.965
39.1375	-7.2125	54.923
39.1375	-7.1875	54.89
39.1375	-7.1625	54.853
39.1375	-7.1375	54.827
39.1375	-7.1125	54.794
39.1375	-7.0875	54.764
39.1375	-7.0625	54.726
39.1375	-7.0375	54.697
39.1375	-7.0125	54.69
39.1375	-6.9875	54.666
39.1375	-6.9625	54.647
39.1375	-6.9375	54.62
39.1375	-6.9125	54.573
39.1375	-6.8875	54.545
39.1375	-6.8625	54.523
39.1375	-6.8375	54.514
39.1375	-6.8125	54.501
39.1375	-6.7875	54.481
39.1375	-6.7625	54.481
39.1375	-6.7375	54.459
39.1375	-6.7125	54.445
39.1375	-6.6875	54.425
39.1375	-6.6625	54.41
39.1375	-6.6375	54.385
39.1375	-6.6125	54.37
39.1375	-6.5875	54.354
39.1375	-6.5625	54.345
39.1375	-6.5375	54.326
39.1375	-6.5125	54.299
39.1375	-6.4875	54.273
39.1375	-6.4625	54.242
39.1375	-6.4375	54.212
39.1375	-6.4125	54.17
39.1375	-6.3875	54.134
39.1375	-6.3625	54.101
39.1375	-6.3375	54.076
39.1375	-6.3125	54.054
39.1375	-6.2875	54.033
39.1375	-6.2625	54.011
39.1375	-6.2375	53.988
39.1375	-6.2125	53.962
39.1375	-6.1875	53.945
39.1375	-6.1625	53.929
39.1375	-6.1375	53.919
39.1375	-6.1125	53.895
39.1375	-6.0875	53.864
39.1375	-6.0625	53.837
39.1375	-6.0375	53.803
39.1375	-6.0125	53.777
39.1375	-5.9875	53.762
39.1625	-10.0125	53.234
39.1625	-9.9875	53.274
39.1625	-9.9625	53.309
39.1625	-9.9375	53.342
39.1625	-9.9125	53.374
39.1625	-9.8875	53.403
39.1625	-9.8625	53.432
39.1625	-9.8375	53.461
39.1625	-9.8125	53.487
39.1625	-9.7875	53.51
39.1625	-9.7625	53.527
39.1625	-9.7375	53.54
39.1625	-9.7125	53.564
39.1625	-9.6875	53.578
39.1625	-9.6625	53.59
39.1625	-9.6375	53.602
39.1625	-9.6125	53.617
39.1625	-9.5875	53.636
39.1625	-9.5625	53.662
39.1625	-9.5375	53.693
39.1625	-9.5125	53.728
39.1625	-9.4875	53.767
39.1625	-9.4625	53.813
39.1625	-9.4375	53.835
39.1625	-9.4125	53.865
39.1625	-9.3875	53.892
39.1625	-9.3625	53.918
39.1625	-9.3375	53.927
39.1625	-9.3125	53.936
39.1625	-9.2875	53.94
39.1625	-9.2625	53.93
39.1625	-9.2375	53.918
39.1625	-9.2125	53.921
39.1625	-9.1875	53.932
39.1625	-9.1625	53.946
39.1625	-9.1375	53.977
39.1625	-9.1125	54.015
39.1625	-9.0875	54.04
39.1625	-9.0625	54.053
39.1625	-9.0375	54.042
39.1625	-9.0125	54.03
39.1625	-8.9875	54.023
39.1625	-8.9625	54.016
39.1625	-8.9375	54.007
39.1625	-8.9125	54.004
39.1625	-8.8875	53.989
39.1625	-8.8625	53.947
39.1625	-8.8375	53.886
39.1625	-8.8125	53.828
39.1625	-8.7875	53.775
39.1625	-8.7625	53.75
39.1625	-8.7375	53.741
39.1625	-8.7125	53.757
39.1625	-8.6875	53.788
39.1625	-8.6625	53.809
39.1625	-8.6375	53.831
39.1625	-8.6125	53.855
39.1625	-8.5875	53.889
39.1625	-8.5625	53.943
39.1625	-8.5375	53.992
39.1625	-8.5125	54.032
39.1625	-8.4875	54.085
39.1625	-8.4625	54.123
39.1625	-8.4375	54.146
39.1625	-8.4125	54.155
39.1625	-8.3875	54.176
39.1625	-8.3625	54.174
39.1625	-8.3375	54.176
39.1625	-8.3125	54.181
39.1625	-8.2875	54.198
39.1625	-8.2625	54.231
39.1625	-8.2375	54.264
39.1625	-8.2125	54.292
39.1625	-8.1875	54.318
39.1625	-8.1625	54.339
39.1625	-8.1375	54.358
39.1625	-8.1125	54.373
39.1625	-8.0875	54.388
39.1625	-8.0625	54.441
39.1625	-8.0375	54.492
39.1625	-8.0125	54.556
39.1625	-7.9875	54.597
39.1625	-7.9625	54.619
39.1625	-7.9375	54.629
39.1625	-7.9125	54.638
39.1625	-7.8875	54.656
39.1625	-7.8625	54.678
39.1625	-7.8375	54.696
39.1625	-7.8125	54.707
39.1625	-7.7875	54.711
39.1625	-7.7625	54.704
39.1625	-7.7375	54.69
39.1625	-7.7125	54.692
39.1625	-7.6875	54.722
39.1625	-7.6625	54.784
39.1625	-7.6375	54.863
39.1625	-7.6125	54.936
39.1625	-7.5875	54.998
39.1625	-7.5625	55.044
39.1625	-7.5375	55.081
39.1625	-7.5125	55.098
39.1625	-7.4875	55.102
39.1625	-7.4625	55.102
39.1625	-7.4375	55.099
39.1625	-7.4125	55.094
39.1625	-7.3875	55.087
39.1625	-7.3625	55.077
39.1625	-7.3375	55.085
39.1625	-7.3125	55.077
39.1625	-7.2875	55.068
39.1625	-7.2625	55.047
39.1625	-7.2375	55.006
39.1625	-7.2125	54.975
39.1625	-7.1875	54.917
39.1625	-7.1625	54.891
39.1625	-7.1375	54.864
39.1625	-7.1125	54.834
39.1625	-7.0875	54.811
39.1625	-7.0625	54.77
39.1625	-7.0375	54.754
39.1625	-7.0125	54.74
39.1625	-6.9875	54.717
39.1625	-6.9625	54.695
39.1625	-6.9375	54.659
39.1625	-6.9125	54.627
39.1625	-6.8875	54.601
39.1625	-6.8625	54.565
39.1625	-6.8375	54.563
39.1625	-6.8125	54.554
39.1625	-6.7875	54.542
39.1625	-6.7625	54.542
39.1625	-6.7375	54.533
39.1625	-6.7125	54.519
39.1625	-6.6875	54.511
39.1625	-6.6625	54.494
39.1625	-6.6375	54.483
39.1625	-6.6125	54.482
39.1625	-6.5875	54.452
39.1625	-6.5625	54.434
39.1625	-6.5375	54.414
39.1625	-6.5125	54.387
39.1625	-6.4875	54.357
39.1625	-6.4625	54.33
39.1625	-6.4375	54.274
39.1625	-6.4125	54.233
39.1625	-6.3875	54.195
39.1625	-6.3625	54.167
39.1625	-6.3375	54.133
39.1625	-6.3125	54.114
39.1625	-6.2875	54.085
39.1625	-6.2625	54.064
39.1625	-6.2375	54.033
39.1625	-6.2125	54.003
39.1625	-6.1875	53.969
39.1625	-6.1625	53.952
39.1625	-6.1375	53.936
39.1625	-6.1125	53.916
39.1625	-6.0875	53.886
39.1625	-6.0625	53.855
39.1625	-6.0375	53.831
39.1625	-6.0125	53.806
39.1625	-5.9875	53.783
39.1875	-10.0125	53.153
39.1875	-9.9875	53.191
39.1875	-9.9625	53.224
39.1875	-9.9375	53.256
39.1875	-9.9125	53.286
39.1875	-9.8875	53.318
39.1875	-9.8625	53.352
39.1875	-9.8375	53.386
39.1875	-9.8125	53.416
39.1875	-9.7875	53.443
39.1875	-9.7625	53.464
39.1875	-9.7375	53.483
39.1875	-9.7125	53.512
39.1875	-9.6875	53.528
39.1875	-9.6625	53.542
39.1875	-9.6375	53.557
39.1875	-9.6125	53.571
39.1875	-9.5875	53.589
39.1875	-9.5625	53.614
39.1875	-9.5375	53.643
39.1875	-9.5125	53.677
39.1875	-9.4875	53.715
39.1875	-9.4625	53.754
39.1875	-9.4375	53.79
39.1875	-9.4125	53.823
39.1875	-9.3875	53.856
39.1875	-9.3625	53.877
39.1875	-9.3375	53.91
39.1875	-9.3125	53.928
39.1875	-9.2875	53.938
39.1875	-9.2625	53.927
39.1875	-9.2375	53.927
39.1875	-9.2125	53.929
39.1875	-9.1875	53.937
39.1875	-9.1625	53.953
39.1875	-9.1375	53.978
39.1875	-9.1125	54.004
39.1875	-9.0875	54.042
39.1875	-9.0625	54.093
39.1875	-9.0375	54.109
39.1875	-9.0125	54.073
39.1875	-8.9875	54.053
39.1875	-8.9625	54.037
39.1875	-8.9375	54.025
39.1875	-8.9125	54.018
39.1875	-8.8875	53.99
39.1875	-8.8625	53.956
39.1875	-8.8375	53.908
39.1875	-8.8125	53.857
39.1875	-8.7875	53.823
39.1875	-8.7625	53.798
39.1875	-8.7375	53.798
39.1875	-8.7125	53.792
39.1875	-8.6875	53.793
39.1875	-8.6625	53.787
39.1875	-8.6375	53.788
39.1875	-8.6125	53.805
39.1875	-8.5875	53.851
39.1875	-8.5625	53.897
39.1875	-8.5375	53.962
39.1875	-8.5125	54.002
39.1875	-8.4875	54.034
39.1875	-8.4625	54.062
39.1875	-8.4375	54.092
39.1875	-8.4125	54.12
39.1875	-8.3875	54.15
39.1875	-8.3625	54.158
39.1875	-8.3375	54.159
39.1875	-8.3125	54.157
39.1875	-8.2875	54.168
39.1875	-8.2625	54.19
39.1875	-8.2375	54.201
39.1875	-8.2125	54.227
39.1875	-8.1875	54.255
39.1875	-8.1625	54.284
39.1875	-8.1375	54.293
39.1875	-8.1125	54.317
39.1875	-8.0875	54.337
39.1875	-8.0625	54.367
39.1875	-8.0375	54.435
39.1875	-8.0125	54.504
39.1875	-7.9875	54.542
39.1875	-7.9625	54.562
39.1875	-7.9375	54.589
39.1875	-7.9125	54.612
39.1875	-7.8875	54.64
39.1875	-7.8625	54.66
39.1875	-7.8375	54.691
39.1875	-7.8125	54.722
39.1875	-7.7875	54.738
39.1875	-7.7625	54.738
39.1875	-7.7375	54.723
39.1875	-7.7125	54.714
39.1875	-7.6875	54.733
39.1875	-7.6625	54.796
39.1875	-7.6375	54.866
39.1875	-7.6125	54.934
39.1875	-7.5875	55.006
39.1875	-7.5625	55.041
39.1875	-7.5375	55.063
39.1875	-7.5125	55.073
39.1875	-7.4875	55.079
39.1875	-7.4625	55.091
39.1875	-7.4375	55.07
39.1875	-7.4125	55.079
39.1875	-7.3875	55.08
39.1875	-7.3625	55.078
39.1875	-7.3375	55.087
39.1875	-7.3125	55.101
39.1875	-7.2875	55.095
39.1875	-7.2625	55.082
39.1875	-7.2375	55.061
39.1875	-7.2125	55.016
39.1875	-7.1875	54.969
39.1875	-7.1625	54.937
39.1875	-7.1375	54.909
39.1875	-7.1125	54.878
39.1875	-7.0875	54.856
39.1875	-7.0625	54.815
39.1875	-7.0375	54.8
39.1875	-7.0125	54.785
39.1875	-6.9875	54.766
39.1875	-6.9625	54.741
39.1875	-6.9375	54.71
39.1875	-6.9125	54.668
39.1875	-6.8875	54.618
39.1875	-6.8625	54.605
39.1875	-6.8375	54.605
39.1875	-6.8125	54.589
39.1875	-6.7875	54.595
39.1875	-6.7625	54.591
39.1875	-6.7375	54.594
39.1875	-6.7125	54.583
39.1875	-6.6875	54.571
39.1875	-6.6625	54.554
39.1875	-6.6375	54.545
39.1875	-6.6125	54.543
39.1875	-6.5875	54.519
39.1875	-6.5625	54.508
39.1875	-6.5375	54.483
39.1875	-6.5125	54.455
39.1875	-6.4875	54.427
39.1875	-6.4625	54.393
39.1875	-6.4375	54.339
39.1875	-6.4125	54.292
39.1875	-6.3875	54.253
39.1875	-6.3625	54.218
39.1875	-6.3375	54.192
39.1875	-6.3125	54.157
39.1875	-6.2875	54.116
39.1875	-6.2625	54.081
39.1875	-6.2375	54.052
39.1875	-6.2125	54.02
39.1875	-6.1875	53.997
39.1875	-6.1625	53.989
39.1875	-6.1375	53.98
39.1875	-6.1125	53.961
39.1875	-6.0875	53.932
39.1875	-6.0625	53.902
39.1875	-6.0375	53.879
39.1875	-6.0125	53.846
39.1875	-5.9875	53.826
39.2125	-10.0125	53.056
39.2125	-9.9875	53.093
39.2125	-9.9625	53.126
39.2125	-9.9375	53.156
39.2125	-9.9125	53.186
39.2125	-9.8875	53.22
39.2125	-9.8625	53.256
39.2125	-9.8375	53.292
39.2125	-9.8125	53.327
39.2125	-9.7875	53.36
39.2125	-9.7625	53.386
39.2125	-9.7375	53.412
39.2125	-9.7125	53.447
39.2125	-9.6875	53.468
39.2125	-9.6625	53.486
39.2125	-9.6375	53.502
39.2125	-9.6125	53.517
39.2125	-9.5875	53.536
39.2125	-9.5625	53.56
39.2125	-9.5375	53.599
39.2125	-9.5125	53.633
39.2125	-9.4875	53.671
39.2125	-9.4625	53.703
39.2125	-9.4375	53.742
39.2125	-9.4125	53.769
39.2125	-9.3875	53.806
39.2125	-9.3625	53.832
39.2125	-9.3375	53.872
39.2125	-9.3125	53.894
39.2125	-9.2875	53.905
39.2125	-9.2625	53.904
39.2125	-9.2375	53.916
39.2125	-9.2125	53.932
39.2125	-9.1875	53.949
39.2125	-9.1625	53.958
39.2125	-9.1375	53.976
39.2125	-9.1125	53.999
39.2125	-9.0875	54.031
39.2125	-9.0625	54.061
39.2125	-9.0375	54.093
39.2125	-9.0125	54.081
39.2125	-8.9875	54.055
39.2125	-8.9625	54.052
39.2125	-8.9375	54.035
39.2125	-8.9125	54.02
39.2125	-8.8875	53.985
39.2125	-8.8625	53.958
39.2125	-8.8375	53.926
39.2125	-8.8125	53.89
39.2125	-8.7875	53.862
39.2125	-8.7625	53.837
39.2125	-8.7375	53.823
39.2125	-8.7125	53.811
39.2125	-8.6875	53.795
39.2125	-8.6625	53.778
39.2125	-8.6375	53.763
39.2125	-8.6125	53.774
39.2125	-8.5875	53.819
39.2125	-8.5625	53.862
39.2125	-8.5375	53.92
39.2125	-8.5125	53.959
39.2125	-8.4875	53.978
39.2125	-8.4625	54
39.2125	-8.4375	54.038
39.2125	-8.4125	54.07
39.2125	-8.3875	54.109
39.2125	-8.3625	54.13
39.2125	-8.3375	54.141
39.2125	-8.3125	54.143
39.2125	-8.2875	54.157
39.2125	-8.2625	54.17
39.2125	-8.2375	54.178
39.2125	-8.2125	54.209
39.2125	-8.1875	54.229
39.2125	-8.1625	54.244
39.2125	-8.1375	54.262
39.2125	-8.1125	54.286
39.2125	-8.0875	54.298
39.2125	-8.0625	54.324
39.2125	-8.0375	54.37
39.2125	-8.0125	54.442
39.2125	-7.9875	54.479
39.2125	-7.9625	54.502
39.2125	-7.9375	54.542
39.2125	-7.9125	54.581
39.2125	-7.8875	54.62
39.2125	-7.8625	54.657
39.2125	-7.8375	54.702
39.2125	-7.8125	54.73
39.2125	-7.7875	54.762
39.2125	-7.7625	54.765
39.2125	-7.7375	54.743
39.2125	-7.7125	54.742
39.2125	-7.6875	54.761
39.2125	-7.6625	54.813
39.2125	-7.6375	54.882
39.2125	-7.6125	54.939
39.2125	-7.5875	54.987
39.2125	-7.5625	55.028
39.2125	-7.5375	55.047
39.2125	-7.5125	55.058
39.2125	-7.4875	55.065
39.2125	-7.4625	55.065
39.2125	-7.4375	55.053
39.2125	-7.4125	55.062
39.2125	-7.3875	55.077
39.2125	-7.3625	55.084
39.2125	-7.3375	55.099
39.2125	-7.3125	55.126
39.2125	-7.2875	55.14
39.2125	-7.2625	55.146
39.2125	-7.2375	55.122
39.2125	-7.2125	55.07
39.2125	-7.1875	55.017
39.2125	-7.1625	54.98
39.2125	-7.1375	54.948
39.2125	-7.1125	54.916
39.2125	-7.0875	54.879
39.2125	-7.0625	54.855
39.2125	-7.0375	54.838
39.2125	-7.0125	54.835
39.2125	-6.9875	54.823
39.2125	-6.9625	54.782
39.2125	-6.9375	54.724
39.2125	-6.9125	54.689
39.2125	-6.8875	54.645
39.2125	-6.8625	54.629
39.2125	-6.8375	54.617
39.2125	-6.8125	54.62
39.2125	-6.7875	54.62
39.2125	-6.7625	54.621
39.2125	-6.7375	54.619
39.2125	-6.7125	54.624
39.2125	-6.6875	54.607
39.2125	-6.6625	54.603
39.2125	-6.6375	54.581
39.2125	-6.6125	54.568
39.2125	-6.5875	54.555
39.2125	-6.5625	54.54
39.2125	-6.5375	54.525
39.2125	-6.5125	54.507
39.2125	-6.4875	54.484
39.2125	-6.4625	54.443
39.2125	-6.4375	54.387
39.2125	-6.4125	54.337
39.2125	-6.3875	54.293
39.2125	-6.3625	54.244
39.2125	-6.3375	54.2
39.2125	-6.3125	54.16
39.2125	-6.2875	54.122
39.2125	-6.2625	54.089
39.2125	-6.2375	54.066
39.2125	-6.2125	54.047
39.2125	-6.1875	54.029
39.2125	-6.1625	54.032
39.2125	-6.1375	54.03
39.2125	-6.1125	54.016
39.2125	-6.0875	53.985
39.2125	-6.0625	53.968
39.2125	-6.0375	53.954
39.2125	-6.0125	53.919
39.2125	-5.9875	53.87
39.2375	-10.0125	52.936
39.2375	-9.9875	52.976
39.2375	-9.9625	53.01
39.2375	-9.9375	53.039
39.2375	-9.9125	53.068
39.2375	-9.8875	53.102
39.2375	-9.8625	53.14
39.2375	-9.8375	53.18
39.2375	-9.8125	53.219
39.2375	-9.7875	53.256
39.2375	-9.7625	53.291
39.2375	-9.7375	53.335
39.2375	-9.7125	53.366
39.2375	-9.6875	53.393
39.2375	-9.6625	53.416
39.2375	-9.6375	53.435
39.2375	-9.6125	53.454
39.2375	-9.5875	53.475
39.2375	-9.5625	53.51
39.2375	-9.5375	53.539
39.2375	-9.5125	53.574
39.2375	-9.4875	53.612
39.2375	-9.4625	53.645
39.2375	-9.4375	53.687
39.2375	-9.4125	53.717
39.2375	-9.3875	53.738
39.2375	-9.3625	53.769
39.2375	-9.3375	53.803
39.2375	-9.3125	53.811
39.2375	-9.2875	53.838
39.2375	-9.2625	53.874
39.2375	-9.2375	53.897
39.2375	-9.2125	53.929
39.2375	-9.1875	53.947
39.2375	-9.1625	53.957
39.2375	-9.1375	53.974
39.2375	-9.1125	53.991
39.2375	-9.0875	54.011
39.2375	-9.0625	54.036
39.2375	-9.0375	54.051
39.2375	-9.0125	54.063
39.2375	-8.9875	54.054
39.2375	-8.9625	54.058
39.2375	-8.9375	54.039
39.2375	-8.9125	54.009
39.2375	-8.8875	53.98
39.2375	-8.8625	53.957
39.2375	-8.8375	53.928
39.2375	-8.8125	53.907
39.2375	-8.7875	53.893
39.2375	-8.7625	53.868
39.2375	-8.7375	53.844
39.2375	-8.7125	53.824
39.2375	-8.6875	53.799
39.2375	-8.6625	53.76
39.2375	-8.6375	53.749
39.2375	-8.6125	53.756
39.2375	-8.5875	53.798
39.2375	-8.5625	53.842
39.2375	-8.5375	53.887
39.2375	-8.5125	53.922
39.2375	-8.4875	53.934
39.2375	-8.4625	53.952
39.2375	-8.4375	53.991
39.2375	-8.4125	54.038
39.2375	-8.3875	54.089
39.2375	-8.3625	54.104
39.2375	-8.3375	54.131
39.2375	-8.3125	54.137
39.2375	-8.2875	54.156
39.2375	-8.2625	54.164
39.2375	-8.2375	54.185
39.2375	-8.2125	54.212
39.2375	-8.1875	54.23
39.2375	-8.1625	54.251
39.2375	-8.1375	54.257
39.2375	-8.1125	54.271
39.2375	-8.0875	54.292
39.2375	-8.0625	54.305
39.2375	-8.0375	54.336
39.2375	-8.0125	54.37
39.2375	-7.9875	54.415
39.2375	-7.9625	54.464
39.2375	-7.9375	54.505
39.2375	-7.9125	54.553
39.2375	-7.8875	54.598
39.2375	-7.8625	54.642
39.2375	-7.8375	54.693
39.2375	-7.8125	54.741
39.2375	-7.7875	54.763
39.2375	-7.7625	54.766
39.2375	-7.7375	54.762
39.2375	-7.7125	54.758
39.2375	-7.6875	54.78
39.2375	-7.6625	54.831
39.2375	-7.6375	54.883
39.2375	-7.6125	54.939
39.2375	-7.5875	54.985
39.2375	-7.5625	55.021
39.2375	-7.5375	55.046
39.2375	-7.5125	55.056
39.2375	-7.4875	55.057
39.2375	-7.4625	55.056
39.2375	-7.4375	55.058
39.2375	-7.4125	55.076
39.2375	-7.3875	55.1
39.2375	-7.3625	55.127
39.2375	-7.3375	55.149
39.2375	-7.3125	55.186
39.2375	-7.2875	55.202
39.2375	-7.2625	55.206
39.2375	-7.2375	55.172
39.2375	-7.2125	55.117
39.2375	-7.1875	55.067
39.2375	-7.1625	55.024
39.2375	-7.1375	54.98
39.2375	-7.1125	54.941
39.2375	-7.0875	54.916
39.2375	-7.0625	54.883
39.2375	-7.0375	54.863
39.2375	-7.0125	54.851
39.2375	-6.9875	54.839
39.2375	-6.9625	54.796
39.2375	-6.9375	54.744
39.2375	-6.9125	54.703
39.2375	-6.8875	54.668
39.2375	-6.8625	54.653
39.2375	-6.8375	54.649
39.2375	-6.8125	54.646
39.2375	-6.7875	54.646
39.2375	-6.7625	54.649
39.2375	-6.7375	54.655
39.2375	-6.7125	54.657
39.2375	-6.6875	54.651
39.2375	-6.6625	54.638
39.2375	-6.6375	54.615
39.2375	-6.6125	54.605
39.2375	-6.5875	54.584
39.2375	-6.5625	54.563
39.2375	-6.5375	54.546
39.2375	-6.5125	54.537
39.2375	-6.4875	54.51
39.2375	-6.4625	54.478
39.2375	-6.4375	54.428
39.2375	-6.4125	54.367
39.2375	-6.3875	54.306
39.2375	-6.3625	54.249
39.2375	-6.3375	54.199
39.2375	-6.3125	54.159
39.2375	-6.2875	54.127
39.2375	-6.2625	54.099
39.2375	-6.2375	54.079
39.2375	-6.2125	54.064
39.2375	-6.1875	54.056
39.2375	-6.1625	54.055
39.2375	-6.1375	54.053
39.2375	-6.1125	54.04
39.2375	-6.0875	54.021
39.2375	-6.0625	54.009
39.2375	-6.0375	53.984
39.2375	-6.0125	53.967
39.2375	-5.9875	53.935
39.2625	-10.0125	52.774
39.2625	-9.9875	52.823
39.2625	-9.9625	52.864
39.2625	-9.9375	52.894
39.2625	-9.9125	52.923
39.2625	-9.8875	52.958
39.2625	-9.8625	53
39.2625	-9.8375	53.044
39.2625	-9.8125	53.09
39.2625	-9.7875	53.136
39.2625	-9.7625	53.179
39.2625	-9.7375	53.231
39.2625	-9.7125	53.27
39.2625	-9.6875	53.304
39.2625	-9.6625	53.332
39.2625	-9.6375	53.356
39.2625	-9.6125	53.391
39.2625	-9.5875	53.417
39.2625	-9.5625	53.443
39.2625	-9.5375	53.475
39.2625	-9.5125	53.519
39.2625	-9.4875	53.557
39.2625	-9.4625	53.59
39.2625	-9.4375	53.623
39.2625	-9.4125	53.657
39.2625	-9.3875	53.681
39.2625	-9.3625	53.704
39.2625	-9.3375	53.716
39.2625	-9.3125	53.746
39.2625	-9.2875	53.782
39.2625	-9.2625	53.832
39.2625	-9.2375	53.882
39.2625	-9.2125	53.911
39.2625	-9.1875	53.928
39.2625	-9.1625	53.937
39.2625	-9.1375	53.949
39.2625	-9.1125	53.97
39.2625	-9.0875	53.994
39.2625	-9.0625	54.017
39.2625	-9.0375	54.032
39.2625	-9.0125	54.046
39.2625	-8.9875	54.049
39.2625	-8.9625	54.044
39.2625	-8.9375	54.03
39.2625	-8.9125	54.001
39.2625	-8.8875	53.966
39.2625	-8.8625	53.949
39.2625	-8.8375	53.941
39.2625	-8.8125	53.93
39.2625	-8.7875	53.915
39.2625	-8.7625	53.899
39.2625	-8.7375	53.869
39.2625	-8.7125	53.838
39.2625	-8.6875	53.806
39.2625	-8.6625	53.764
39.2625	-8.6375	53.747
39.2625	-8.6125	53.771
39.2625	-8.5875	53.8
39.2625	-8.5625	53.845
39.2625	-8.5375	53.889
39.2625	-8.5125	53.913
39.2625	-8.4875	53.921
39.2625	-8.4625	53.947
39.2625	-8.4375	53.979
39.2625	-8.4125	54.029
39.2625	-8.3875	54.071
39.2625	-8.3625	54.102
39.2625	-8.3375	54.119
39.2625	-8.3125	54.133
39.2625	-8.2875	54.16
39.2625	-8.2625	54.18
39.2625	-8.2375	54.202
39.2625	-8.2125	54.218
39.2625	-8.1875	54.25
39.2625	-8.1625	54.272
39.2625	-8.1375	54.279
39.2625	-8.1125	54.278
39.2625	-8.0875	54.291
39.2625	-8.0625	54.301
39.2625	-8.0375	54.318
39.2625	-8.0125	54.343
39.2625	-7.9875	54.375
39.2625	-7.9625	54.413
39.2625	-7.9375	54.467
39.2625	-7.9125	54.52
39.2625	-7.8875	54.576
39.2625	-7.8625	54.634
39.2625	-7.8375	54.681
39.2625	-7.8125	54.732
39.2625	-7.7875	54.765
39.2625	-7.7625	54.778
39.2625	-7.7375	54.774
39.2625	-7.7125	54.774
39.2625	-7.6875	54.803
39.2625	-7.6625	54.847
39.2625	-7.6375	54.897
39.2625	-7.6125	54.945
39.2625	-7.5875	54.984
39.2625	-7.5625	55.015
39.2625	-7.5375	55.049
39.2625	-7.5125	55.076
39.2625	-7.4875	55.073
39.2625	-7.4625	55.074
39.2625	-7.4375	55.082
39.2625	-7.4125	55.111
39.2625	-7.3875	55.15
39.2625	-7.3625	55.188
39.2625	-7.3375	55.222
39.2625	-7.3125	55.249
39.2625	-7.2875	55.251
39.2625	-7.2625	55.249
39.2625	-7.2375	55.212
39.2625	-7.2125	55.156
39.2625	-7.1875	55.107
39.2625	-7.1625	55.077
39.2625	-7.1375	55.011
39.2625	-7.1125	54.975
39.2625	-7.0875	54.946
39.2625	-7.0625	54.9
39.2625	-7.0375	54.875
39.2625	-7.0125	54.862
39.2625	-6.9875	54.84
39.2625	-6.9625	54.805
39.2625	-6.9375	54.762
39.2625	-6.9125	54.722
39.2625	-6.8875	54.7
39.2625	-6.8625	54.692
39.2625	-6.8375	54.681
39.2625	-6.8125	54.676
39.2625	-6.7875	54.671
39.2625	-6.7625	54.691
39.2625	-6.7375	54.698
39.2625	-6.7125	54.693
39.2625	-6.6875	54.684
39.2625	-6.6625	54.675
39.2625	-6.6375	54.655
39.2625	-6.6125	54.624
39.2625	-6.5875	54.6
39.2625	-6.5625	54.576
39.2625	-6.5375	54.554
39.2625	-6.5125	54.536
39.2625	-6.4875	54.523
39.2625	-6.4625	54.484
39.2625	-6.4375	54.431
39.2625	-6.4125	54.366
39.2625	-6.3875	54.301
39.2625	-6.3625	54.243
39.2625	-6.3375	54.196
39.2625	-6.3125	54.159
39.2625	-6.2875	54.134
39.2625	-6.2625	54.114
39.2625	-6.2375	54.098
39.2625	-6.2125	54.084
39.2625	-6.1875	54.073
39.2625	-6.1625	54.064
39.2625	-6.1375	54.061
39.2625	-6.1125	54.054
39.2625	-6.0875	54.044
39.2625	-6.0625	54.029
39.2625	-6.0375	54.015
39.2625	-6.0125	53.997
39.2625	-5.9875	53.973
39.2875	-10.0125	52.561
39.2875	-9.9875	52.628
39.2875	-9.9625	52.68
39.2875	-9.9375	52.712
39.2875	-9.9125	52.741
39.2875	-9.8875	52.78
39.2875	-9.8625	52.83
39.2875	-9.8375	52.883
39.2875	-9.8125	52.939
39.2875	-9.7875	52.994
39.2875	-9.7625	53.058
39.2875	-9.7375	53.11
39.2875	-9.7125	53.158
39.2875	-9.6875	53.198
39.2875	-9.6625	53.23
39.2875	-9.6375	53.272
39.2875	-9.6125	53.303
39.2875	-9.5875	53.335
39.2875	-9.5625	53.376
39.2875	-9.5375	53.411
39.2875	-9.5125	53.455
39.2875	-9.4875	53.496
39.2875	-9.4625	53.539
39.2875	-9.4375	53.573
39.2875	-9.4125	53.598
39.2875	-9.3875	53.624
39.2875	-9.3625	53.642
39.2875	-9.3375	53.674
39.2875	-9.3125	53.7
39.2875	-9.2875	53.735
39.2875	-9.2625	53.795
39.2875	-9.2375	53.845
39.2875	-9.2125	53.865
39.2875	-9.1875	53.88
39.2875	-9.1625	53.885
39.2875	-9.1375	53.907
39.2875	-9.1125	53.938
39.2875	-9.0875	53.964
39.2875	-9.0625	53.99
39.2875	-9.0375	54.014
39.2875	-9.0125	54.037
39.2875	-8.9875	54.057
39.2875	-8.9625	54.054
39.2875	-8.9375	54.025
39.2875	-8.9125	53.997
39.2875	-8.8875	53.966
39.2875	-8.8625	53.944
39.2875	-8.8375	53.948
39.2875	-8.8125	53.95
39.2875	-8.7875	53.947
39.2875	-8.7625	53.936
39.2875	-8.7375	53.907
39.2875	-8.7125	53.875
39.2875	-8.6875	53.837
39.2875	-8.6625	53.807
39.2875	-8.6375	53.795
39.2875	-8.6125	53.8
39.2875	-8.5875	53.835
39.2875	-8.5625	53.876
39.2875	-8.5375	53.916
39.2875	-8.5125	53.937
39.2875	-8.4875	53.967
39.2875	-8.4625	53.979
39.2875	-8.4375	54.012
39.2875	-8.4125	54.035
39.2875	-8.3875	54.07
39.2875	-8.3625	54.098
39.2875	-8.3375	54.126
39.2875	-8.3125	54.146
39.2875	-8.2875	54.172
39.2875	-8.2625	54.199
39.2875	-8.2375	54.223
39.2875	-8.2125	54.251
39.2875	-8.1875	54.28
39.2875	-8.1625	54.301
39.2875	-8.1375	54.31
39.2875	-8.1125	54.319
39.2875	-8.0875	54.316
39.2875	-8.0625	54.32
39.2875	-8.0375	54.334
39.2875	-8.0125	54.344
39.2875	-7.9875	54.364
39.2875	-7.9625	54.399
39.2875	-7.9375	54.442
39.2875	-7.9125	54.503
39.2875	-7.8875	54.556
39.2875	-7.8625	54.618
39.2875	-7.8375	54.678
39.2875	-7.8125	54.727
39.2875	-7.7875	54.768
39.2875	-7.7625	54.78
39.2875	-7.7375	54.789
39.2875	-7.7125	54.797
39.2875	-7.6875	54.812
39.2875	-7.6625	54.853
39.2875	-7.6375	54.91
39.2875	-7.6125	54.947
39.2875	-7.5875	54.993
39.2875	-7.5625	55.028
39.2875	-7.5375	55.075
39.2875	-7.5125	55.089
39.2875	-7.4875	55.107
39.2875	-7.4625	55.12
39.2875	-7.4375	55.129
39.2875	-7.4125	55.177
39.2875	-7.3875	55.223
39.2875	-7.3625	55.268
39.2875	-7.3375	55.285
39.2875	-7.3125	55.287
39.2875	-7.2875	55.274
39.2875	-7.2625	55.257
39.2875	-7.2375	55.231
39.2875	-7.2125	55.188
39.2875	-7.1875	55.135
39.2875	-7.1625	55.08
39.2875	-7.1375	55.036
39.2875	-7.1125	54.991
39.2875	-7.0875	54.956
39.2875	-7.0625	54.925
39.2875	-7.0375	54.902
39.2875	-7.0125	54.882
39.2875	-6.9875	54.864
39.2875	-6.9625	54.832
39.2875	-6.9375	54.797
39.2875	-6.9125	54.762
39.2875	-6.8875	54.734
39.2875	-6.8625	54.719
39.2875	-6.8375	54.711
39.2875	-6.8125	54.714
39.2875	-6.7875	54.721
39.2875	-6.7625	54.726
39.2875	-6.7375	54.735
39.2875	-6.7125	54.725
39.2875	-6.6875	54.717
39.2875	-6.6625	54.701
39.2875	-6.6375	54.682
39.2875	-6.6125	54.656
39.2875	-6.5875	54.621
39.2875	-6.5625	54.59
39.2875	-6.5375	54.562
39.2875	-6.5125	54.545
39.2875	-6.4875	54.512
39.2875	-6.4625	54.456
39.2875	-6.4375	54.401
39.2875	-6.4125	54.346
39.2875	-6.3875	54.29
39.2875	-6.3625	54.24
39.2875	-6.3375	54.198
39.2875	-6.3125	54.171
39.2875	-6.2875	54.148
39.2875	-6.2625	54.126
39.2875	-6.2375	54.108
39.2875	-6.2125	54.097
39.2875	-6.1875	54.085
39.2875	-6.1625	54.081
39.2875	-6.1375	54.077
39.2875	-6.1125	54.074
39.2875	-6.0875	54.067
39.2875	-6.0625	54.058
39.2875	-6.0375	54.046
39.2875	-6.0125	54.036
39.2875	-5.9875	54.02
39.3125	-10.0125	52.304
39.3125	-9.9875	52.384
39.3125	-9.9625	52.444
39.3125	-9.9375	52.48
39.3125	-9.9125	52.512
39.3125	-9.8875	52.558
39.3125	-9.8625	52.62
39.3125	-9.8375	52.687
39.3125	-9.8125	52.757
39.3125	-9.7875	52.829
39.3125	-9.7625	52.905
39.3125	-9.7375	52.966
39.3125	-9.7125	53.021
39.3125	-9.6875	53.066
39.3125	-9.6625	53.106
39.3125	-9.6375	53.155
39.3125	-9.6125	53.197
39.3125	-9.5875	53.251
39.3125	-9.5625	53.29
39.3125	-9.5375	53.338
39.3125	-9.5125	53.385
39.3125	-9.4875	53.428
39.3125	-9.4625	53.481
39.3125	-9.4375	53.515
39.3125	-9.4125	53.551
39.3125	-9.3875	53.579
39.3125	-9.3625	53.6
39.3125	-9.3375	53.637
39.3125	-9.3125	53.665
39.3125	-9.2875	53.711
39.3125	-9.2625	53.761
39.3125	-9.2375	53.792
39.3125	-9.2125	53.79
39.3125	-9.1875	53.797
39.3125	-9.1625	53.817
39.3125	-9.1375	53.856
39.3125	-9.1125	53.887
39.3125	-9.0875	53.924
39.3125	-9.0625	53.963
39.3125	-9.0375	53.998
39.3125	-9.0125	54.035
39.3125	-8.9875	54.067
39.3125	-8.9625	54.056
39.3125	-8.9375	54.04
39.3125	-8.9125	54.002
39.3125	-8.8875	53.977
39.3125	-8.8625	53.963
39.3125	-8.8375	53.963
39.3125	-8.8125	53.978
39.3125	-8.7875	54.004
39.3125	-8.7625	54.004
39.3125	-8.7375	53.98
39.3125	-8.7125	53.945
39.3125	-8.6875	53.91
39.3125	-8.6625	53.875
39.3125	-8.6375	53.857
39.3125	-8.6125	53.86
39.3125	-8.5875	53.888
39.3125	-8.5625	53.923
39.3125	-8.5375	53.961
39.3125	-8.5125	53.987
39.3125	-8.4875	54.013
39.3125	-8.4625	54.043
39.3125	-8.4375	54.052
39.3125	-8.4125	54.066
39.3125	-8.3875	54.096
39.3125	-8.3625	54.126
39.3125	-8.3375	54.148
39.3125	-8.3125	54.182
39.3125	-8.2875	54.2
39.3125	-8.2625	54.236
39.3125	-8.2375	54.263
39.3125	-8.2125	54.301
39.3125	-8.1875	54.328
39.3125	-8.1625	54.342
39.3125	-8.1375	54.353
39.3125	-8.1125	54.356
39.3125	-8.0875	54.358
39.3125	-8.0625	54.372
39.3125	-8.0375	54.371
39.3125	-8.0125	54.379
39.3125	-7.9875	54.404
39.3125	-7.9625	54.421
39.3125	-7.9375	54.461
39.3125	-7.9125	54.504
39.3125	-7.8875	54.562
39.3125	-7.8625	54.62
39.3125	-7.8375	54.674
39.3125	-7.8125	54.723
39.3125	-7.7875	54.755
39.3125	-7.7625	54.779
39.3125	-7.7375	54.782
39.3125	-7.7125	54.807
39.3125	-7.6875	54.83
39.3125	-7.6625	54.875
39.3125	-7.6375	54.919
39.3125	-7.6125	54.965
39.3125	-7.5875	55.009
39.3125	-7.5625	55.051
39.3125	-7.5375	55.083
39.3125	-7.5125	55.118
39.3125	-7.4875	55.146
39.3125	-7.4625	55.184
39.3125	-7.4375	55.209
39.3125	-7.4125	55.262
39.3125	-7.3875	55.301
39.3125	-7.3625	55.334
39.3125	-7.3375	55.328
39.3125	-7.3125	55.297
39.3125	-7.2875	55.278
39.3125	-7.2625	55.255
39.3125	-7.2375	55.227
39.3125	-7.2125	55.179
39.3125	-7.1875	55.141
39.3125	-7.1625	55.087
39.3125	-7.1375	55.053
39.3125	-7.1125	55.016
39.3125	-7.0875	54.99
39.3125	-7.0625	54.957
39.3125	-7.0375	54.933
39.3125	-7.0125	54.91
39.3125	-6.9875	54.886
39.3125	-6.9625	54.861
39.3125	-6.9375	54.829
39.3125	-6.9125	54.804
39.3125	-6.8875	54.78
39.3125	-6.8625	54.763
39.3125	-6.8375	54.751
39.3125	-6.8125	54.762
39.3125	-6.7875	54.765
39.3125	-6.7625	54.76
39.3125	-6.7375	54.765
39.3125	-6.7125	54.758
39.3125	-6.6875	54.754
39.3125	-6.6625	54.734
39.3125	-6.6375	54.71
39.3125	-6.6125	54.681
39.3125	-6.5875	54.64
39.3125	-6.5625	54.598
39.3125	-6.5375	54.555
39.3125	-6.5125	54.511
39.3125	-6.4875	54.466
39.3125	-6.4625	54.419
39.3125	-6.4375	54.37
39.3125	-6.4125	54.32
39.3125	-6.3875	54.274
39.3125	-6.3625	54.236
39.3125	-6.3375	54.207
39.3125	-6.3125	54.185
39.3125	-6.2875	54.158
39.3125	-6.2625	54.136
39.3125	-6.2375	54.116
39.3125	-6.2125	54.104
39.3125	-6.1875	54.095
39.3125	-6.1625	54.095
39.3125	-6.1375	54.095
39.3125	-6.1125	54.093
39.3125	-6.0875	54.087
39.3125	-6.0625	54.08
39.3125	-6.0375	54.074
39.3125	-6.0125	54.07
39.3125	-5.9875	54.055
39.3375	-10.0125	51.995
39.3375	-9.9875	52.076
39.3375	-9.9625	52.141
39.3375	-9.9375	52.18
39.3375	-9.9125	52.218
39.3375	-9.8875	52.284
39.3375	-9.8625	52.36
39.3375	-9.8375	52.444
39.3375	-9.8125	52.538
39.3375	-9.7875	52.632
39.3375	-9.7625	52.726
39.3375	-9.7375	52.798
39.3375	-9.7125	52.861
39.3375	-9.6875	52.908
39.3375	-9.6625	52.953
39.3375	-9.6375	53.013
39.3375	-9.6125	53.072
39.3375	-9.5875	53.145
39.3375	-9.5625	53.207
39.3375	-9.5375	53.262
39.3375	-9.5125	53.312
39.3375	-9.4875	53.364
39.3375	-9.4625	53.417
39.3375	-9.4375	53.461
39.3375	-9.4125	53.508
39.3375	-9.3875	53.537
39.3375	-9.3625	53.559
39.3375	-9.3375	53.594
39.3375	-9.3125	53.635
39.3375	-9.2875	53.677
39.3375	-9.2625	53.713
39.3375	-9.2375	53.73
39.3375	-9.2125	53.725
39.3375	-9.1875	53.724
39.3375	-9.1625	53.733
39.3375	-9.1375	53.755
39.3375	-9.1125	53.81
39.3375	-9.0875	53.884
39.3375	-9.0625	53.953
39.3375	-9.0375	54.012
39.3375	-9.0125	54.049
39.3375	-8.9875	54.076
39.3375	-8.9625	54.069
39.3375	-8.9375	54.062
39.3375	-8.9125	54.032
39.3375	-8.8875	54.008
39.3375	-8.8625	53.997
39.3375	-8.8375	54.001
39.3375	-8.8125	54.026
39.3375	-8.7875	54.055
39.3375	-8.7625	54.077
39.3375	-8.7375	54.059
39.3375	-8.7125	54.042
39.3375	-8.6875	53.999
39.3375	-8.6625	53.961
39.3375	-8.6375	53.932
39.3375	-8.6125	53.929
39.3375	-8.5875	53.942
39.3375	-8.5625	53.972
39.3375	-8.5375	54.015
39.3375	-8.5125	54.049
39.3375	-8.4875	54.07
39.3375	-8.4625	54.104
39.3375	-8.4375	54.128
39.3375	-8.4125	54.14
39.3375	-8.3875	54.158
39.3375	-8.3625	54.183
39.3375	-8.3375	54.206
39.3375	-8.3125	54.233
39.3375	-8.2875	54.265
39.3375	-8.2625	54.293
39.3375	-8.2375	54.318
39.3375	-8.2125	54.344
39.3375	-8.1875	54.382
39.3375	-8.1625	54.393
39.3375	-8.1375	54.414
39.3375	-8.1125	54.422
39.3375	-8.0875	54.43
39.3375	-8.0625	54.445
39.3375	-8.0375	54.454
39.3375	-8.0125	54.461
39.3375	-7.9875	54.474
39.3375	-7.9625	54.504
39.3375	-7.9375	54.531
39.3375	-7.9125	54.567
39.3375	-7.8875	54.6
39.3375	-7.8625	54.636
39.3375	-7.8375	54.675
39.3375	-7.8125	54.704
39.3375	-7.7875	54.735
39.3375	-7.7625	54.766
39.3375	-7.7375	54.786
39.3375	-7.7125	54.811
39.3375	-7.6875	54.859
39.3375	-7.6625	54.898
39.3375	-7.6375	54.94
39.3375	-7.6125	54.973
39.3375	-7.5875	55.006
39.3375	-7.5625	55.04
39.3375	-7.5375	55.081
39.3375	-7.5125	55.144
39.3375	-7.4875	55.184
39.3375	-7.4625	55.231
39.3375	-7.4375	55.283
39.3375	-7.4125	55.3
39.3375	-7.3875	55.316
39.3375	-7.3625	55.324
39.3375	-7.3375	55.326
39.3375	-7.3125	55.292
39.3375	-7.2875	55.262
39.3375	-7.2625	55.238
39.3375	-7.2375	55.201
39.3375	-7.2125	55.178
39.3375	-7.1875	55.15
39.3375	-7.1625	55.11
39.3375	-7.1375	55.091
39.3375	-7.1125	55.066
39.3375	-7.0875	55.029
39.3375	-7.0625	54.999
39.3375	-7.0375	54.97
39.3375	-7.0125	54.942
39.3375	-6.9875	54.919
39.3375	-6.9625	54.896
39.3375	-6.9375	54.875
39.3375	-6.9125	54.859
39.3375	-6.8875	54.843
39.3375	-6.8625	54.827
39.3375	-6.8375	54.807
39.3375	-6.8125	54.799
39.3375	-6.7875	54.788
39.3375	-6.7625	54.777
39.3375	-6.7375	54.774
39.3375	-6.7125	54.77
39.3375	-6.6875	54.772
39.3375	-6.6625	54.77
39.3375	-6.6375	54.732
39.3375	-6.6125	54.691
39.3375	-6.5875	54.655
39.3375	-6.5625	54.61
39.3375	-6.5375	54.541
39.3375	-6.5125	54.486
39.3375	-6.4875	54.435
39.3375	-6.4625	54.388
39.3375	-6.4375	54.342
39.3375	-6.4125	54.294
39.3375	-6.3875	54.253
39.3375	-6.3625	54.228
39.3375	-6.3375	54.209
39.3375	-6.3125	54.188
39.3375	-6.2875	54.164
39.3375	-6.2625	54.14
39.3375	-6.2375	54.124
39.3375	-6.2125	54.11
39.3375	-6.1875	54.107
39.3375	-6.1625	54.109
39.3375	-6.1375	54.111
39.3375	-6.1125	54.108
39.3375	-6.0875	54.101
39.3375	-6.0625	54.098
39.3375	-6.0375	54.094
39.3375	-6.0125	54.088
39.3375	-5.9875	54.079
39.3625	-10.0125	51.642
39.3625	-9.9875	51.717
39.3625	-9.9625	51.779
39.3625	-9.9375	51.827
39.3625	-9.9125	51.883
39.3625	-9.8875	51.96
39.3625	-9.8625	52.051
39.3625	-9.8375	52.158
39.3625	-9.8125	52.281
39.3625	-9.7875	52.406
39.3625	-9.7625	52.52
39.3625	-9.7375	52.606
39.3625	-9.7125	52.675
39.3625	-9.6875	52.721
39.3625	-9.6625	52.783
39.3625	-9.6375	52.847
39.3625	-9.6125	52.924
39.3625	-9.5875	53.022
39.3625	-9.5625	53.103
39.3625	-9.5375	53.169
39.3625	-9.5125	53.225
39.3625	-9.4875	53.288
39.3625	-9.4625	53.343
39.3625	-9.4375	53.398
39.3625	-9.4125	53.445
39.3625	-9.3875	53.484
39.3625	-9.3625	53.503
39.3625	-9.3375	53.537
39.3625	-9.3125	53.58
39.3625	-9.2875	53.617
39.3625	-9.2625	53.65
39.3625	-9.2375	53.668
39.3625	-9.2125	53.659
39.3625	-9.1875	53.65
39.3625	-9.1625	53.63
39.3625	-9.1375	53.668
39.3625	-9.1125	53.769
39.3625	-9.0875	53.879
39.3625	-9.0625	53.958
39.3625	-9.0375	54.023
39.3625	-9.0125	54.063
39.3625	-8.9875	54.083
39.3625	-8.9625	54.09
39.3625	-8.9375	54.072
39.3625	-8.9125	54.061
39.3625	-8.8875	54.036
39.3625	-8.8625	54.039
39.3625	-8.8375	54.052
39.3625	-8.8125	54.082
39.3625	-8.7875	54.112
39.3625	-8.7625	54.141
39.3625	-8.7375	54.144
39.3625	-8.7125	54.121
39.3625	-8.6875	54.081
39.3625	-8.6625	54.039
39.3625	-8.6375	54.005
39.3625	-8.6125	53.991
39.3625	-8.5875	54.003
39.3625	-8.5625	54.026
39.3625	-8.5375	54.063
39.3625	-8.5125	54.092
39.3625	-8.4875	54.129
39.3625	-8.4625	54.158
39.3625	-8.4375	54.187
39.3625	-8.4125	54.207
39.3625	-8.3875	54.24
39.3625	-8.3625	54.255
39.3625	-8.3375	54.283
39.3625	-8.3125	54.307
39.3625	-8.2875	54.329
39.3625	-8.2625	54.359
39.3625	-8.2375	54.394
39.3625	-8.2125	54.422
39.3625	-8.1875	54.452
39.3625	-8.1625	54.47
39.3625	-8.1375	54.485
39.3625	-8.1125	54.504
39.3625	-8.0875	54.527
39.3625	-8.0625	54.531
39.3625	-8.0375	54.552
39.3625	-8.0125	54.576
39.3625	-7.9875	54.585
39.3625	-7.9625	54.607
39.3625	-7.9375	54.641
39.3625	-7.9125	54.663
39.3625	-7.8875	54.672
39.3625	-7.8625	54.678
39.3625	-7.8375	54.695
39.3625	-7.8125	54.708
39.3625	-7.7875	54.745
39.3625	-7.7625	54.774
39.3625	-7.7375	54.812
39.3625	-7.7125	54.845
39.3625	-7.6875	54.889
39.3625	-7.6625	54.926
39.3625	-7.6375	54.944
39.3625	-7.6125	54.968
39.3625	-7.5875	54.999
39.3625	-7.5625	55.033
39.3625	-7.5375	55.091
39.3625	-7.5125	55.14
39.3625	-7.4875	55.19
39.3625	-7.4625	55.231
39.3625	-7.4375	55.257
39.3625	-7.4125	55.259
39.3625	-7.3875	55.243
39.3625	-7.3625	55.257
39.3625	-7.3375	55.255
39.3625	-7.3125	55.238
39.3625	-7.2875	55.201
39.3625	-7.2625	55.188
39.3625	-7.2375	55.169
39.3625	-7.2125	55.155
39.3625	-7.1875	55.147
39.3625	-7.1625	55.129
39.3625	-7.1375	55.11
39.3625	-7.1125	55.088
39.3625	-7.0875	55.066
39.3625	-7.0625	55.041
39.3625	-7.0375	55.02
39.3625	-7.0125	54.99
39.3625	-6.9875	54.967
39.3625	-6.9625	54.949
39.3625	-6.9375	54.933
39.3625	-6.9125	54.935
39.3625	-6.8875	54.918
39.3625	-6.8625	54.892
39.3625	-6.8375	54.857
39.3625	-6.8125	54.822
39.3625	-6.7875	54.799
39.3625	-6.7625	54.789
39.3625	-6.7375	54.777
39.3625	-6.7125	54.773
39.3625	-6.6875	54.774
39.3625	-6.6625	54.769
39.3625	-6.6375	54.748
39.3625	-6.6125	54.705
39.3625	-6.5875	54.649
39.3625	-6.5625	54.59
39.3625	-6.5375	54.515
39.3625	-6.5125	54.459
39.3625	-6.4875	54.41
39.3625	-6.4625	54.366
39.3625	-6.4375	54.32
39.3625	-6.4125	54.274
39.3625	-6.3875	54.234
39.3625	-6.3625	54.217
39.3625	-6.3375	54.206
39.3625	-6.3125	54.19
39.3625	-6.2875	54.169
39.3625	-6.2625	54.149
39.3625	-6.2375	54.134
39.3625	-6.2125	54.127
39.3625	-6.1875	54.128
39.3625	-6.1625	54.129
39.3625	-6.1375	54.127
39.3625	-6.1125	54.121
39.3625	-6.0875	54.112
39.3625	-6.0625	54.108
39.3625	-6.0375	54.106
39.3625	-6.0125	54.102
39.3625	-5.9875	54.094
39.3875	-10.0125	51.251
39.3875	-9.9875	51.321
39.3875	-9.9625	51.389
39.3875	-9.9375	51.457
39.3875	-9.9125	51.53
39.3875	-9.8875	51.611
39.3875	-9.8625	51.715
39.3875	-9.8375	51.842
39.3875	-9.8125	51.995
39.3875	-9.7875	52.146
39.3875	-9.7625	52.274
39.3875	-9.7375	52.369
39.3875	-9.7125	52.45
39.3875	-9.6875	52.503
39.3875	-9.6625	52.583
39.3875	-9.6375	52.668
39.3875	-9.6125	52.778
39.3875	-9.5875	52.889
39.3875	-9.5625	52.987
39.3875	-9.5375	53.066
39.3875	-9.5125	53.133
39.3875	-9.4875	53.202
39.3875	-9.4625	53.261
39.3875	-9.4375	53.318
39.3875	-9.4125	53.363
39.3875	-9.3875	53.4
39.3875	-9.3625	53.431
39.3875	-9.3375	53.472
39.3875	-9.3125	53.504
39.3875	-9.2875	53.545
39.3875	-9.2625	53.576
39.3875	-9.2375	53.586
39.3875	-9.2125	53.592
39.3875	-9.1875	53.597
39.3875	-9.1625	53.609
39.3875	-9.1375	53.676
39.3875	-9.1125	53.791
39.3875	-9.0875	53.898
39.3875	-9.0625	53.977
39.3875	-9.0375	54.035
39.3875	-9.0125	54.074
39.3875	-8.9875	54.097
39.3875	-8.9625	54.107
39.3875	-8.9375	54.114
39.3875	-8.9125	54.092
39.3875	-8.8875	54.082
39.3875	-8.8625	54.082
39.3875	-8.8375	54.116
39.3875	-8.8125	54.15
39.3875	-8.7875	54.184
39.3875	-8.7625	54.217
39.3875	-8.7375	54.218
39.3875	-8.7125	54.2
39.3875	-8.6875	54.164
39.3875	-8.6625	54.117
39.3875	-8.6375	54.077
39.3875	-8.6125	54.059
39.3875	-8.5875	54.067
39.3875	-8.5625	54.081
39.3875	-8.5375	54.104
39.3875	-8.5125	54.126
39.3875	-8.4875	54.156
39.3875	-8.4625	54.186
39.3875	-8.4375	54.219
39.3875	-8.4125	54.26
39.3875	-8.3875	54.303
39.3875	-8.3625	54.333
39.3875	-8.3375	54.35
39.3875	-8.3125	54.378
39.3875	-8.2875	54.414
39.3875	-8.2625	54.434
39.3875	-8.2375	54.46
39.3875	-8.2125	54.49
39.3875	-8.1875	54.515
39.3875	-8.1625	54.546
39.3875	-8.1375	54.571
39.3875	-8.1125	54.588
39.3875	-8.0875	54.606
39.3875	-8.0625	54.621
39.3875	-8.0375	54.643
39.3875	-8.0125	54.673
39.3875	-7.9875	54.697
39.3875	-7.9625	54.728
39.3875	-7.9375	54.747
39.3875	-7.9125	54.765
39.3875	-7.8875	54.77
39.3875	-7.8625	54.765
39.3875	-7.8375	54.753
39.3875	-7.8125	54.763
39.3875	-7.7875	54.793
39.3875	-7.7625	54.824
39.3875	-7.7375	54.859
39.3875	-7.7125	54.9
39.3875	-7.6875	54.924
39.3875	-7.6625	54.948
39.3875	-7.6375	54.95
39.3875	-7.6125	54.952
39.3875	-7.5875	54.974
39.3875	-7.5625	55.007
39.3875	-7.5375	55.06
39.3875	-7.5125	55.119
39.3875	-7.4875	55.174
39.3875	-7.4625	55.205
39.3875	-7.4375	55.197
39.3875	-7.4125	55.15
39.3875	-7.3875	55.103
39.3875	-7.3625	55.107
39.3875	-7.3375	55.119
39.3875	-7.3125	55.129
39.3875	-7.2875	55.126
39.3875	-7.2625	55.124
39.3875	-7.2375	55.124
39.3875	-7.2125	55.123
39.3875	-7.1875	55.129
39.3875	-7.1625	55.125
39.3875	-7.1375	55.118
39.3875	-7.1125	55.108
39.3875	-7.0875	55.111
39.3875	-7.0625	55.096
39.3875	-7.0375	55.067
39.3875	-7.0125	55.039
39.3875	-6.9875	55.013
39.3875	-6.9625	54.997
39.3875	-6.9375	54.975
39.3875	-6.9125	54.951
39.3875	-6.8875	54.939
39.3875	-6.8625	54.913
39.3875	-6.8375	54.874
39.3875	-6.8125	54.833
39.3875	-6.7875	54.801
39.3875	-6.7625	54.777
39.3875	-6.7375	54.765
39.3875	-6.7125	54.765
39.3875	-6.6875	54.748
39.3875	-6.6625	54.725
39.3875	-6.6375	54.704
39.3875	-6.6125	54.658
39.3875	-6.5875	54.615
39.3875	-6.5625	54.551
39.3875	-6.5375	54.476
39.3875	-6.5125	54.42
39.3875	-6.4875	54.372
39.3875	-6.4625	54.333
39.3875	-6.4375	54.297
39.3875	-6.4125	54.257
39.3875	-6.3875	54.228
39.3875	-6.3625	54.219
39.3875	-6.3375	54.214
39.3875	-6.3125	54.2
39.3875	-6.2875	54.181
39.3875	-6.2625	54.162
39.3875	-6.2375	54.154
39.3875	-6.2125	54.15
39.3875	-6.1875	54.151
39.3875	-6.1625	54.151
39.3875	-6.1375	54.146
39.3875	-6.1125	54.132
39.3875	-6.0875	54.118
39.3875	-6.0625	54.117
39.3875	-6.0375	54.12
39.3875	-6.0125	54.114
39.3875	-5.9875	54.099
39.4125	-10.0125	50.868
39.4125	-9.9875	50.932
39.4125	-9.9625	51.003
39.4125	-9.9375	51.079
39.4125	-9.9125	51.161
39.4125	-9.8875	51.255
39.4125	-9.8625	51.372
39.4125	-9.8375	51.515
39.4125	-9.8125	51.678
39.4125	-9.7875	51.829
39.4125	-9.7625	51.952
39.4125	-9.7375	52.054
39.4125	-9.7125	52.163
39.4125	-9.6875	52.261
39.4125	-9.6625	52.371
39.4125	-9.6375	52.507
39.4125	-9.6125	52.641
39.4125	-9.5875	52.765
39.4125	-9.5625	52.869
39.4125	-9.5375	52.96
39.4125	-9.5125	53.043
39.4125	-9.4875	53.106
39.4125	-9.4625	53.168
39.4125	-9.4375	53.214
39.4125	-9.4125	53.262
39.4125	-9.3875	53.312
39.4125	-9.3625	53.344
39.4125	-9.3375	53.385
39.4125	-9.3125	53.416
39.4125	-9.2875	53.453
39.4125	-9.2625	53.477
39.4125	-9.2375	53.5
39.4125	-9.2125	53.517
39.4125	-9.1875	53.556
39.4125	-9.1625	53.621
39.4125	-9.1375	53.71
39.4125	-9.1125	53.827
39.4125	-9.0875	53.912
39.4125	-9.0625	53.987
39.4125	-9.0375	54.041
39.4125	-9.0125	54.077
39.4125	-8.9875	54.108
39.4125	-8.9625	54.145
39.4125	-8.9375	54.174
39.4125	-8.9125	54.151
39.4125	-8.8875	54.146
39.4125	-8.8625	54.148
39.4125	-8.8375	54.179
39.4125	-8.8125	54.224
39.4125	-8.7875	54.263
39.4125	-8.7625	54.3
39.4125	-8.7375	54.296
39.4125	-8.7125	54.278
39.4125	-8.6875	54.246
39.4125	-8.6625	54.193
39.4125	-8.6375	54.166
39.4125	-8.6125	54.148
39.4125	-8.5875	54.144
39.4125	-8.5625	54.15
39.4125	-8.5375	54.16
39.4125	-8.5125	54.163
39.4125	-8.4875	54.176
39.4125	-8.4625	54.196
39.4125	-8.4375	54.228
39.4125	-8.4125	54.287
39.4125	-8.3875	54.346
39.4125	-8.3625	54.375
39.4125	-8.3375	54.401
39.4125	-8.3125	54.434
39.4125	-8.2875	54.475
39.4125	-8.2625	54.495
39.4125	-8.2375	54.529
39.4125	-8.2125	54.556
39.4125	-8.1875	54.567
39.4125	-8.1625	54.606
39.4125	-8.1375	54.631
39.4125	-8.1125	54.654
39.4125	-8.0875	54.674
39.4125	-8.0625	54.697
39.4125	-8.0375	54.719
39.4125	-8.0125	54.756
39.4125	-7.9875	54.785
39.4125	-7.9625	54.82
39.4125	-7.9375	54.855
39.4125	-7.9125	54.871
39.4125	-7.8875	54.872
39.4125	-7.8625	54.851
39.4125	-7.8375	54.836
39.4125	-7.8125	54.84
39.4125	-7.7875	54.853
39.4125	-7.7625	54.895
39.4125	-7.7375	54.926
39.4125	-7.7125	54.954
39.4125	-7.6875	54.953
39.4125	-7.6625	54.952
39.4125	-7.6375	54.944
39.4125	-7.6125	54.932
39.4125	-7.5875	54.931
39.4125	-7.5625	54.955
39.4125	-7.5375	55.008
39.4125	-7.5125	55.073
39.4125	-7.4875	55.129
39.4125	-7.4625	55.15
39.4125	-7.4375	55.116
39.4125	-7.4125	55.055
39.4125	-7.3875	55.004
39.4125	-7.3625	54.993
39.4125	-7.3375	55.015
39.4125	-7.3125	55.034
39.4125	-7.2875	55.06
39.4125	-7.2625	55.073
39.4125	-7.2375	55.091
39.4125	-7.2125	55.102
39.4125	-7.1875	55.108
39.4125	-7.1625	55.12
39.4125	-7.1375	55.125
39.4125	-7.1125	55.125
39.4125	-7.0875	55.128
39.4125	-7.0625	55.118
39.4125	-7.0375	55.1
39.4125	-7.0125	55.065
39.4125	-6.9875	55.037
39.4125	-6.9625	55.01
39.4125	-6.9375	54.974
39.4125	-6.9125	54.946
39.4125	-6.8875	54.926
39.4125	-6.8625	54.894
39.4125	-6.8375	54.858
39.4125	-6.8125	54.818
39.4125	-6.7875	54.778
39.4125	-6.7625	54.754
39.4125	-6.7375	54.743
39.4125	-6.7125	54.729
39.4125	-6.6875	54.688
39.4125	-6.6625	54.647
39.4125	-6.6375	54.623
39.4125	-6.6125	54.593
39.4125	-6.5875	54.56
39.4125	-6.5625	54.5
39.4125	-6.5375	54.427
39.4125	-6.5125	54.371
39.4125	-6.4875	54.334
39.4125	-6.4625	54.304
39.4125	-6.4375	54.277
39.4125	-6.4125	54.253
39.4125	-6.3875	54.239
39.4125	-6.3625	54.239
39.4125	-6.3375	54.236
39.4125	-6.3125	54.219
39.4125	-6.2875	54.205
39.4125	-6.2625	54.183
39.4125	-6.2375	54.174
39.4125	-6.2125	54.17
39.4125	-6.1875	54.172
39.4125	-6.1625	54.169
39.4125	-6.1375	54.157
39.4125	-6.1125	54.14
39.4125	-6.0875	54.125
39.4125	-6.0625	54.128
39.4125	-6.0375	54.125
39.4125	-6.0125	54.118
39.4125	-5.9875	54.107
39.4375	-10.0125	50.524
39.4375	-9.9875	50.585
39.4375	-9.9625	50.658
39.4375	-9.9375	50.739
39.4375	-9.9125	50.829
39.4375	-9.8875	50.931
39.4375	-9.8625	51.051
39.4375	-9.8375	51.193
39.4375	-9.8125	51.349
39.4375	-9.7875	51.496
39.4375	-9.7625	51.628
39.4375	-9.7375	51.748
39.4375	-9.7125	51.88
39.4375	-9.6875	52.022
39.4375	-9.6625	52.179
39.4375	-9.6375	52.357
39.4375	-9.6125	52.509
39.4375	-9.5875	52.64
39.4375	-9.5625	52.743
39.4375	-9.5375	52.841
39.4375	-9.5125	52.924
39.4375	-9.4875	52.998
39.4375	-9.4625	53.057
39.4375	-9.4375	53.112
39.4375	-9.4125	53.166
39.4375	-9.3875	53.22
39.4375	-9.3625	53.261
39.4375	-9.3375	53.293
39.4375	-9.3125	53.333
39.4375	-9.2875	53.36
39.4375	-9.2625	53.386
39.4375	-9.2375	53.418
39.4375	-9.2125	53.461
39.4375	-9.1875	53.527
39.4375	-9.1625	53.598
39.4375	-9.1375	53.695
39.4375	-9.1125	53.802
39.4375	-9.0875	53.901
39.4375	-9.0625	53.981
39.4375	-9.0375	54.027
39.4375	-9.0125	54.068
39.4375	-8.9875	54.124
39.4375	-8.9625	54.162
39.4375	-8.9375	54.203
39.4375	-8.9125	54.231
39.4375	-8.8875	54.226
39.4375	-8.8625	54.222
39.4375	-8.8375	54.261
39.4375	-8.8125	54.306
39.4375	-8.7875	54.338
39.4375	-8.7625	54.37
39.4375	-8.7375	54.373
39.4375	-8.7125	54.355
39.4375	-8.6875	54.323
39.4375	-8.6625	54.284
39.4375	-8.6375	54.249
39.4375	-8.6125	54.229
39.4375	-8.5875	54.23
39.4375	-8.5625	54.233
39.4375	-8.5375	54.223
39.4375	-8.5125	54.223
39.4375	-8.4875	54.208
39.4375	-8.4625	54.211
39.4375	-8.4375	54.246
39.4375	-8.4125	54.283
39.4375	-8.3875	54.346
39.4375	-8.3625	54.395
39.4375	-8.3375	54.434
39.4375	-8.3125	54.471
39.4375	-8.2875	54.512
39.4375	-8.2625	54.538
39.4375	-8.2375	54.559
39.4375	-8.2125	54.579
39.4375	-8.1875	54.603
39.4375	-8.1625	54.626
39.4375	-8.1375	54.664
39.4375	-8.1125	54.696
39.4375	-8.0875	54.72
39.4375	-8.0625	54.746
39.4375	-8.0375	54.776
39.4375	-8.0125	54.814
39.4375	-7.9875	54.857
39.4375	-7.9625	54.905
39.4375	-7.9375	54.934
39.4375	-7.9125	54.954
39.4375	-7.8875	54.953
39.4375	-7.8625	54.928
39.4375	-7.8375	54.909
39.4375	-7.8125	54.91
39.4375	-7.7875	54.922
39.4375	-7.7625	54.941
39.4375	-7.7375	54.973
39.4375	-7.7125	54.973
39.4375	-7.6875	54.979
39.4375	-7.6625	54.962
39.4375	-7.6375	54.951
39.4375	-7.6125	54.918
39.4375	-7.5875	54.905
39.4375	-7.5625	54.926
39.4375	-7.5375	54.963
39.4375	-7.5125	55.021
39.4375	-7.4875	55.056
39.4375	-7.4625	55.067
39.4375	-7.4375	55.035
39.4375	-7.4125	54.989
39.4375	-7.3875	54.939
39.4375	-7.3625	54.927
39.4375	-7.3375	54.95
39.4375	-7.3125	54.966
39.4375	-7.2875	55.002
39.4375	-7.2625	55.032
39.4375	-7.2375	55.067
39.4375	-7.2125	55.082
39.4375	-7.1875	55.103
39.4375	-7.1625	55.117
39.4375	-7.1375	55.12
39.4375	-7.1125	55.13
39.4375	-7.0875	55.127
39.4375	-7.0625	55.113
39.4375	-7.0375	55.076
39.4375	-7.0125	55.033
39.4375	-6.9875	55.01
39.4375	-6.9625	54.985
39.4375	-6.9375	54.96
39.4375	-6.9125	54.93
39.4375	-6.8875	54.899
39.4375	-6.8625	54.861
39.4375	-6.8375	54.842
39.4375	-6.8125	54.796
39.4375	-6.7875	54.761
39.4375	-6.7625	54.72
39.4375	-6.7375	54.69
39.4375	-6.7125	54.656
39.4375	-6.6875	54.604
39.4375	-6.6625	54.56
39.4375	-6.6375	54.528
39.4375	-6.6125	54.493
39.4375	-6.5875	54.464
39.4375	-6.5625	54.424
39.4375	-6.5375	54.374
39.4375	-6.5125	54.334
39.4375	-6.4875	54.307
39.4375	-6.4625	54.283
39.4375	-6.4375	54.263
39.4375	-6.4125	54.247
39.4375	-6.3875	54.241
39.4375	-6.3625	54.236
39.4375	-6.3375	54.233
39.4375	-6.3125	54.226
39.4375	-6.2875	54.213
39.4375	-6.2625	54.198
39.4375	-6.2375	54.187
39.4375	-6.2125	54.177
39.4375	-6.1875	54.17
39.4375	-6.1625	54.165
39.4375	-6.1375	54.156
39.4375	-6.1125	54.139
39.4375	-6.0875	54.13
39.4375	-6.0625	54.127
39.4375	-6.0375	54.13
39.4375	-6.0125	54.129
39.4375	-5.9875	54.12
39.4625	-10.0125	50.224
39.4625	-9.9875	50.288
39.4625	-9.9625	50.364
39.4625	-9.9375	50.45
39.4625	-9.9125	50.548
39.4625	-9.8875	50.655
39.4625	-9.8625	50.775
39.4625	-9.8375	50.916
39.4625	-9.8125	51.071
39.4625	-9.7875	51.21
39.4625	-9.7625	51.336
39.4625	-9.7375	51.482
39.4625	-9.7125	51.635
39.4625	-9.6875	51.799
39.4625	-9.6625	51.973
39.4625	-9.6375	52.147
39.4625	-9.6125	52.321
39.4625	-9.5875	52.456
39.4625	-9.5625	52.596
39.4625	-9.5375	52.704
39.4625	-9.5125	52.794
39.4625	-9.4875	52.865
39.4625	-9.4625	52.949
39.4625	-9.4375	53.02
39.4625	-9.4125	53.081
39.4625	-9.3875	53.129
39.4625	-9.3625	53.174
39.4625	-9.3375	53.216
39.4625	-9.3125	53.257
39.4625	-9.2875	53.286
39.4625	-9.2625	53.322
39.4625	-9.2375	53.359
39.4625	-9.2125	53.406
39.4625	-9.1875	53.479
39.4625	-9.1625	53.553
39.4625	-9.1375	53.649
39.4625	-9.1125	53.758
39.4625	-9.0875	53.86
39.4625	-9.0625	53.95
39.4625	-9.0375	54.013
39.4625	-9.0125	54.062
39.4625	-8.9875	54.117
39.4625	-8.9625	54.17
39.4625	-8.9375	54.219
39.4625	-8.9125	54.267
39.4625	-8.8875	54.289
39.4625	-8.8625	54.305
39.4625	-8.8375	54.333
39.4625	-8.8125	54.379
39.4625	-8.7875	54.414
39.4625	-8.7625	54.431
39.4625	-8.7375	54.438
39.4625	-8.7125	54.43
39.4625	-8.6875	54.394
39.4625	-8.6625	54.367
39.4625	-8.6375	54.354
39.4625	-8.6125	54.335
39.4625	-8.5875	54.322
39.4625	-8.5625	54.32
39.4625	-8.5375	54.312
39.4625	-8.5125	54.296
39.4625	-8.4875	54.279
39.4625	-8.4625	54.277
39.4625	-8.4375	54.291
39.4625	-8.4125	54.328
39.4625	-8.3875	54.373
39.4625	-8.3625	54.42
39.4625	-8.3375	54.464
39.4625	-8.3125	54.495
39.4625	-8.2875	54.531
39.4625	-8.2625	54.55
39.4625	-8.2375	54.582
39.4625	-8.2125	54.606
39.4625	-8.1875	54.62
39.4625	-8.1625	54.655
39.4625	-8.1375	54.682
39.4625	-8.1125	54.721
39.4625	-8.0875	54.75
39.4625	-8.0625	54.771
39.4625	-8.0375	54.801
39.4625	-8.0125	54.846
39.4625	-7.9875	54.904
39.4625	-7.9625	54.955
39.4625	-7.9375	54.997
39.4625	-7.9125	55.002
39.4625	-7.8875	55.002
39.4625	-7.8625	54.981
39.4625	-7.8375	54.964
39.4625	-7.8125	54.971
39.4625	-7.7875	54.977
39.4625	-7.7625	54.984
39.4625	-7.7375	54.993
39.4625	-7.7125	55.003
39.4625	-7.6875	54.993
39.4625	-7.6625	54.974
39.4625	-7.6375	54.948
39.4625	-7.6125	54.931
39.4625	-7.5875	54.917
39.4625	-7.5625	54.922
39.4625	-7.5375	54.946
39.4625	-7.5125	54.988
39.4625	-7.4875	55.011
39.4625	-7.4625	55.003
39.4625	-7.4375	54.979
39.4625	-7.4125	54.936
39.4625	-7.3875	54.907
39.4625	-7.3625	54.902
39.4625	-7.3375	54.92
39.4625	-7.3125	54.942
39.4625	-7.2875	54.983
39.4625	-7.2625	55.028
39.4625	-7.2375	55.052
39.4625	-7.2125	55.078
39.4625	-7.1875	55.089
39.4625	-7.1625	55.12
39.4625	-7.1375	55.116
39.4625	-7.1125	55.115
39.4625	-7.0875	55.095
39.4625	-7.0625	55.078
39.4625	-7.0375	55.042
39.4625	-7.0125	55.011
39.4625	-6.9875	54.982
39.4625	-6.9625	54.949
39.4625	-6.9375	54.933
39.4625	-6.9125	54.906
39.4625	-6.8875	54.873
39.4625	-6.8625	54.843
39.4625	-6.8375	54.801
39.4625	-6.8125	54.785
39.4625	-6.7875	54.737
39.4625	-6.7625	54.686
39.4625	-6.7375	54.637
39.4625	-6.7125	54.585
39.4625	-6.6875	54.528
39.4625	-6.6625	54.475
39.4625	-6.6375	54.415
39.4625	-6.6125	54.367
39.4625	-6.5875	54.331
39.4625	-6.5625	54.321
39.4625	-6.5375	54.316
39.4625	-6.5125	54.305
39.4625	-6.4875	54.288
39.4625	-6.4625	54.268
39.4625	-6.4375	54.252
39.4625	-6.4125	54.241
39.4625	-6.3875	54.238
39.4625	-6.3625	54.229
39.4625	-6.3375	54.228
39.4625	-6.3125	54.214
39.4625	-6.2875	54.213
39.4625	-6.2625	54.202
39.4625	-6.2375	54.186
39.4625	-6.2125	54.169
39.4625	-6.1875	54.152
39.4625	-6.1625	54.137
39.4625	-6.1375	54.129
39.4625	-6.1125	54.127
39.4625	-6.0875	54.13
39.4625	-6.0625	54.141
39.4625	-6.0375	54.144
39.4625	-6.0125	54.143
39.4625	-5.9875	54.129
39.4875	-10.0125	49.973
39.4875	-9.9875	50.043
39.4875	-9.9625	50.124
39.4875	-9.9375	50.217
39.4875	-9.9125	50.32
39.4875	-9.8875	50.431
39.4875	-9.8625	50.547
39.4875	-9.8375	50.682
39.4875	-9.8125	50.827
39.4875	-9.7875	50.963
39.4875	-9.7625	51.103
39.4875	-9.7375	51.27
39.4875	-9.7125	51.443
39.4875	-9.6875	51.613
39.4875	-9.6625	51.778
39.4875	-9.6375	51.943
39.4875	-9.6125	52.105
39.4875	-9.5875	52.256
39.4875	-9.5625	52.404
39.4875	-9.5375	52.553
39.4875	-9.5125	52.637
39.4875	-9.4875	52.718
39.4875	-9.4625	52.823
39.4875	-9.4375	52.907
39.4875	-9.4125	52.984
39.4875	-9.3875	53.048
39.4875	-9.3625	53.094
39.4875	-9.3375	53.136
39.4875	-9.3125	53.178
39.4875	-9.2875	53.219
39.4875	-9.2625	53.26
39.4875	-9.2375	53.313
39.4875	-9.2125	53.366
39.4875	-9.1875	53.437
39.4875	-9.1625	53.516
39.4875	-9.1375	53.596
39.4875	-9.1125	53.687
39.4875	-9.0875	53.786
39.4875	-9.0625	53.884
39.4875	-9.0375	53.97
39.4875	-9.0125	54.023
39.4875	-8.9875	54.085
39.4875	-8.9625	54.147
39.4875	-8.9375	54.202
39.4875	-8.9125	54.258
39.4875	-8.8875	54.306
39.4875	-8.8625	54.346
39.4875	-8.8375	54.401
39.4875	-8.8125	54.439
39.4875	-8.7875	54.46
39.4875	-8.7625	54.479
39.4875	-8.7375	54.509
39.4875	-8.7125	54.512
39.4875	-8.6875	54.498
39.4875	-8.6625	54.492
39.4875	-8.6375	54.472
39.4875	-8.6125	54.454
39.4875	-8.5875	54.424
39.4875	-8.5625	54.399
39.4875	-8.5375	54.382
39.4875	-8.5125	54.373
39.4875	-8.4875	54.371
39.4875	-8.4625	54.37
39.4875	-8.4375	54.387
39.4875	-8.4125	54.415
39.4875	-8.3875	54.454
39.4875	-8.3625	54.492
39.4875	-8.3375	54.532
39.4875	-8.3125	54.558
39.4875	-8.2875	54.582
39.4875	-8.2625	54.595
39.4875	-8.2375	54.62
39.4875	-8.2125	54.638
39.4875	-8.1875	54.656
39.4875	-8.1625	54.677
39.4875	-8.1375	54.708
39.4875	-8.1125	54.752
39.4875	-8.0875	54.783
39.4875	-8.0625	54.809
39.4875	-8.0375	54.84
39.4875	-8.0125	54.88
39.4875	-7.9875	54.939
39.4875	-7.9625	54.991
39.4875	-7.9375	55.019
39.4875	-7.9125	55.049
39.4875	-7.8875	55.044
39.4875	-7.8625	55.032
39.4875	-7.8375	55.026
39.4875	-7.8125	55.028
39.4875	-7.7875	55.025
39.4875	-7.7625	55.027
39.4875	-7.7375	55.024
39.4875	-7.7125	55.009
39.4875	-7.6875	54.989
39.4875	-7.6625	54.978
39.4875	-7.6375	54.968
39.4875	-7.6125	54.95
39.4875	-7.5875	54.949
39.4875	-7.5625	54.95
39.4875	-7.5375	54.946
39.4875	-7.5125	54.965
39.4875	-7.4875	54.968
39.4875	-7.4625	54.96
39.4875	-7.4375	54.943
39.4875	-7.4125	54.917
39.4875	-7.3875	54.902
39.4875	-7.3625	54.905
39.4875	-7.3375	54.92
39.4875	-7.3125	54.954
39.4875	-7.2875	54.986
39.4875	-7.2625	55.015
39.4875	-7.2375	55.048
39.4875	-7.2125	55.067
39.4875	-7.1875	55.084
39.4875	-7.1625	55.084
39.4875	-7.1375	55.079
39.4875	-7.1125	55.067
39.4875	-7.0875	55.059
39.4875	-7.0625	55.047
39.4875	-7.0375	55.015
39.4875	-7.0125	54.991
39.4875	-6.9875	54.945
39.4875	-6.9625	54.92
39.4875	-6.9375	54.899
39.4875	-6.9125	54.879
39.4875	-6.8875	54.849
39.4875	-6.8625	54.819
39.4875	-6.8375	54.792
39.4875	-6.8125	54.759
39.4875	-6.7875	54.722
39.4875	-6.7625	54.672
39.4875	-6.7375	54.613
39.4875	-6.7125	54.539
39.4875	-6.6875	54.464
39.4875	-6.6625	54.404
39.4875	-6.6375	54.346
39.4875	-6.6125	54.295
39.4875	-6.5875	54.262
39.4875	-6.5625	54.27
39.4875	-6.5375	54.289
39.4875	-6.5125	54.287
39.4875	-6.4875	54.272
39.4875	-6.4625	54.256
39.4875	-6.4375	54.244
39.4875	-6.4125	54.241
39.4875	-6.3875	54.236
39.4875	-6.3625	54.224
39.4875	-6.3375	54.21
39.4875	-6.3125	54.203
39.4875	-6.2875	54.205
39.4875	-6.2625	54.202
39.4875	-6.2375	54.186
39.4875	-6.2125	54.159
39.4875	-6.1875	54.132
39.4875	-6.1625	54.111
39.4875	-6.1375	54.106
39.4875	-6.1125	54.115
39.4875	-6.0875	54.136
39.4875	-6.0625	54.145
39.4875	-6.0375	54.146
39.4875	-6.0125	54.141
39.4875	-5.9875	54.119
39.5125	-10.0125	49.775
39.5125	-9.9875	49.851
39.5125	-9.9625	49.939
39.5125	-9.9375	50.04
39.5125	-9.9125	50.15
39.5125	-9.8875	50.266
39.5125	-9.8625	50.382
39.5125	-9.8375	50.509
39.5125	-9.8125	50.644
39.5125	-9.7875	50.78
39.5125	-9.7625	50.932
39.5125	-9.7375	51.106
39.5125	-9.7125	51.301
39.5125	-9.6875	51.475
39.5125	-9.6625	51.638
39.5125	-9.6375	51.808
39.5125	-9.6125	51.972
39.5125	-9.5875	52.102
39.5125	-9.5625	52.239
39.5125	-9.5375	52.356
39.5125	-9.5125	52.466
39.5125	-9.4875	52.569
39.5125	-9.4625	52.69
39.5125	-9.4375	52.79
39.5125	-9.4125	52.886
39.5125	-9.3875	52.955
39.5125	-9.3625	53.002
39.5125	-9.3375	53.054
39.5125	-9.3125	53.096
39.5125	-9.2875	53.14
39.5125	-9.2625	53.199
39.5125	-9.2375	53.259
39.5125	-9.2125	53.32
39.5125	-9.1875	53.388
39.5125	-9.1625	53.466
39.5125	-9.1375	53.54
39.5125	-9.1125	53.629
39.5125	-9.0875	53.725
39.5125	-9.0625	53.819
39.5125	-9.0375	53.889
39.5125	-9.0125	53.952
39.5125	-8.9875	54.021
39.5125	-8.9625	54.089
39.5125	-8.9375	54.166
39.5125	-8.9125	54.232
39.5125	-8.8875	54.321
39.5125	-8.8625	54.356
39.5125	-8.8375	54.405
39.5125	-8.8125	54.466
39.5125	-8.7875	54.499
39.5125	-8.7625	54.523
39.5125	-8.7375	54.55
39.5125	-8.7125	54.576
39.5125	-8.6875	54.594
39.5125	-8.6625	54.618
39.5125	-8.6375	54.609
39.5125	-8.6125	54.587
39.5125	-8.5875	54.534
39.5125	-8.5625	54.483
39.5125	-8.5375	54.456
39.5125	-8.5125	54.459
39.5125	-8.4875	54.455
39.5125	-8.4625	54.47
39.5125	-8.4375	54.49
39.5125	-8.4125	54.512
39.5125	-8.3875	54.552
39.5125	-8.3625	54.587
39.5125	-8.3375	54.615
39.5125	-8.3125	54.641
39.5125	-8.2875	54.659
39.5125	-8.2625	54.666
39.5125	-8.2375	54.676
39.5125	-8.2125	54.68
39.5125	-8.1875	54.691
39.5125	-8.1625	54.719
39.5125	-8.1375	54.745
39.5125	-8.1125	54.789
39.5125	-8.0875	54.831
39.5125	-8.0625	54.858
39.5125	-8.0375	54.888
39.5125	-8.0125	54.939
39.5125	-7.9875	54.982
39.5125	-7.9625	55.049
39.5125	-7.9375	55.091
39.5125	-7.9125	55.099
39.5125	-7.8875	55.102
39.5125	-7.8625	55.092
39.5125	-7.8375	55.065
39.5125	-7.8125	55.069
39.5125	-7.7875	55.067
39.5125	-7.7625	55.055
39.5125	-7.7375	55.054
39.5125	-7.7125	55.03
39.5125	-7.6875	55.003
39.5125	-7.6625	54.986
39.5125	-7.6375	54.984
39.5125	-7.6125	54.982
39.5125	-7.5875	54.977
39.5125	-7.5625	54.96
39.5125	-7.5375	54.952
39.5125	-7.5125	54.942
39.5125	-7.4875	54.936
39.5125	-7.4625	54.935
39.5125	-7.4375	54.92
39.5125	-7.4125	54.911
39.5125	-7.3875	54.91
39.5125	-7.3625	54.916
39.5125	-7.3375	54.937
39.5125	-7.3125	54.952
39.5125	-7.2875	54.987
39.5125	-7.2625	55.004
39.5125	-7.2375	55.027
39.5125	-7.2125	55.046
39.5125	-7.1875	55.047
39.5125	-7.1625	55.052
39.5125	-7.1375	55.046
39.5125	-7.1125	55.029
39.5125	-7.0875	55.012
39.5125	-7.0625	54.992
39.5125	-7.0375	54.979
39.5125	-7.0125	54.947
39.5125	-6.9875	54.915
39.5125	-6.9625	54.886
39.5125	-6.9375	54.86
39.5125	-6.9125	54.837
39.5125	-6.8875	54.824
39.5125	-6.8625	54.799
39.5125	-6.8375	54.768
39.5125	-6.8125	54.74
39.5125	-6.7875	54.691
39.5125	-6.7625	54.654
39.5125	-6.7375	54.594
39.5125	-6.7125	54.507
39.5125	-6.6875	54.439
39.5125	-6.6625	54.379
39.5125	-6.6375	54.339
39.5125	-6.6125	54.313
39.5125	-6.5875	54.304
39.5125	-6.5625	54.308
39.5125	-6.5375	54.305
39.5125	-6.5125	54.289
39.5125	-6.4875	54.269
39.5125	-6.4625	54.254
39.5125	-6.4375	54.242
39.5125	-6.4125	54.23
39.5125	-6.3875	54.222
39.5125	-6.3625	54.21
39.5125	-6.3375	54.2
39.5125	-6.3125	54.201
39.5125	-6.2875	54.204
39.5125	-6.2625	54.197
39.5125	-6.2375	54.176
39.5125	-6.2125	54.148
39.5125	-6.1875	54.125
39.5125	-6.1625	54.101
39.5125	-6.1375	54.1
39.5125	-6.1125	54.12
39.5125	-6.0875	54.134
39.5125	-6.0625	54.139
39.5125	-6.0375	54.143
39.5125	-6.0125	54.13
39.5125	-5.9875	54.108
39.5375	-10.0125	49.624
39.5375	-9.9875	49.709
39.5375	-9.9625	49.806
39.5375	-9.9375	49.915
39.5375	-9.9125	50.035
39.5375	-9.8875	50.159
39.5375	-9.8625	50.28
39.5375	-9.8375	50.403
39.5375	-9.8125	50.528
39.5375	-9.7875	50.665
39.5375	-9.7625	50.822
39.5375	-9.7375	51.003
39.5375	-9.7125	51.192
39.5375	-9.6875	51.385
39.5375	-9.6625	51.566
39.5375	-9.6375	51.747
39.5375	-9.6125	51.904
39.5375	-9.5875	52.024
39.5375	-9.5625	52.137
39.5375	-9.5375	52.254
39.5375	-9.5125	52.386
39.5375	-9.4875	52.485
39.5375	-9.4625	52.584
39.5375	-9.4375	52.677
39.5375	-9.4125	52.769
39.5375	-9.3875	52.845
39.5375	-9.3625	52.903
39.5375	-9.3375	52.949
39.5375	-9.3125	53.006
39.5375	-9.2875	53.07
39.5375	-9.2625	53.125
39.5375	-9.2375	53.189
39.5375	-9.2125	53.261
39.5375	-9.1875	53.335
39.5375	-9.1625	53.411
39.5375	-9.1375	53.49
39.5375	-9.1125	53.572
39.5375	-9.0875	53.653
39.5375	-9.0625	53.725
39.5375	-9.0375	53.809
39.5375	-9.0125	53.883
39.5375	-8.9875	53.947
39.5375	-8.9625	54.026
39.5375	-8.9375	54.109
39.5375	-8.9125	54.183
39.5375	-8.8875	54.272
39.5375	-8.8625	54.345
39.5375	-8.8375	54.392
39.5375	-8.8125	54.45
39.5375	-8.7875	54.492
39.5375	-8.7625	54.53
39.5375	-8.7375	54.577
39.5375	-8.7125	54.593
39.5375	-8.6875	54.635
39.5375	-8.6625	54.686
39.5375	-8.6375	54.725
39.5375	-8.6125	54.696
39.5375	-8.5875	54.615
39.5375	-8.5625	54.549
39.5375	-8.5375	54.531
39.5375	-8.5125	54.527
39.5375	-8.4875	54.535
39.5375	-8.4625	54.56
39.5375	-8.4375	54.582
39.5375	-8.4125	54.609
39.5375	-8.3875	54.632
39.5375	-8.3625	54.672
39.5375	-8.3375	54.708
39.5375	-8.3125	54.741
39.5375	-8.2875	54.751
39.5375	-8.2625	54.75
39.5375	-8.2375	54.748
39.5375	-8.2125	54.735
39.5375	-8.1875	54.726
39.5375	-8.1625	54.745
39.5375	-8.1375	54.782
39.5375	-8.1125	54.817
39.5375	-8.0875	54.873
39.5375	-8.0625	54.916
39.5375	-8.0375	54.96
39.5375	-8.0125	55.003
39.5375	-7.9875	55.054
39.5375	-7.9625	55.101
39.5375	-7.9375	55.152
39.5375	-7.9125	55.168
39.5375	-7.8875	55.17
39.5375	-7.8625	55.152
39.5375	-7.8375	55.135
39.5375	-7.8125	55.111
39.5375	-7.7875	55.101
39.5375	-7.7625	55.106
39.5375	-7.7375	55.093
39.5375	-7.7125	55.073
39.5375	-7.6875	55.057
39.5375	-7.6625	55.046
39.5375	-7.6375	55.051
39.5375	-7.6125	55.04
39.5375	-7.5875	55.032
39.5375	-7.5625	55.003
39.5375	-7.5375	54.971
39.5375	-7.5125	54.936
39.5375	-7.4875	54.918
39.5375	-7.4625	54.925
39.5375	-7.4375	54.913
39.5375	-7.4125	54.925
39.5375	-7.3875	54.936
39.5375	-7.3625	54.939
39.5375	-7.3375	54.949
39.5375	-7.3125	54.964
39.5375	-7.2875	54.971
39.5375	-7.2625	54.985
39.5375	-7.2375	55.004
39.5375	-7.2125	55.007
39.5375	-7.1875	55.014
39.5375	-7.1625	55.014
39.5375	-7.1375	55.002
39.5375	-7.1125	54.984
39.5375	-7.0875	54.959
39.5375	-7.0625	54.942
39.5375	-7.0375	54.915
39.5375	-7.0125	54.902
39.5375	-6.9875	54.877
39.5375	-6.9625	54.838
39.5375	-6.9375	54.827
39.5375	-6.9125	54.813
39.5375	-6.8875	54.79
39.5375	-6.8625	54.765
39.5375	-6.8375	54.746
39.5375	-6.8125	54.709
39.5375	-6.7875	54.666
39.5375	-6.7625	54.62
39.5375	-6.7375	54.571
39.5375	-6.7125	54.496
39.5375	-6.6875	54.433
39.5375	-6.6625	54.381
39.5375	-6.6375	54.358
39.5375	-6.6125	54.349
39.5375	-6.5875	54.351
39.5375	-6.5625	54.342
39.5375	-6.5375	54.32
39.5375	-6.5125	54.29
39.5375	-6.4875	54.27
39.5375	-6.4625	54.256
39.5375	-6.4375	54.242
39.5375	-6.4125	54.222
39.5375	-6.3875	54.211
39.5375	-6.3625	54.204
39.5375	-6.3375	54.188
39.5375	-6.3125	54.194
39.5375	-6.2875	54.195
39.5375	-6.2625	54.177
39.5375	-6.2375	54.16
39.5375	-6.2125	54.14
39.5375	-6.1875	54.122
39.5375	-6.1625	54.107
39.5375	-6.1375	54.108
39.5375	-6.1125	54.123
39.5375	-6.0875	54.139
39.5375	-6.0625	54.14
39.5375	-6.0375	54.134
39.5375	-6.0125	54.122
39.5375	-5.9875	54.104
39.5625	-10.0125	49.513
39.5625	-9.9875	49.606
39.5625	-9.9625	49.711
39.5625	-9.9375	49.827
39.5625	-9.9125	49.952
39.5625	-9.8875	50.081
39.5625	-9.8625	50.207
39.5625	-9.8375	50.33
39.5625	-9.8125	50.456
39.5625	-9.7875	50.595
39.5625	-9.7625	50.753
39.5625	-9.7375	50.929
39.5625	-9.7125	51.114
39.5625	-9.6875	51.302
39.5625	-9.6625	51.501
39.5625	-9.6375	51.68
39.5625	-9.6125	51.836
39.5625	-9.5875	51.968
39.5625	-9.5625	52.086
39.5625	-9.5375	52.213
39.5625	-9.5125	52.343
39.5625	-9.4875	52.435
39.5625	-9.4625	52.501
39.5625	-9.4375	52.568
39.5625	-9.4125	52.641
39.5625	-9.3875	52.709
39.5625	-9.3625	52.767
39.5625	-9.3375	52.837
39.5625	-9.3125	52.906
39.5625	-9.2875	52.98
39.5625	-9.2625	53.053
39.5625	-9.2375	53.12
39.5625	-9.2125	53.182
39.5625	-9.1875	53.255
39.5625	-9.1625	53.332
39.5625	-9.1375	53.402
39.5625	-9.1125	53.48
39.5625	-9.0875	53.56
39.5625	-9.0625	53.623
39.5625	-9.0375	53.707
39.5625	-9.0125	53.782
39.5625	-8.9875	53.862
39.5625	-8.9625	53.963
39.5625	-8.9375	54.053
39.5625	-8.9125	54.125
39.5625	-8.8875	54.212
39.5625	-8.8625	54.292
39.5625	-8.8375	54.347
39.5625	-8.8125	54.398
39.5625	-8.7875	54.441
39.5625	-8.7625	54.498
39.5625	-8.7375	54.539
39.5625	-8.7125	54.592
39.5625	-8.6875	54.642
39.5625	-8.6625	54.681
39.5625	-8.6375	54.703
39.5625	-8.6125	54.695
39.5625	-8.5875	54.656
39.5625	-8.5625	54.608
39.5625	-8.5375	54.591
39.5625	-8.5125	54.591
39.5625	-8.4875	54.603
39.5625	-8.4625	54.617
39.5625	-8.4375	54.646
39.5625	-8.4125	54.671
39.5625	-8.3875	54.704
39.5625	-8.3625	54.753
39.5625	-8.3375	54.811
39.5625	-8.3125	54.844
39.5625	-8.2875	54.835
39.5625	-8.2625	54.834
39.5625	-8.2375	54.82
39.5625	-8.2125	54.803
39.5625	-8.1875	54.78
39.5625	-8.1625	54.775
39.5625	-8.1375	54.804
39.5625	-8.1125	54.848
39.5625	-8.0875	54.903
39.5625	-8.0625	54.964
39.5625	-8.0375	55.015
39.5625	-8.0125	55.075
39.5625	-7.9875	55.126
39.5625	-7.9625	55.168
39.5625	-7.9375	55.21
39.5625	-7.9125	55.243
39.5625	-7.8875	55.236
39.5625	-7.8625	55.212
39.5625	-7.8375	55.184
39.5625	-7.8125	55.151
39.5625	-7.7875	55.14
39.5625	-7.7625	55.141
39.5625	-7.7375	55.134
39.5625	-7.7125	55.14
39.5625	-7.6875	55.141
39.5625	-7.6625	55.149
39.5625	-7.6375	55.153
39.5625	-7.6125	55.144
39.5625	-7.5875	55.108
39.5625	-7.5625	55.063
39.5625	-7.5375	55.01
39.5625	-7.5125	54.962
39.5625	-7.4875	54.933
39.5625	-7.4625	54.929
39.5625	-7.4375	54.935
39.5625	-7.4125	54.941
39.5625	-7.3875	54.942
39.5625	-7.3625	54.948
39.5625	-7.3375	54.953
39.5625	-7.3125	54.95
39.5625	-7.2875	54.947
39.5625	-7.2625	54.95
39.5625	-7.2375	54.963
39.5625	-7.2125	54.972
39.5625	-7.1875	54.975
39.5625	-7.1625	54.966
39.5625	-7.1375	54.945
39.5625	-7.1125	54.931
39.5625	-7.0875	54.919
39.5625	-7.0625	54.896
39.5625	-7.0375	54.862
39.5625	-7.0125	54.841
39.5625	-6.9875	54.823
39.5625	-6.9625	54.811
39.5625	-6.9375	54.799
39.5625	-6.9125	54.783
39.5625	-6.8875	54.761
39.5625	-6.8625	54.74
39.5625	-6.8375	54.708
39.5625	-6.8125	54.673
39.5625	-6.7875	54.629
39.5625	-6.7625	54.586
39.5625	-6.7375	54.535
39.5625	-6.7125	54.485
39.5625	-6.6875	54.429
39.5625	-6.6625	54.389
39.5625	-6.6375	54.375
39.5625	-6.6125	54.372
39.5625	-6.5875	54.368
39.5625	-6.5625	54.352
39.5625	-6.5375	54.324
39.5625	-6.5125	54.295
39.5625	-6.4875	54.274
39.5625	-6.4625	54.261
39.5625	-6.4375	54.245
39.5625	-6.4125	54.218
39.5625	-6.3875	54.198
39.5625	-6.3625	54.188
39.5625	-6.3375	54.183
39.5625	-6.3125	54.183
39.5625	-6.2875	54.184
39.5625	-6.2625	54.17
39.5625	-6.2375	54.156
39.5625	-6.2125	54.137
39.5625	-6.1875	54.129
39.5625	-6.1625	54.122
39.5625	-6.1375	54.125
39.5625	-6.1125	54.131
39.5625	-6.0875	54.137
39.5625	-6.0625	54.135
39.5625	-6.0375	54.125
39.5625	-6.0125	54.116
39.5625	-5.9875	54.11
39.5875	-10.0125	49.427
39.5875	-9.9875	49.528
39.5875	-9.9625	49.637
39.5875	-9.9375	49.756
39.5875	-9.9125	49.882
39.5875	-9.8875	50.011
39.5875	-9.8625	50.14
39.5875	-9.8375	50.269
39.5875	-9.8125	50.402
39.5875	-9.7875	50.544
39.5875	-9.7625	50.7
39.5875	-9.7375	50.868
39.5875	-9.7125	51.045
39.5875	-9.6875	51.23
39.5875	-9.6625	51.412
39.5875	-9.6375	51.586
39.5875	-9.6125	51.756
39.5875	-9.5875	51.893
39.5875	-9.5625	52.027
39.5875	-9.5375	52.168
39.5875	-9.5125	52.294
39.5875	-9.4875	52.385
39.5875	-9.4625	52.437
39.5875	-9.4375	52.494
39.5875	-9.4125	52.548
39.5875	-9.3875	52.608
39.5875	-9.3625	52.679
39.5875	-9.3375	52.751
39.5875	-9.3125	52.819
39.5875	-9.2875	52.894
39.5875	-9.2625	52.971
39.5875	-9.2375	53.044
39.5875	-9.2125	53.099
39.5875	-9.1875	53.162
39.5875	-9.1625	53.238
39.5875	-9.1375	53.311
39.5875	-9.1125	53.389
39.5875	-9.0875	53.469
39.5875	-9.0625	53.54
39.5875	-9.0375	53.613
39.5875	-9.0125	53.689
39.5875	-8.9875	53.769
39.5875	-8.9625	53.875
39.5875	-8.9375	53.971
39.5875	-8.9125	54.056
39.5875	-8.8875	54.131
39.5875	-8.8625	54.197
39.5875	-8.8375	54.273
39.5875	-8.8125	54.333
39.5875	-8.7875	54.402
39.5875	-8.7625	54.466
39.5875	-8.7375	54.511
39.5875	-8.7125	54.558
39.5875	-8.6875	54.6
39.5875	-8.6625	54.626
39.5875	-8.6375	54.65
39.5875	-8.6125	54.666
39.5875	-8.5875	54.656
39.5875	-8.5625	54.641
39.5875	-8.5375	54.639
39.5875	-8.5125	54.638
39.5875	-8.4875	54.647
39.5875	-8.4625	54.665
39.5875	-8.4375	54.684
39.5875	-8.4125	54.715
39.5875	-8.3875	54.759
39.5875	-8.3625	54.819
39.5875	-8.3375	54.897
39.5875	-8.3125	54.935
39.5875	-8.2875	54.954
39.5875	-8.2625	54.935
39.5875	-8.2375	54.895
39.5875	-8.2125	54.867
39.5875	-8.1875	54.841
39.5875	-8.1625	54.828
39.5875	-8.1375	54.837
39.5875	-8.1125	54.883
39.5875	-8.0875	54.944
39.5875	-8.0625	55.007
39.5875	-8.0375	55.072
39.5875	-8.0125	55.146
39.5875	-7.9875	55.196
39.5875	-7.9625	55.245
39.5875	-7.9375	55.283
39.5875	-7.9125	55.286
39.5875	-7.8875	55.28
39.5875	-7.8625	55.251
39.5875	-7.8375	55.222
39.5875	-7.8125	55.189
39.5875	-7.7875	55.17
39.5875	-7.7625	55.169
39.5875	-7.7375	55.167
39.5875	-7.7125	55.177
39.5875	-7.6875	55.185
39.5875	-7.6625	55.212
39.5875	-7.6375	55.225
39.5875	-7.6125	55.208
39.5875	-7.5875	55.163
39.5875	-7.5625	55.111
39.5875	-7.5375	55.062
39.5875	-7.5125	55.015
39.5875	-7.4875	54.971
39.5875	-7.4625	54.968
39.5875	-7.4375	54.962
39.5875	-7.4125	54.955
39.5875	-7.3875	54.962
39.5875	-7.3625	54.953
39.5875	-7.3375	54.958
39.5875	-7.3125	54.939
39.5875	-7.2875	54.923
39.5875	-7.2625	54.914
39.5875	-7.2375	54.905
39.5875	-7.2125	54.921
39.5875	-7.1875	54.919
39.5875	-7.1625	54.894
39.5875	-7.1375	54.891
39.5875	-7.1125	54.874
39.5875	-7.0875	54.866
39.5875	-7.0625	54.852
39.5875	-7.0375	54.831
39.5875	-7.0125	54.801
39.5875	-6.9875	54.803
39.5875	-6.9625	54.793
39.5875	-6.9375	54.778
39.5875	-6.9125	54.759
39.5875	-6.8875	54.739
39.5875	-6.8625	54.695
39.5875	-6.8375	54.669
39.5875	-6.8125	54.63
39.5875	-6.7875	54.6
39.5875	-6.7625	54.557
39.5875	-6.7375	54.508
39.5875	-6.7125	54.471
39.5875	-6.6875	54.429
39.5875	-6.6625	54.401
39.5875	-6.6375	54.387
39.5875	-6.6125	54.374
39.5875	-6.5875	54.364
39.5875	-6.5625	54.342
39.5875	-6.5375	54.313
39.5875	-6.5125	54.281
39.5875	-6.4875	54.264
39.5875	-6.4625	54.26
39.5875	-6.4375	54.25
39.5875	-6.4125	54.222
39.5875	-6.3875	54.203
39.5875	-6.3625	54.195
39.5875	-6.3375	54.183
39.5875	-6.3125	54.183
39.5875	-6.2875	54.174
39.5875	-6.2625	54.169
39.5875	-6.2375	54.155
39.5875	-6.2125	54.15
39.5875	-6.1875	54.144
39.5875	-6.1625	54.142
39.5875	-6.1375	54.136
39.5875	-6.1125	54.131
39.5875	-6.0875	54.134
39.5875	-6.0625	54.129
39.5875	-6.0375	54.112
39.5875	-6.0125	54.102
39.5875	-5.9875	54.104
39.6125	-10.0125	49.347
39.6125	-9.9875	49.454
39.6125	-9.9625	49.568
39.6125	-9.9375	49.689
39.6125	-9.9125	49.814
39.6125	-9.8875	49.942
39.6125	-9.8625	50.073
39.6125	-9.8375	50.206
39.6125	-9.8125	50.347
39.6125	-9.7875	50.492
39.6125	-9.7625	50.647
39.6125	-9.7375	50.81
39.6125	-9.7125	50.983
39.6125	-9.6875	51.16
39.6125	-9.6625	51.338
39.6125	-9.6375	51.51
39.6125	-9.6125	51.663
39.6125	-9.5875	51.81
39.6125	-9.5625	51.965
39.6125	-9.5375	52.105
39.6125	-9.5125	52.231
39.6125	-9.4875	52.317
39.6125	-9.4625	52.381
39.6125	-9.4375	52.447
39.6125	-9.4125	52.511
39.6125	-9.3875	52.568
39.6125	-9.3625	52.637
39.6125	-9.3375	52.702
39.6125	-9.3125	52.756
39.6125	-9.2875	52.807
39.6125	-9.2625	52.882
39.6125	-9.2375	52.946
39.6125	-9.2125	53.007
39.6125	-9.1875	53.07
39.6125	-9.1625	53.149
39.6125	-9.1375	53.223
39.6125	-9.1125	53.311
39.6125	-9.0875	53.395
39.6125	-9.0625	53.484
39.6125	-9.0375	53.555
39.6125	-9.0125	53.622
39.6125	-8.9875	53.705
39.6125	-8.9625	53.806
39.6125	-8.9375	53.899
39.6125	-8.9125	53.98
39.6125	-8.8875	54.063
39.6125	-8.8625	54.135
39.6125	-8.8375	54.203
39.6125	-8.8125	54.272
39.6125	-8.7875	54.352
39.6125	-8.7625	54.43
39.6125	-8.7375	54.47
39.6125	-8.7125	54.509
39.6125	-8.6875	54.557
39.6125	-8.6625	54.582
39.6125	-8.6375	54.62
39.6125	-8.6125	54.643
39.6125	-8.5875	54.654
39.6125	-8.5625	54.668
39.6125	-8.5375	54.687
39.6125	-8.5125	54.685
39.6125	-8.4875	54.692
39.6125	-8.4625	54.703
39.6125	-8.4375	54.721
39.6125	-8.4125	54.741
39.6125	-8.3875	54.802
39.6125	-8.3625	54.87
39.6125	-8.3375	54.963
39.6125	-8.3125	55.026
39.6125	-8.2875	55.029
39.6125	-8.2625	55.016
39.6125	-8.2375	54.997
39.6125	-8.2125	54.963
39.6125	-8.1875	54.93
39.6125	-8.1625	54.912
39.6125	-8.1375	54.914
39.6125	-8.1125	54.947
39.6125	-8.0875	55.009
39.6125	-8.0625	55.072
39.6125	-8.0375	55.134
39.6125	-8.0125	55.192
39.6125	-7.9875	55.259
39.6125	-7.9625	55.294
39.6125	-7.9375	55.313
39.6125	-7.9125	55.319
39.6125	-7.8875	55.304
39.6125	-7.8625	55.275
39.6125	-7.8375	55.241
39.6125	-7.8125	55.206
39.6125	-7.7875	55.194
39.6125	-7.7625	55.2
39.6125	-7.7375	55.196
39.6125	-7.7125	55.181
39.6125	-7.6875	55.202
39.6125	-7.6625	55.223
39.6125	-7.6375	55.231
39.6125	-7.6125	55.219
39.6125	-7.5875	55.187
39.6125	-7.5625	55.139
39.6125	-7.5375	55.103
39.6125	-7.5125	55.047
39.6125	-7.4875	55.029
39.6125	-7.4625	54.994
39.6125	-7.4375	54.99
39.6125	-7.4125	54.98
39.6125	-7.3875	54.979
39.6125	-7.3625	54.955
39.6125	-7.3375	54.932
39.6125	-7.3125	54.906
39.6125	-7.2875	54.89
39.6125	-7.2625	54.859
39.6125	-7.2375	54.845
39.6125	-7.2125	54.833
39.6125	-7.1875	54.824
39.6125	-7.1625	54.817
39.6125	-7.1375	54.813
39.6125	-7.1125	54.814
39.6125	-7.0875	54.802
39.6125	-7.0625	54.797
39.6125	-7.0375	54.791
39.6125	-7.0125	54.769
39.6125	-6.9875	54.773
39.6125	-6.9625	54.755
39.6125	-6.9375	54.747
39.6125	-6.9125	54.727
39.6125	-6.8875	54.702
39.6125	-6.8625	54.673
39.6125	-6.8375	54.634
39.6125	-6.8125	54.607
39.6125	-6.7875	54.567
39.6125	-6.7625	54.537
39.6125	-6.7375	54.489
39.6125	-6.7125	54.446
39.6125	-6.6875	54.422
39.6125	-6.6625	54.401
39.6125	-6.6375	54.39
39.6125	-6.6125	54.369
39.6125	-6.5875	54.343
39.6125	-6.5625	54.321
39.6125	-6.5375	54.293
39.6125	-6.5125	54.265
39.6125	-6.4875	54.246
39.6125	-6.4625	54.245
39.6125	-6.4375	54.241
39.6125	-6.4125	54.228
39.6125	-6.3875	54.216
39.6125	-6.3625	54.205
39.6125	-6.3375	54.201
39.6125	-6.3125	54.196
39.6125	-6.2875	54.188
39.6125	-6.2625	54.176
39.6125	-6.2375	54.162
39.6125	-6.2125	54.162
39.6125	-6.1875	54.155
39.6125	-6.1625	54.157
39.6125	-6.1375	54.154
39.6125	-6.1125	54.14
39.6125	-6.0875	54.135
39.6125	-6.0625	54.125
39.6125	-6.0375	54.117
39.6125	-6.0125	54.107
39.6125	-5.9875	54.104
39.6375	-10.0125	49.26
39.6375	-9.9875	49.374
39.6375	-9.9625	49.492
39.6375	-9.9375	49.613
39.6375	-9.9125	49.737
39.6375	-9.8875	49.865
39.6375	-9.8625	49.997
39.6375	-9.8375	50.135
39.6375	-9.8125	50.28
39.6375	-9.7875	50.432
39.6375	-9.7625	50.59
39.6375	-9.7375	50.755
39.6375	-9.7125	50.926
39.6375	-9.6875	51.104
39.6375	-9.6625	51.277
39.6375	-9.6375	51.445
39.6375	-9.6125	51.617
39.6375	-9.5875	51.77
39.6375	-9.5625	51.907
39.6375	-9.5375	52.037
39.6375	-9.5125	52.158
39.6375	-9.4875	52.26
39.6375	-9.4625	52.341
39.6375	-9.4375	52.413
39.6375	-9.4125	52.478
39.6375	-9.3875	52.543
39.6375	-9.3625	52.613
39.6375	-9.3375	52.668
39.6375	-9.3125	52.71
39.6375	-9.2875	52.746
39.6375	-9.2625	52.808
39.6375	-9.2375	52.868
39.6375	-9.2125	52.936
39.6375	-9.1875	53.004
39.6375	-9.1625	53.083
39.6375	-9.1375	53.154
39.6375	-9.1125	53.237
39.6375	-9.0875	53.319
39.6375	-9.0625	53.419
39.6375	-9.0375	53.501
39.6375	-9.0125	53.577
39.6375	-8.9875	53.655
39.6375	-8.9625	53.747
39.6375	-8.9375	53.835
39.6375	-8.9125	53.917
39.6375	-8.8875	53.995
39.6375	-8.8625	54.077
39.6375	-8.8375	54.145
39.6375	-8.8125	54.219
39.6375	-8.7875	54.3
39.6375	-8.7625	54.372
39.6375	-8.7375	54.438
39.6375	-8.7125	54.491
39.6375	-8.6875	54.529
39.6375	-8.6625	54.568
39.6375	-8.6375	54.609
39.6375	-8.6125	54.633
39.6375	-8.5875	54.661
39.6375	-8.5625	54.684
39.6375	-8.5375	54.709
39.6375	-8.5125	54.721
39.6375	-8.4875	54.724
39.6375	-8.4625	54.746
39.6375	-8.4375	54.766
39.6375	-8.4125	54.795
39.6375	-8.3875	54.851
39.6375	-8.3625	54.917
39.6375	-8.3375	54.999
39.6375	-8.3125	55.076
39.6375	-8.2875	55.112
39.6375	-8.2625	55.106
39.6375	-8.2375	55.082
39.6375	-8.2125	55.046
39.6375	-8.1875	55.031
39.6375	-8.1625	55.017
39.6375	-8.1375	55.021
39.6375	-8.1125	55.048
39.6375	-8.0875	55.076
39.6375	-8.0625	55.133
39.6375	-8.0375	55.179
39.6375	-8.0125	55.234
39.6375	-7.9875	55.289
39.6375	-7.9625	55.307
39.6375	-7.9375	55.319
39.6375	-7.9125	55.32
39.6375	-7.8875	55.302
39.6375	-7.8625	55.274
39.6375	-7.8375	55.261
39.6375	-7.8125	55.219
39.6375	-7.7875	55.215
39.6375	-7.7625	55.209
39.6375	-7.7375	55.205
39.6375	-7.7125	55.196
39.6375	-7.6875	55.194
39.6375	-7.6625	55.205
39.6375	-7.6375	55.225
39.6375	-7.6125	55.211
39.6375	-7.5875	55.191
39.6375	-7.5625	55.167
39.6375	-7.5375	55.126
39.6375	-7.5125	55.095
39.6375	-7.4875	55.059
39.6375	-7.4625	55.029
39.6375	-7.4375	55.009
39.6375	-7.4125	54.981
39.6375	-7.3875	54.967
39.6375	-7.3625	54.941
39.6375	-7.3375	54.904
39.6375	-7.3125	54.871
39.6375	-7.2875	54.838
39.6375	-7.2625	54.801
39.6375	-7.2375	54.776
39.6375	-7.2125	54.756
39.6375	-7.1875	54.751
39.6375	-7.1625	54.737
39.6375	-7.1375	54.743
39.6375	-7.1125	54.742
39.6375	-7.0875	54.734
39.6375	-7.0625	54.738
39.6375	-7.0375	54.724
39.6375	-7.0125	54.735
39.6375	-6.9875	54.729
39.6375	-6.9625	54.72
39.6375	-6.9375	54.711
39.6375	-6.9125	54.69
39.6375	-6.8875	54.666
39.6375	-6.8625	54.64
39.6375	-6.8375	54.613
39.6375	-6.8125	54.583
39.6375	-6.7875	54.543
39.6375	-6.7625	54.515
39.6375	-6.7375	54.474
39.6375	-6.7125	54.432
39.6375	-6.6875	54.413
39.6375	-6.6625	54.393
39.6375	-6.6375	54.379
39.6375	-6.6125	54.355
39.6375	-6.5875	54.335
39.6375	-6.5625	54.302
39.6375	-6.5375	54.279
39.6375	-6.5125	54.256
39.6375	-6.4875	54.239
39.6375	-6.4625	54.234
39.6375	-6.4375	54.232
39.6375	-6.4125	54.234
39.6375	-6.3875	54.224
39.6375	-6.3625	54.222
39.6375	-6.3375	54.22
39.6375	-6.3125	54.215
39.6375	-6.2875	54.202
39.6375	-6.2625	54.189
39.6375	-6.2375	54.184
39.6375	-6.2125	54.18
39.6375	-6.1875	54.177
39.6375	-6.1625	54.17
39.6375	-6.1375	54.16
39.6375	-6.1125	54.145
39.6375	-6.0875	54.134
39.6375	-6.0625	54.119
39.6375	-6.0375	54.116
39.6375	-6.0125	54.108
39.6375	-5.9875	54.108
39.6625	-10.0125	49.168
39.6625	-9.9875	49.283
39.6625	-9.9625	49.401
39.6625	-9.9375	49.522
39.6625	-9.9125	49.647
39.6625	-9.8875	49.775
39.6625	-9.8625	49.908
39.6625	-9.8375	50.05
39.6625	-9.8125	50.201
39.6625	-9.7875	50.359
39.6625	-9.7625	50.523
39.6625	-9.7375	50.693
39.6625	-9.7125	50.867
39.6625	-9.6875	51.044
39.6625	-9.6625	51.218
39.6625	-9.6375	51.398
39.6625	-9.6125	51.576
39.6625	-9.5875	51.727
39.6625	-9.5625	51.862
39.6625	-9.5375	51.992
39.6625	-9.5125	52.109
39.6625	-9.4875	52.209
39.6625	-9.4625	52.295
39.6625	-9.4375	52.37
39.6625	-9.4125	52.44
39.6625	-9.3875	52.511
39.6625	-9.3625	52.578
39.6625	-9.3375	52.633
39.6625	-9.3125	52.676
39.6625	-9.2875	52.726
39.6625	-9.2625	52.774
39.6625	-9.2375	52.829
39.6625	-9.2125	52.894
39.6625	-9.1875	52.959
39.6625	-9.1625	53.033
39.6625	-9.1375	53.098
39.6625	-9.1125	53.178
39.6625	-9.0875	53.256
39.6625	-9.0625	53.352
39.6625	-9.0375	53.441
39.6625	-9.0125	53.537
39.6625	-8.9875	53.614
39.6625	-8.9625	53.701
39.6625	-8.9375	53.788
39.6625	-8.9125	53.874
39.6625	-8.8875	53.952
39.6625	-8.8625	54.023
39.6625	-8.8375	54.085
39.6625	-8.8125	54.162
39.6625	-8.7875	54.256
39.6625	-8.7625	54.358
39.6625	-8.7375	54.439
39.6625	-8.7125	54.492
39.6625	-8.6875	54.532
39.6625	-8.6625	54.577
39.6625	-8.6375	54.614
39.6625	-8.6125	54.654
39.6625	-8.5875	54.68
39.6625	-8.5625	54.71
39.6625	-8.5375	54.721
39.6625	-8.5125	54.748
39.6625	-8.4875	54.768
39.6625	-8.4625	54.792
39.6625	-8.4375	54.808
39.6625	-8.4125	54.844
39.6625	-8.3875	54.891
39.6625	-8.3625	54.957
39.6625	-8.3375	55.024
39.6625	-8.3125	55.096
39.6625	-8.2875	55.146
39.6625	-8.2625	55.154
39.6625	-8.2375	55.153
39.6625	-8.2125	55.147
39.6625	-8.1875	55.136
39.6625	-8.1625	55.132
39.6625	-8.1375	55.134
39.6625	-8.1125	55.144
39.6625	-8.0875	55.158
39.6625	-8.0625	55.2
39.6625	-8.0375	55.234
39.6625	-8.0125	55.263
39.6625	-7.9875	55.297
39.6625	-7.9625	55.32
39.6625	-7.9375	55.334
39.6625	-7.9125	55.331
39.6625	-7.8875	55.318
39.6625	-7.8625	55.303
39.6625	-7.8375	55.275
39.6625	-7.8125	55.251
39.6625	-7.7875	55.22
39.6625	-7.7625	55.223
39.6625	-7.7375	55.224
39.6625	-7.7125	55.209
39.6625	-7.6875	55.218
39.6625	-7.6625	55.21
39.6625	-7.6375	55.213
39.6625	-7.6125	55.223
39.6625	-7.5875	55.2
39.6625	-7.5625	55.175
39.6625	-7.5375	55.148
39.6625	-7.5125	55.113
39.6625	-7.4875	55.068
39.6625	-7.4625	55.029
39.6625	-7.4375	55.005
39.6625	-7.4125	54.985
39.6625	-7.3875	54.958
39.6625	-7.3625	54.922
39.6625	-7.3375	54.884
39.6625	-7.3125	54.84
39.6625	-7.2875	54.789
39.6625	-7.2625	54.746
39.6625	-7.2375	54.708
39.6625	-7.2125	54.696
39.6625	-7.1875	54.689
39.6625	-7.1625	54.695
39.6625	-7.1375	54.688
39.6625	-7.1125	54.672
39.6625	-7.0875	54.66
39.6625	-7.0625	54.672
39.6625	-7.0375	54.668
39.6625	-7.0125	54.67
39.6625	-6.9875	54.668
39.6625	-6.9625	54.658
39.6625	-6.9375	54.658
39.6625	-6.9125	54.641
39.6625	-6.8875	54.632
39.6625	-6.8625	54.606
39.6625	-6.8375	54.582
39.6625	-6.8125	54.555
39.6625	-6.7875	54.526
39.6625	-6.7625	54.497
39.6625	-6.7375	54.455
39.6625	-6.7125	54.423
39.6625	-6.6875	54.404
39.6625	-6.6625	54.382
39.6625	-6.6375	54.37
39.6625	-6.6125	54.348
39.6625	-6.5875	54.325
39.6625	-6.5625	54.3
39.6625	-6.5375	54.276
39.6625	-6.5125	54.254
39.6625	-6.4875	54.242
39.6625	-6.4625	54.236
39.6625	-6.4375	54.236
39.6625	-6.4125	54.233
39.6625	-6.3875	54.231
39.6625	-6.3625	54.23
39.6625	-6.3375	54.226
39.6625	-6.3125	54.223
39.6625	-6.2875	54.217
39.6625	-6.2625	54.211
39.6625	-6.2375	54.204
39.6625	-6.2125	54.198
39.6625	-6.1875	54.191
39.6625	-6.1625	54.177
39.6625	-6.1375	54.167
39.6625	-6.1125	54.153
39.6625	-6.0875	54.138
39.6625	-6.0625	54.128
39.6625	-6.0375	54.118
39.6625	-6.0125	54.104
39.6625	-5.9875	54.096
39.6875	-10.0125	49.072
39.6875	-9.9875	49.183
39.6875	-9.9625	49.299
39.6875	-9.9375	49.422
39.6875	-9.9125	49.549
39.6875	-9.8875	49.68
39.6875	-9.8625	49.815
39.6875	-9.8375	49.96
39.6875	-9.8125	50.116
39.6875	-9.7875	50.28
39.6875	-9.7625	50.449
39.6875	-9.7375	50.625
39.6875	-9.7125	50.804
39.6875	-9.6875	50.985
39.6875	-9.6625	51.163
39.6875	-9.6375	51.346
39.6875	-9.6125	51.525
39.6875	-9.5875	51.681
39.6875	-9.5625	51.822
39.6875	-9.5375	51.95
39.6875	-9.5125	52.065
39.6875	-9.4875	52.166
39.6875	-9.4625	52.253
39.6875	-9.4375	52.331
39.6875	-9.4125	52.404
39.6875	-9.3875	52.476
39.6875	-9.3625	52.543
39.6875	-9.3375	52.601
39.6875	-9.3125	52.653
39.6875	-9.2875	52.713
39.6875	-9.2625	52.761
39.6875	-9.2375	52.815
39.6875	-9.2125	52.869
39.6875	-9.1875	52.928
39.6875	-9.1625	52.986
39.6875	-9.1375	53.055
39.6875	-9.1125	53.12
39.6875	-9.0875	53.201
39.6875	-9.0625	53.28
39.6875	-9.0375	53.383
39.6875	-9.0125	53.472
39.6875	-8.9875	53.555
39.6875	-8.9625	53.643
39.6875	-8.9375	53.741
39.6875	-8.9125	53.819
39.6875	-8.8875	53.895
39.6875	-8.8625	53.96
39.6875	-8.8375	54.02
39.6875	-8.8125	54.113
39.6875	-8.7875	54.209
39.6875	-8.7625	54.312
39.6875	-8.7375	54.397
39.6875	-8.7125	54.467
39.6875	-8.6875	54.527
39.6875	-8.6625	54.576
39.6875	-8.6375	54.644
39.6875	-8.6125	54.684
39.6875	-8.5875	54.709
39.6875	-8.5625	54.742
39.6875	-8.5375	54.759
39.6875	-8.5125	54.778
39.6875	-8.4875	54.806
39.6875	-8.4625	54.823
39.6875	-8.4375	54.852
39.6875	-8.4125	54.9
39.6875	-8.3875	54.932
39.6875	-8.3625	54.978
39.6875	-8.3375	55.038
39.6875	-8.3125	55.085
39.6875	-8.2875	55.154
39.6875	-8.2625	55.188
39.6875	-8.2375	55.195
39.6875	-8.2125	55.196
39.6875	-8.1875	55.193
39.6875	-8.1625	55.201
39.6875	-8.1375	55.201
39.6875	-8.1125	55.205
39.6875	-8.0875	55.23
39.6875	-8.0625	55.254
39.6875	-8.0375	55.295
39.6875	-8.0125	55.32
39.6875	-7.9875	55.349
39.6875	-7.9625	55.366
39.6875	-7.9375	55.38
39.6875	-7.9125	55.375
39.6875	-7.8875	55.359
39.6875	-7.8625	55.337
39.6875	-7.8375	55.317
39.6875	-7.8125	55.29
39.6875	-7.7875	55.272
39.6875	-7.7625	55.263
39.6875	-7.7375	55.254
39.6875	-7.7125	55.262
39.6875	-7.6875	55.253
39.6875	-7.6625	55.245
39.6875	-7.6375	55.251
39.6875	-7.6125	55.236
39.6875	-7.5875	55.21
39.6875	-7.5625	55.193
39.6875	-7.5375	55.165
39.6875	-7.5125	55.136
39.6875	-7.4875	55.089
39.6875	-7.4625	55.048
39.6875	-7.4375	55.012
39.6875	-7.4125	54.981
39.6875	-7.3875	54.944
39.6875	-7.3625	54.9
39.6875	-7.3375	54.852
39.6875	-7.3125	54.804
39.6875	-7.2875	54.779
39.6875	-7.2625	54.739
39.6875	-7.2375	54.717
39.6875	-7.2125	54.703
39.6875	-7.1875	54.693
39.6875	-7.1625	54.679
39.6875	-7.1375	54.671
39.6875	-7.1125	54.657
39.6875	-7.0875	54.631
39.6875	-7.0625	54.619
39.6875	-7.0375	54.615
39.6875	-7.0125	54.599
39.6875	-6.9875	54.602
39.6875	-6.9625	54.596
39.6875	-6.9375	54.592
39.6875	-6.9125	54.588
39.6875	-6.8875	54.582
39.6875	-6.8625	54.577
39.6875	-6.8375	54.552
39.6875	-6.8125	54.532
39.6875	-6.7875	54.506
39.6875	-6.7625	54.467
39.6875	-6.7375	54.439
39.6875	-6.7125	54.412
39.6875	-6.6875	54.396
39.6875	-6.6625	54.376
39.6875	-6.6375	54.361
39.6875	-6.6125	54.344
39.6875	-6.5875	54.323
39.6875	-6.5625	54.3
39.6875	-6.5375	54.279
39.6875	-6.5125	54.258
39.6875	-6.4875	54.246
39.6875	-6.4625	54.237
39.6875	-6.4375	54.236
39.6875	-6.4125	54.236
39.6875	-6.3875	54.236
39.6875	-6.3625	54.232
39.6875	-6.3375	54.23
39.6875	-6.3125	54.227
39.6875	-6.2875	54.223
39.6875	-6.2625	54.218
39.6875	-6.2375	54.208
39.6875	-6.2125	54.2
39.6875	-6.1875	54.189
39.6875	-6.1625	54.179
39.6875	-6.1375	54.164
39.6875	-6.1125	54.148
39.6875	-6.0875	54.135
39.6875	-6.0625	54.122
39.6875	-6.0375	54.116
39.6875	-6.0125	54.105
39.6875	-5.9875	54.099
39.7125	-10.0125	48.973
39.7125	-9.9875	49.08
39.7125	-9.9625	49.195
39.7125	-9.9375	49.32
39.7125	-9.9125	49.45
39.7125	-9.8875	49.585
39.7125	-9.8625	49.725
39.7125	-9.8375	49.876
39.7125	-9.8125	50.037
39.7125	-9.7875	50.205
39.7125	-9.7625	50.381
39.7125	-9.7375	50.563
39.7125	-9.7125	50.747
39.7125	-9.6875	50.933
39.7125	-9.6625	51.113
39.7125	-9.6375	51.294
39.7125	-9.6125	51.472
39.7125	-9.5875	51.638
39.7125	-9.5625	51.787
39.7125	-9.5375	51.916
39.7125	-9.5125	52.031
39.7125	-9.4875	52.132
39.7125	-9.4625	52.222
39.7125	-9.4375	52.303
39.7125	-9.4125	52.378
39.7125	-9.3875	52.45
39.7125	-9.3625	52.517
39.7125	-9.3375	52.579
39.7125	-9.3125	52.638
39.7125	-9.2875	52.694
39.7125	-9.2625	52.745
39.7125	-9.2375	52.805
39.7125	-9.2125	52.855
39.7125	-9.1875	52.907
39.7125	-9.1625	52.959
39.7125	-9.1375	53.013
39.7125	-9.1125	53.071
39.7125	-9.0875	53.135
39.7125	-9.0625	53.22
39.7125	-9.0375	53.308
39.7125	-9.0125	53.394
39.7125	-8.9875	53.475
39.7125	-8.9625	53.568
39.7125	-8.9375	53.662
39.7125	-8.9125	53.741
39.7125	-8.8875	53.822
39.7125	-8.8625	53.9
39.7125	-8.8375	53.963
39.7125	-8.8125	54.041
39.7125	-8.7875	54.132
39.7125	-8.7625	54.244
39.7125	-8.7375	54.34
39.7125	-8.7125	54.416
39.7125	-8.6875	54.496
39.7125	-8.6625	54.579
39.7125	-8.6375	54.647
39.7125	-8.6125	54.702
39.7125	-8.5875	54.736
39.7125	-8.5625	54.763
39.7125	-8.5375	54.78
39.7125	-8.5125	54.807
39.7125	-8.4875	54.836
39.7125	-8.4625	54.865
39.7125	-8.4375	54.909
39.7125	-8.4125	54.951
39.7125	-8.3875	54.987
39.7125	-8.3625	55.016
39.7125	-8.3375	55.044
39.7125	-8.3125	55.083
39.7125	-8.2875	55.144
39.7125	-8.2625	55.186
39.7125	-8.2375	55.203
39.7125	-8.2125	55.226
39.7125	-8.1875	55.224
39.7125	-8.1625	55.228
39.7125	-8.1375	55.23
39.7125	-8.1125	55.247
39.7125	-8.0875	55.268
39.7125	-8.0625	55.315
39.7125	-8.0375	55.359
39.7125	-8.0125	55.404
39.7125	-7.9875	55.448
39.7125	-7.9625	55.46
39.7125	-7.9375	55.463
39.7125	-7.9125	55.45
39.7125	-7.8875	55.434
39.7125	-7.8625	55.405
39.7125	-7.8375	55.376
39.7125	-7.8125	55.353
39.7125	-7.7875	55.317
39.7125	-7.7625	55.299
39.7125	-7.7375	55.301
39.7125	-7.7125	55.299
39.7125	-7.6875	55.295
39.7125	-7.6625	55.303
39.7125	-7.6375	55.301
39.7125	-7.6125	55.282
39.7125	-7.5875	55.241
39.7125	-7.5625	55.209
39.7125	-7.5375	55.165
39.7125	-7.5125	55.13
39.7125	-7.4875	55.079
39.7125	-7.4625	55.026
39.7125	-7.4375	54.983
39.7125	-7.4125	54.939
39.7125	-7.3875	54.902
39.7125	-7.3625	54.858
39.7125	-7.3375	54.818
39.7125	-7.3125	54.786
39.7125	-7.2875	54.77
39.7125	-7.2625	54.76
39.7125	-7.2375	54.751
39.7125	-7.2125	54.74
39.7125	-7.1875	54.737
39.7125	-7.1625	54.713
39.7125	-7.1375	54.672
39.7125	-7.1125	54.64
39.7125	-7.0875	54.608
39.7125	-7.0625	54.584
39.7125	-7.0375	54.556
39.7125	-7.0125	54.549
39.7125	-6.9875	54.548
39.7125	-6.9625	54.547
39.7125	-6.9375	54.542
39.7125	-6.9125	54.535
39.7125	-6.8875	54.539
39.7125	-6.8625	54.535
39.7125	-6.8375	54.52
39.7125	-6.8125	54.496
39.7125	-6.7875	54.479
39.7125	-6.7625	54.452
39.7125	-6.7375	54.424
39.7125	-6.7125	54.396
39.7125	-6.6875	54.384
39.7125	-6.6625	54.364
39.7125	-6.6375	54.354
39.7125	-6.6125	54.335
39.7125	-6.5875	54.322
39.7125	-6.5625	54.303
39.7125	-6.5375	54.291
39.7125	-6.5125	54.269
39.7125	-6.4875	54.255
39.7125	-6.4625	54.243
39.7125	-6.4375	54.245
39.7125	-6.4125	54.241
39.7125	-6.3875	54.232
39.7125	-6.3625	54.229
39.7125	-6.3375	54.223
39.7125	-6.3125	54.221
39.7125	-6.2875	54.221
39.7125	-6.2625	54.217
39.7125	-6.2375	54.206
39.7125	-6.2125	54.196
39.7125	-6.1875	54.185
39.7125	-6.1625	54.165
39.7125	-6.1375	54.151
39.7125	-6.1125	54.137
39.7125	-6.0875	54.121
39.7125	-6.0625	54.105
39.7125	-6.0375	54.091
39.7125	-6.0125	54.081
39.7125	-5.9875	54.076
39.7375	-10.0125	48.873
39.7375	-9.9875	48.978
39.7375	-9.9625	49.096
39.7375	-9.9375	49.223
39.7375	-9.9125	49.36
39.7375	-9.8875	49.501
39.7375	-9.8625	49.648
39.7375	-9.8375	49.804
39.7375	-9.8125	49.969
39.7375	-9.7875	50.141
39.7375	-9.7625	50.321
39.7375	-9.7375	50.507
39.7375	-9.7125	50.696
39.7375	-9.6875	50.887
39.7375	-9.6625	51.073
39.7375	-9.6375	51.257
39.7375	-9.6125	51.436
39.7375	-9.5875	51.61
39.7375	-9.5625	51.763
39.7375	-9.5375	51.894
39.7375	-9.5125	52.007
39.7375	-9.4875	52.109
39.7375	-9.4625	52.202
39.7375	-9.4375	52.285
39.7375	-9.4125	52.362
39.7375	-9.3875	52.433
39.7375	-9.3625	52.501
39.7375	-9.3375	52.566
39.7375	-9.3125	52.628
39.7375	-9.2875	52.687
39.7375	-9.2625	52.743
39.7375	-9.2375	52.794
39.7375	-9.2125	52.841
39.7375	-9.1875	52.888
39.7375	-9.1625	52.935
39.7375	-9.1375	52.984
39.7375	-9.1125	53.035
39.7375	-9.0875	53.092
39.7375	-9.0625	53.159
39.7375	-9.0375	53.227
39.7375	-9.0125	53.31
39.7375	-8.9875	53.397
39.7375	-8.9625	53.494
39.7375	-8.9375	53.583
39.7375	-8.9125	53.671
39.7375	-8.8875	53.752
39.7375	-8.8625	53.827
39.7375	-8.8375	53.905
39.7375	-8.8125	53.972
39.7375	-8.7875	54.072
39.7375	-8.7625	54.182
39.7375	-8.7375	54.287
39.7375	-8.7125	54.388
39.7375	-8.6875	54.479
39.7375	-8.6625	54.571
39.7375	-8.6375	54.666
39.7375	-8.6125	54.718
39.7375	-8.5875	54.755
39.7375	-8.5625	54.788
39.7375	-8.5375	54.805
39.7375	-8.5125	54.832
39.7375	-8.4875	54.854
39.7375	-8.4625	54.9
39.7375	-8.4375	54.948
39.7375	-8.4125	54.998
39.7375	-8.3875	55.045
39.7375	-8.3625	55.077
39.7375	-8.3375	55.105
39.7375	-8.3125	55.132
39.7375	-8.2875	55.158
39.7375	-8.2625	55.185
39.7375	-8.2375	55.193
39.7375	-8.2125	55.213
39.7375	-8.1875	55.238
39.7375	-8.1625	55.248
39.7375	-8.1375	55.261
39.7375	-8.1125	55.278
39.7375	-8.0875	55.327
39.7375	-8.0625	55.378
39.7375	-8.0375	55.445
39.7375	-8.0125	55.496
39.7375	-7.9875	55.537
39.7375	-7.9625	55.556
39.7375	-7.9375	55.564
39.7375	-7.9125	55.55
39.7375	-7.8875	55.523
39.7375	-7.8625	55.485
39.7375	-7.8375	55.461
39.7375	-7.8125	55.418
39.7375	-7.7875	55.389
39.7375	-7.7625	55.349
39.7375	-7.7375	55.338
39.7375	-7.7125	55.323
39.7375	-7.6875	55.326
39.7375	-7.6625	55.33
39.7375	-7.6375	55.329
39.7375	-7.6125	55.304
39.7375	-7.5875	55.26
39.7375	-7.5625	55.213
39.7375	-7.5375	55.169
39.7375	-7.5125	55.12
39.7375	-7.4875	55.072
39.7375	-7.4625	55.017
39.7375	-7.4375	54.967
39.7375	-7.4125	54.907
39.7375	-7.3875	54.856
39.7375	-7.3625	54.822
39.7375	-7.3375	54.794
39.7375	-7.3125	54.789
39.7375	-7.2875	54.8
39.7375	-7.2625	54.802
39.7375	-7.2375	54.815
39.7375	-7.2125	54.793
39.7375	-7.1875	54.777
39.7375	-7.1625	54.739
39.7375	-7.1375	54.69
39.7375	-7.1125	54.628
39.7375	-7.0875	54.588
39.7375	-7.0625	54.555
39.7375	-7.0375	54.531
39.7375	-7.0125	54.522
39.7375	-6.9875	54.517
39.7375	-6.9625	54.521
39.7375	-6.9375	54.528
39.7375	-6.9125	54.517
39.7375	-6.8875	54.499
39.7375	-6.8625	54.484
39.7375	-6.8375	54.471
39.7375	-6.8125	54.456
39.7375	-6.7875	54.441
39.7375	-6.7625	54.43
39.7375	-6.7375	54.412
39.7375	-6.7125	54.395
39.7375	-6.6875	54.378
39.7375	-6.6625	54.362
39.7375	-6.6375	54.348
39.7375	-6.6125	54.338
39.7375	-6.5875	54.321
39.7375	-6.5625	54.303
39.7375	-6.5375	54.287
39.7375	-6.5125	54.284
39.7375	-6.4875	54.263
39.7375	-6.4625	54.253
39.7375	-6.4375	54.249
39.7375	-6.4125	54.24
39.7375	-6.3875	54.232
39.7375	-6.3625	54.226
39.7375	-6.3375	54.226
39.7375	-6.3125	54.216
39.7375	-6.2875	54.206
39.7375	-6.2625	54.197
39.7375	-6.2375	54.178
39.7375	-6.2125	54.17
39.7375	-6.1875	54.162
39.7375	-6.1625	54.152
39.7375	-6.1375	54.144
39.7375	-6.1125	54.126
39.7375	-6.0875	54.106
39.7375	-6.0625	54.086
39.7375	-6.0375	54.069
39.7375	-6.0125	54.054
39.7375	-5.9875	54.046
39.7625	-10.0125	48.774
39.7625	-9.9875	48.887
39.7625	-9.9625	49.01
39.7625	-9.9375	49.145
39.7625	-9.9125	49.29
39.7625	-9.8875	49.44
39.7625	-9.8625	49.595
39.7625	-9.8375	49.756
39.7625	-9.8125	49.923
39.7625	-9.7875	50.097
39.7625	-9.7625	50.277
39.7625	-9.7375	50.466
39.7625	-9.7125	50.66
39.7625	-9.6875	50.851
39.7625	-9.6625	51.036
39.7625	-9.6375	51.221
39.7625	-9.6125	51.411
39.7625	-9.5875	51.595
39.7625	-9.5625	51.751
39.7625	-9.5375	51.88
39.7625	-9.5125	51.992
39.7625	-9.4875	52.094
39.7625	-9.4625	52.189
39.7625	-9.4375	52.273
39.7625	-9.4125	52.35
39.7625	-9.3875	52.422
39.7625	-9.3625	52.491
39.7625	-9.3375	52.558
39.7625	-9.3125	52.623
39.7625	-9.2875	52.684
39.7625	-9.2625	52.742
39.7625	-9.2375	52.795
39.7625	-9.2125	52.843
39.7625	-9.1875	52.888
39.7625	-9.1625	52.931
39.7625	-9.1375	52.974
39.7625	-9.1125	53.021
39.7625	-9.0875	53.061
39.7625	-9.0625	53.118
39.7625	-9.0375	53.177
39.7625	-9.0125	53.256
39.7625	-8.9875	53.347
39.7625	-8.9625	53.442
39.7625	-8.9375	53.535
39.7625	-8.9125	53.621
39.7625	-8.8875	53.701
39.7625	-8.8625	53.777
39.7625	-8.8375	53.844
39.7625	-8.8125	53.932
39.7625	-8.7875	54.031
39.7625	-8.7625	54.139
39.7625	-8.7375	54.252
39.7625	-8.7125	54.364
39.7625	-8.6875	54.478
39.7625	-8.6625	54.572
39.7625	-8.6375	54.652
39.7625	-8.6125	54.727
39.7625	-8.5875	54.762
39.7625	-8.5625	54.797
39.7625	-8.5375	54.818
39.7625	-8.5125	54.85
39.7625	-8.4875	54.875
39.7625	-8.4625	54.927
39.7625	-8.4375	54.988
39.7625	-8.4125	55.048
39.7625	-8.3875	55.094
39.7625	-8.3625	55.132
39.7625	-8.3375	55.16
39.7625	-8.3125	55.174
39.7625	-8.2875	55.194
39.7625	-8.2625	55.208
39.7625	-8.2375	55.211
39.7625	-8.2125	55.238
39.7625	-8.1875	55.245
39.7625	-8.1625	55.262
39.7625	-8.1375	55.283
39.7625	-8.1125	55.304
39.7625	-8.0875	55.365
39.7625	-8.0625	55.43
39.7625	-8.0375	55.503
39.7625	-8.0125	55.555
39.7625	-7.9875	55.613
39.7625	-7.9625	55.647
39.7625	-7.9375	55.648
39.7625	-7.9125	55.644
39.7625	-7.8875	55.617
39.7625	-7.8625	55.581
39.7625	-7.8375	55.539
39.7625	-7.8125	55.502
39.7625	-7.7875	55.456
39.7625	-7.7625	55.431
39.7625	-7.7375	55.393
39.7625	-7.7125	55.383
39.7625	-7.6875	55.36
39.7625	-7.6625	55.353
39.7625	-7.6375	55.336
39.7625	-7.6125	55.304
39.7625	-7.5875	55.257
39.7625	-7.5625	55.219
39.7625	-7.5375	55.18
39.7625	-7.5125	55.153
39.7625	-7.4875	55.102
39.7625	-7.4625	55.04
39.7625	-7.4375	54.98
39.7625	-7.4125	54.923
39.7625	-7.3875	54.859
39.7625	-7.3625	54.823
39.7625	-7.3375	54.807
39.7625	-7.3125	54.818
39.7625	-7.2875	54.844
39.7625	-7.2625	54.874
39.7625	-7.2375	54.882
39.7625	-7.2125	54.864
39.7625	-7.1875	54.838
39.7625	-7.1625	54.78
39.7625	-7.1375	54.706
39.7625	-7.1125	54.63
39.7625	-7.0875	54.564
39.7625	-7.0625	54.546
39.7625	-7.0375	54.531
39.7625	-7.0125	54.521
39.7625	-6.9875	54.515
39.7625	-6.9625	54.518
39.7625	-6.9375	54.513
39.7625	-6.9125	54.505
39.7625	-6.8875	54.495
39.7625	-6.8625	54.465
39.7625	-6.8375	54.46
39.7625	-6.8125	54.439
39.7625	-6.7875	54.433
39.7625	-6.7625	54.413
39.7625	-6.7375	54.404
39.7625	-6.7125	54.389
39.7625	-6.6875	54.373
39.7625	-6.6625	54.36
39.7625	-6.6375	54.361
39.7625	-6.6125	54.348
39.7625	-6.5875	54.337
39.7625	-6.5625	54.324
39.7625	-6.5375	54.307
39.7625	-6.5125	54.299
39.7625	-6.4875	54.285
39.7625	-6.4625	54.276
39.7625	-6.4375	54.262
39.7625	-6.4125	54.257
39.7625	-6.3875	54.25
39.7625	-6.3625	54.236
39.7625	-6.3375	54.227
39.7625	-6.3125	54.218
39.7625	-6.2875	54.197
39.7625	-6.2625	54.184
39.7625	-6.2375	54.179
39.7625	-6.2125	54.162
39.7625	-6.1875	54.155
39.7625	-6.1625	54.143
39.7625	-6.1375	54.136
39.7625	-6.1125	54.118
39.7625	-6.0875	54.094
39.7625	-6.0625	54.081
39.7625	-6.0375	54.055
39.7625	-6.0125	54.041
39.7625	-5.9875	54.032
39.7875	-10.0125	48.695
39.7875	-9.9875	48.818
39.7875	-9.9625	48.951
39.7875	-9.9375	49.096
39.7875	-9.9125	49.251
39.7875	-9.8875	49.414
39.7875	-9.8625	49.578
39.7875	-9.8375	49.743
39.7875	-9.8125	49.912
39.7875	-9.7875	50.087
39.7875	-9.7625	50.269
39.7875	-9.7375	50.461
39.7875	-9.7125	50.657
39.7875	-9.6875	50.849
39.7875	-9.6625	51.035
39.7875	-9.6375	51.224
39.7875	-9.6125	51.425
39.7875	-9.5875	51.604
39.7875	-9.5625	51.75
39.7875	-9.5375	51.875
39.7875	-9.5125	51.985
39.7875	-9.4875	52.087
39.7875	-9.4625	52.181
39.7875	-9.4375	52.264
39.7875	-9.4125	52.342
39.7875	-9.3875	52.414
39.7875	-9.3625	52.484
39.7875	-9.3375	52.553
39.7875	-9.3125	52.62
39.7875	-9.2875	52.684
39.7875	-9.2625	52.744
39.7875	-9.2375	52.799
39.7875	-9.2125	52.848
39.7875	-9.1875	52.892
39.7875	-9.1625	52.933
39.7875	-9.1375	52.975
39.7875	-9.1125	53.017
39.7875	-9.0875	53.052
39.7875	-9.0625	53.104
39.7875	-9.0375	53.164
39.7875	-9.0125	53.246
39.7875	-8.9875	53.336
39.7875	-8.9625	53.425
39.7875	-8.9375	53.524
39.7875	-8.9125	53.601
39.7875	-8.8875	53.675
39.7875	-8.8625	53.738
39.7875	-8.8375	53.811
39.7875	-8.8125	53.896
39.7875	-8.7875	53.989
39.7875	-8.7625	54.112
39.7875	-8.7375	54.224
39.7875	-8.7125	54.343
39.7875	-8.6875	54.46
39.7875	-8.6625	54.569
39.7875	-8.6375	54.641
39.7875	-8.6125	54.709
39.7875	-8.5875	54.751
39.7875	-8.5625	54.792
39.7875	-8.5375	54.824
39.7875	-8.5125	54.857
39.7875	-8.4875	54.903
39.7875	-8.4625	54.955
39.7875	-8.4375	55.024
39.7875	-8.4125	55.084
39.7875	-8.3875	55.133
39.7875	-8.3625	55.166
39.7875	-8.3375	55.19
39.7875	-8.3125	55.205
39.7875	-8.2875	55.22
39.7875	-8.2625	55.233
39.7875	-8.2375	55.24
39.7875	-8.2125	55.253
39.7875	-8.1875	55.266
39.7875	-8.1625	55.281
39.7875	-8.1375	55.299
39.7875	-8.1125	55.341
39.7875	-8.0875	55.402
39.7875	-8.0625	55.463
39.7875	-8.0375	55.544
39.7875	-8.0125	55.615
39.7875	-7.9875	55.677
39.7875	-7.9625	55.701
39.7875	-7.9375	55.723
39.7875	-7.9125	55.745
39.7875	-7.8875	55.722
39.7875	-7.8625	55.677
39.7875	-7.8375	55.628
39.7875	-7.8125	55.598
39.7875	-7.7875	55.558
39.7875	-7.7625	55.495
39.7875	-7.7375	55.469
39.7875	-7.7125	55.432
39.7875	-7.6875	55.41
39.7875	-7.6625	55.387
39.7875	-7.6375	55.343
39.7875	-7.6125	55.31
39.7875	-7.5875	55.266
39.7875	-7.5625	55.233
39.7875	-7.5375	55.22
39.7875	-7.5125	55.206
39.7875	-7.4875	55.17
39.7875	-7.4625	55.116
39.7875	-7.4375	55.034
39.7875	-7.4125	54.959
39.7875	-7.3875	54.9
39.7875	-7.3625	54.858
39.7875	-7.3375	54.851
39.7875	-7.3125	54.859
39.7875	-7.2875	54.892
39.7875	-7.2625	54.929
39.7875	-7.2375	54.928
39.7875	-7.2125	54.915
39.7875	-7.1875	54.876
39.7875	-7.1625	54.798
39.7875	-7.1375	54.696
39.7875	-7.1125	54.616
39.7875	-7.0875	54.559
39.7875	-7.0625	54.539
39.7875	-7.0375	54.547
39.7875	-7.0125	54.56
39.7875	-6.9875	54.559
39.7875	-6.9625	54.553
39.7875	-6.9375	54.532
39.7875	-6.9125	54.51
39.7875	-6.8875	54.496
39.7875	-6.8625	54.471
39.7875	-6.8375	54.46
39.7875	-6.8125	54.452
39.7875	-6.7875	54.451
39.7875	-6.7625	54.435
39.7875	-6.7375	54.435
39.7875	-6.7125	54.417
39.7875	-6.6875	54.402
39.7875	-6.6625	54.397
39.7875	-6.6375	54.378
39.7875	-6.6125	54.364
39.7875	-6.5875	54.356
39.7875	-6.5625	54.345
39.7875	-6.5375	54.333
39.7875	-6.5125	54.313
39.7875	-6.4875	54.298
39.7875	-6.4625	54.293
39.7875	-6.4375	54.281
39.7875	-6.4125	54.269
39.7875	-6.3875	54.253
39.7875	-6.3625	54.251
39.7875	-6.3375	54.243
39.7875	-6.3125	54.226
39.7875	-6.2875	54.217
39.7875	-6.2625	54.202
39.7875	-6.2375	54.194
39.7875	-6.2125	54.178
39.7875	-6.1875	54.172
39.7875	-6.1625	54.159
39.7875	-6.1375	54.142
39.7875	-6.1125	54.114
39.7875	-6.0875	54.091
39.7875	-6.0625	54.067
39.7875	-6.0375	54.053
39.7875	-6.0125	54.033
39.7875	-5.9875	54.023
39.8125	-10.0125	48.637
39.8125	-9.9875	48.777
39.8125	-9.9625	48.924
39.8125	-9.9375	49.08
39.8125	-9.9125	49.246
39.8125	-9.8875	49.42
39.8125	-9.8625	49.595
39.8125	-9.8375	49.768
39.8125	-9.8125	49.942
39.8125	-9.7875	50.119
39.8125	-9.7625	50.303
39.8125	-9.7375	50.495
39.8125	-9.7125	50.695
39.8125	-9.6875	50.892
39.8125	-9.6625	51.078
39.8125	-9.6375	51.269
39.8125	-9.6125	51.463
39.8125	-9.5875	51.628
39.8125	-9.5625	51.764
39.8125	-9.5375	51.88
39.8125	-9.5125	51.987
39.8125	-9.4875	52.087
39.8125	-9.4625	52.178
39.8125	-9.4375	52.261
39.8125	-9.4125	52.336
39.8125	-9.3875	52.409
39.8125	-9.3625	52.48
39.8125	-9.3375	52.549
39.8125	-9.3125	52.618
39.8125	-9.2875	52.684
39.8125	-9.2625	52.747
39.8125	-9.2375	52.804
39.8125	-9.2125	52.855
39.8125	-9.1875	52.9
39.8125	-9.1625	52.942
39.8125	-9.1375	52.982
39.8125	-9.1125	53.022
39.8125	-9.0875	53.065
39.8125	-9.0625	53.121
39.8125	-9.0375	53.177
39.8125	-9.0125	53.26
39.8125	-8.9875	53.353
39.8125	-8.9625	53.436
39.8125	-8.9375	53.529
39.8125	-8.9125	53.602
39.8125	-8.8875	53.66
39.8125	-8.8625	53.721
39.8125	-8.8375	53.795
39.8125	-8.8125	53.874
39.8125	-8.7875	53.973
39.8125	-8.7625	54.075
39.8125	-8.7375	54.192
39.8125	-8.7125	54.316
39.8125	-8.6875	54.427
39.8125	-8.6625	54.534
39.8125	-8.6375	54.614
39.8125	-8.6125	54.67
39.8125	-8.5875	54.73
39.8125	-8.5625	54.78
39.8125	-8.5375	54.832
39.8125	-8.5125	54.876
39.8125	-8.4875	54.914
39.8125	-8.4625	54.972
39.8125	-8.4375	55.038
39.8125	-8.4125	55.111
39.8125	-8.3875	55.146
39.8125	-8.3625	55.187
39.8125	-8.3375	55.211
39.8125	-8.3125	55.226
39.8125	-8.2875	55.234
39.8125	-8.2625	55.248
39.8125	-8.2375	55.271
39.8125	-8.2125	55.283
39.8125	-8.1875	55.307
39.8125	-8.1625	55.312
39.8125	-8.1375	55.325
39.8125	-8.1125	55.377
39.8125	-8.0875	55.442
39.8125	-8.0625	55.522
39.8125	-8.0375	55.597
39.8125	-8.0125	55.659
39.8125	-7.9875	55.726
39.8125	-7.9625	55.766
39.8125	-7.9375	55.787
39.8125	-7.9125	55.81
39.8125	-7.8875	55.802
39.8125	-7.8625	55.777
39.8125	-7.8375	55.724
39.8125	-7.8125	55.685
39.8125	-7.7875	55.635
39.8125	-7.7625	55.582
39.8125	-7.7375	55.543
39.8125	-7.7125	55.517
39.8125	-7.6875	55.484
39.8125	-7.6625	55.447
39.8125	-7.6375	55.411
39.8125	-7.6125	55.368
39.8125	-7.5875	55.327
39.8125	-7.5625	55.301
39.8125	-7.5375	55.286
39.8125	-7.5125	55.274
39.8125	-7.4875	55.23
39.8125	-7.4625	55.181
39.8125	-7.4375	55.108
39.8125	-7.4125	55.034
39.8125	-7.3875	54.963
39.8125	-7.3625	54.922
39.8125	-7.3375	54.904
39.8125	-7.3125	54.894
39.8125	-7.2875	54.896
39.8125	-7.2625	54.902
39.8125	-7.2375	54.897
39.8125	-7.2125	54.887
39.8125	-7.1875	54.843
39.8125	-7.1625	54.785
39.8125	-7.1375	54.711
39.8125	-7.1125	54.625
39.8125	-7.0875	54.581
39.8125	-7.0625	54.592
39.8125	-7.0375	54.614
39.8125	-7.0125	54.628
39.8125	-6.9875	54.631
39.8125	-6.9625	54.593
39.8125	-6.9375	54.547
39.8125	-6.9125	54.527
39.8125	-6.8875	54.515
39.8125	-6.8625	54.498
39.8125	-6.8375	54.49
39.8125	-6.8125	54.486
39.8125	-6.7875	54.488
39.8125	-6.7625	54.482
39.8125	-6.7375	54.47
39.8125	-6.7125	54.464
39.8125	-6.6875	54.447
39.8125	-6.6625	54.428
39.8125	-6.6375	54.4
39.8125	-6.6125	54.388
39.8125	-6.5875	54.375
39.8125	-6.5625	54.361
39.8125	-6.5375	54.351
39.8125	-6.5125	54.341
39.8125	-6.4875	54.325
39.8125	-6.4625	54.309
39.8125	-6.4375	54.303
39.8125	-6.4125	54.298
39.8125	-6.3875	54.274
39.8125	-6.3625	54.264
39.8125	-6.3375	54.259
39.8125	-6.3125	54.245
39.8125	-6.2875	54.231
39.8125	-6.2625	54.224
39.8125	-6.2375	54.218
39.8125	-6.2125	54.21
39.8125	-6.1875	54.196
39.8125	-6.1625	54.179
39.8125	-6.1375	54.159
39.8125	-6.1125	54.13
39.8125	-6.0875	54.098
39.8125	-6.0625	54.066
39.8125	-6.0375	54.053
39.8125	-6.0125	54.033
39.8125	-5.9875	54.034
39.8375	-10.0125	48.599
39.8375	-9.9875	48.76
39.8375	-9.9625	48.925
39.8375	-9.9375	49.095
39.8375	-9.9125	49.273
39.8375	-9.8875	49.458
39.8375	-9.8625	49.643
39.8375	-9.8375	49.826
39.8375	-9.8125	50.007
39.8375	-9.7875	50.184
39.8375	-9.7625	50.365
39.8375	-9.7375	50.554
39.8375	-9.7125	50.752
39.8375	-9.6875	50.95
39.8375	-9.6625	51.137
39.8375	-9.6375	51.321
39.8375	-9.6125	51.504
39.8375	-9.5875	51.661
39.8375	-9.5625	51.785
39.8375	-9.5375	51.892
39.8375	-9.5125	51.996
39.8375	-9.4875	52.094
39.8375	-9.4625	52.183
39.8375	-9.4375	52.263
39.8375	-9.4125	52.336
39.8375	-9.3875	52.407
39.8375	-9.3625	52.477
39.8375	-9.3375	52.547
39.8375	-9.3125	52.617
39.8375	-9.2875	52.685
39.8375	-9.2625	52.75
39.8375	-9.2375	52.809
39.8375	-9.2125	52.863
39.8375	-9.1875	52.91
39.8375	-9.1625	52.953
39.8375	-9.1375	52.992
39.8375	-9.1125	53.042
39.8375	-9.0875	53.085
39.8375	-9.0625	53.14
39.8375	-9.0375	53.201
39.8375	-9.0125	53.278
39.8375	-8.9875	53.371
39.8375	-8.9625	53.462
39.8375	-8.9375	53.549
39.8375	-8.9125	53.617
39.8375	-8.8875	53.663
39.8375	-8.8625	53.71
39.8375	-8.8375	53.769
39.8375	-8.8125	53.852
39.8375	-8.7875	53.948
39.8375	-8.7625	54.047
39.8375	-8.7375	54.163
39.8375	-8.7125	54.277
39.8375	-8.6875	54.383
39.8375	-8.6625	54.486
39.8375	-8.6375	54.556
39.8375	-8.6125	54.633
39.8375	-8.5875	54.709
39.8375	-8.5625	54.78
39.8375	-8.5375	54.838
39.8375	-8.5125	54.883
39.8375	-8.4875	54.934
39.8375	-8.4625	54.994
39.8375	-8.4375	55.067
39.8375	-8.4125	55.129
39.8375	-8.3875	55.155
39.8375	-8.3625	55.197
39.8375	-8.3375	55.222
39.8375	-8.3125	55.257
39.8375	-8.2875	55.259
39.8375	-8.2625	55.285
39.8375	-8.2375	55.314
39.8375	-8.2125	55.328
39.8375	-8.1875	55.351
39.8375	-8.1625	55.373
39.8375	-8.1375	55.406
39.8375	-8.1125	55.457
39.8375	-8.0875	55.528
39.8375	-8.0625	55.595
39.8375	-8.0375	55.663
39.8375	-8.0125	55.709
39.8375	-7.9875	55.771
39.8375	-7.9625	55.825
39.8375	-7.9375	55.857
39.8375	-7.9125	55.878
39.8375	-7.8875	55.875
39.8375	-7.8625	55.847
39.8375	-7.8375	55.804
39.8375	-7.8125	55.762
39.8375	-7.7875	55.719
39.8375	-7.7625	55.674
39.8375	-7.7375	55.632
39.8375	-7.7125	55.609
39.8375	-7.6875	55.58
39.8375	-7.6625	55.528
39.8375	-7.6375	55.477
39.8375	-7.6125	55.426
39.8375	-7.5875	55.391
39.8375	-7.5625	55.366
39.8375	-7.5375	55.342
39.8375	-7.5125	55.308
39.8375	-7.4875	55.26
39.8375	-7.4625	55.205
39.8375	-7.4375	55.141
39.8375	-7.4125	55.084
39.8375	-7.3875	55.034
39.8375	-7.3625	54.997
39.8375	-7.3375	54.949
39.8375	-7.3125	54.915
39.8375	-7.2875	54.885
39.8375	-7.2625	54.859
39.8375	-7.2375	54.842
39.8375	-7.2125	54.847
39.8375	-7.1875	54.82
39.8375	-7.1625	54.78
39.8375	-7.1375	54.724
39.8375	-7.1125	54.676
39.8375	-7.0875	54.663
39.8375	-7.0625	54.665
39.8375	-7.0375	54.687
39.8375	-7.0125	54.699
39.8375	-6.9875	54.68
39.8375	-6.9625	54.626
39.8375	-6.9375	54.58
39.8375	-6.9125	54.569
39.8375	-6.8875	54.568
39.8375	-6.8625	54.571
39.8375	-6.8375	54.547
39.8375	-6.8125	54.536
39.8375	-6.7875	54.536
39.8375	-6.7625	54.527
39.8375	-6.7375	54.522
39.8375	-6.7125	54.502
39.8375	-6.6875	54.482
39.8375	-6.6625	54.458
39.8375	-6.6375	54.441
39.8375	-6.6125	54.423
39.8375	-6.5875	54.39
39.8375	-6.5625	54.379
39.8375	-6.5375	54.363
39.8375	-6.5125	54.35
39.8375	-6.4875	54.329
39.8375	-6.4625	54.306
39.8375	-6.4375	54.294
39.8375	-6.4125	54.28
39.8375	-6.3875	54.269
39.8375	-6.3625	54.261
39.8375	-6.3375	54.257
39.8375	-6.3125	54.258
39.8375	-6.2875	54.248
39.8375	-6.2625	54.243
39.8375	-6.2375	54.245
39.8375	-6.2125	54.25
39.8375	-6.1875	54.251
39.8375	-6.1625	54.229
39.8375	-6.1375	54.198
39.8375	-6.1125	54.164
39.8375	-6.0875	54.119
39.8375	-6.0625	54.08
39.8375	-6.0375	54.062
39.8375	-6.0125	54.039
39.8375	-5.9875	54.024
39.8625	-10.0125	48.592
39.8625	-9.9875	48.771
39.8625	-9.9625	48.954
39.8625	-9.9375	49.139
39.8625	-9.9125	49.329
39.8625	-9.8875	49.522
39.8625	-9.8625	49.715
39.8625	-9.8375	49.907
39.8625	-9.8125	50.096
39.8625	-9.7875	50.274
39.8625	-9.7625	50.449
39.8625	-9.7375	50.633
39.8625	-9.7125	50.825
39.8625	-9.6875	51.02
39.8625	-9.6625	51.205
39.8625	-9.6375	51.379
39.8625	-9.6125	51.548
39.8625	-9.5875	51.696
39.8625	-9.5625	51.811
39.8625	-9.5375	51.914
39.8625	-9.5125	52.013
39.8625	-9.4875	52.106
39.8625	-9.4625	52.191
39.8625	-9.4375	52.267
39.8625	-9.4125	52.338
39.8625	-9.3875	52.407
39.8625	-9.3625	52.475
39.8625	-9.3375	52.544
39.8625	-9.3125	52.615
39.8625	-9.2875	52.685
39.8625	-9.2625	52.752
39.8625	-9.2375	52.813
39.8625	-9.2125	52.869
39.8625	-9.1875	52.92
39.8625	-9.1625	52.964
39.8625	-9.1375	53.015
39.8625	-9.1125	53.056
39.8625	-9.0875	53.108
39.8625	-9.0625	53.162
39.8625	-9.0375	53.221
39.8625	-9.0125	53.293
39.8625	-8.9875	53.381
39.8625	-8.9625	53.474
39.8625	-8.9375	53.558
39.8625	-8.9125	53.611
39.8625	-8.8875	53.653
39.8625	-8.8625	53.699
39.8625	-8.8375	53.755
39.8625	-8.8125	53.846
39.8625	-8.7875	53.931
39.8625	-8.7625	54.038
39.8625	-8.7375	54.141
39.8625	-8.7125	54.251
39.8625	-8.6875	54.355
39.8625	-8.6625	54.429
39.8625	-8.6375	54.523
39.8625	-8.6125	54.599
39.8625	-8.5875	54.69
39.8625	-8.5625	54.772
39.8625	-8.5375	54.853
39.8625	-8.5125	54.925
39.8625	-8.4875	54.957
39.8625	-8.4625	55.007
39.8625	-8.4375	55.072
39.8625	-8.4125	55.138
39.8625	-8.3875	55.17
39.8625	-8.3625	55.201
39.8625	-8.3375	55.234
39.8625	-8.3125	55.279
39.8625	-8.2875	55.316
39.8625	-8.2625	55.332
39.8625	-8.2375	55.362
39.8625	-8.2125	55.387
39.8625	-8.1875	55.415
39.8625	-8.1625	55.457
39.8625	-8.1375	55.506
39.8625	-8.1125	55.576
39.8625	-8.0875	55.643
39.8625	-8.0625	55.699
39.8625	-8.0375	55.75
39.8625	-8.0125	55.769
39.8625	-7.9875	55.814
39.8625	-7.9625	55.844
39.8625	-7.9375	55.872
39.8625	-7.9125	55.902
39.8625	-7.8875	55.904
39.8625	-7.8625	55.898
39.8625	-7.8375	55.865
39.8625	-7.8125	55.83
39.8625	-7.7875	55.792
39.8625	-7.7625	55.755
39.8625	-7.7375	55.71
39.8625	-7.7125	55.663
39.8625	-7.6875	55.613
39.8625	-7.6625	55.569
39.8625	-7.6375	55.516
39.8625	-7.6125	55.48
39.8625	-7.5875	55.438
39.8625	-7.5625	55.394
39.8625	-7.5375	55.361
39.8625	-7.5125	55.31
39.8625	-7.4875	55.256
39.8625	-7.4625	55.204
39.8625	-7.4375	55.153
39.8625	-7.4125	55.11
39.8625	-7.3875	55.061
39.8625	-7.3625	55.03
39.8625	-7.3375	54.99
39.8625	-7.3125	54.942
39.8625	-7.2875	54.901
39.8625	-7.2625	54.87
39.8625	-7.2375	54.852
39.8625	-7.2125	54.839
39.8625	-7.1875	54.821
39.8625	-7.1625	54.795
39.8625	-7.1375	54.77
39.8625	-7.1125	54.761
39.8625	-7.0875	54.761
39.8625	-7.0625	54.769
39.8625	-7.0375	54.783
39.8625	-7.0125	54.788
39.8625	-6.9875	54.761
39.8625	-6.9625	54.729
39.8625	-6.9375	54.7
39.8625	-6.9125	54.668
39.8625	-6.8875	54.67
39.8625	-6.8625	54.66
39.8625	-6.8375	54.641
39.8625	-6.8125	54.624
39.8625	-6.7875	54.607
39.8625	-6.7625	54.59
39.8625	-6.7375	54.573
39.8625	-6.7125	54.553
39.8625	-6.6875	54.515
39.8625	-6.6625	54.479
39.8625	-6.6375	54.464
39.8625	-6.6125	54.441
39.8625	-6.5875	54.423
39.8625	-6.5625	54.397
39.8625	-6.5375	54.38
39.8625	-6.5125	54.353
39.8625	-6.4875	54.331
39.8625	-6.4625	54.31
39.8625	-6.4375	54.283
39.8625	-6.4125	54.266
39.8625	-6.3875	54.254
39.8625	-6.3625	54.244
39.8625	-6.3375	54.243
39.8625	-6.3125	54.235
39.8625	-6.2875	54.237
39.8625	-6.2625	54.242
39.8625	-6.2375	54.252
39.8625	-6.2125	54.265
39.8625	-6.1875	54.256
39.8625	-6.1625	54.229
39.8625	-6.1375	54.202
39.8625	-6.1125	54.173
39.8625	-6.0875	54.135
39.8625	-6.0625	54.099
39.8625	-6.0375	54.081
39.8625	-6.0125	54.056
39.8625	-5.9875	54.035
39.8875	-10.0125	48.616
39.8875	-9.9875	48.807
39.8875	-9.9625	49.003
39.8875	-9.9375	49.2
39.8875	-9.9125	49.402
39.8875	-9.8875	49.604
39.8875	-9.8625	49.804
39.8875	-9.8375	49.999
39.8875	-9.8125	50.19
39.8875	-9.7875	50.371
39.8875	-9.7625	50.548
39.8875	-9.7375	50.728
39.8875	-9.7125	50.913
39.8875	-9.6875	51.099
39.8875	-9.6625	51.273
39.8875	-9.6375	51.439
39.8875	-9.6125	51.596
39.8875	-9.5875	51.733
39.8875	-9.5625	51.842
39.8875	-9.5375	51.941
39.8875	-9.5125	52.034
39.8875	-9.4875	52.121
39.8875	-9.4625	52.201
39.8875	-9.4375	52.274
39.8875	-9.4125	52.342
39.8875	-9.3875	52.407
39.8875	-9.3625	52.474
39.8875	-9.3375	52.542
39.8875	-9.3125	52.612
39.8875	-9.2875	52.682
39.8875	-9.2625	52.751
39.8875	-9.2375	52.815
39.8875	-9.2125	52.873
39.8875	-9.1875	52.927
39.8875	-9.1625	52.975
39.8875	-9.1375	53.018
39.8875	-9.1125	53.071
39.8875	-9.0875	53.114
39.8875	-9.0625	53.168
39.8875	-9.0375	53.225
39.8875	-9.0125	53.295
39.8875	-8.9875	53.368
39.8875	-8.9625	53.445
39.8875	-8.9375	53.515
39.8875	-8.9125	53.564
39.8875	-8.8875	53.613
39.8875	-8.8625	53.668
39.8875	-8.8375	53.742
39.8875	-8.8125	53.836
39.8875	-8.7875	53.948
39.8875	-8.7625	54.062
39.8875	-8.7375	54.166
39.8875	-8.7125	54.258
39.8875	-8.6875	54.331
39.8875	-8.6625	54.4
39.8875	-8.6375	54.481
39.8875	-8.6125	54.578
39.8875	-8.5875	54.675
39.8875	-8.5625	54.793
39.8875	-8.5375	54.885
39.8875	-8.5125	54.942
39.8875	-8.4875	54.989
39.8875	-8.4625	55.023
39.8875	-8.4375	55.076
39.8875	-8.4125	55.144
39.8875	-8.3875	55.192
39.8875	-8.3625	55.235
39.8875	-8.3375	55.274
39.8875	-8.3125	55.324
39.8875	-8.2875	55.367
39.8875	-8.2625	55.403
39.8875	-8.2375	55.426
39.8875	-8.2125	55.451
39.8875	-8.1875	55.487
39.8875	-8.1625	55.516
39.8875	-8.1375	55.577
39.8875	-8.1125	55.651
39.8875	-8.0875	55.725
39.8875	-8.0625	55.781
39.8875	-8.0375	55.817
39.8875	-8.0125	55.83
39.8875	-7.9875	55.827
39.8875	-7.9625	55.833
39.8875	-7.9375	55.863
39.8875	-7.9125	55.897
39.8875	-7.8875	55.901
39.8875	-7.8625	55.903
39.8875	-7.8375	55.911
39.8875	-7.8125	55.886
39.8875	-7.7875	55.841
39.8875	-7.7625	55.78
39.8875	-7.7375	55.746
39.8875	-7.7125	55.704
39.8875	-7.6875	55.641
39.8875	-7.6625	55.59
39.8875	-7.6375	55.54
39.8875	-7.6125	55.497
39.8875	-7.5875	55.463
39.8875	-7.5625	55.416
39.8875	-7.5375	55.364
39.8875	-7.5125	55.304
39.8875	-7.4875	55.255
39.8875	-7.4625	55.202
39.8875	-7.4375	55.151
39.8875	-7.4125	55.099
39.8875	-7.3875	55.066
39.8875	-7.3625	55.044
39.8875	-7.3375	55.014
39.8875	-7.3125	54.987
39.8875	-7.2875	54.947
39.8875	-7.2625	54.919
39.8875	-7.2375	54.891
39.8875	-7.2125	54.871
39.8875	-7.1875	54.859
39.8875	-7.1625	54.847
39.8875	-7.1375	54.836
39.8875	-7.1125	54.847
39.8875	-7.0875	54.854
39.8875	-7.0625	54.865
39.8875	-7.0375	54.884
39.8875	-7.0125	54.889
39.8875	-6.9875	54.893
39.8875	-6.9625	54.869
39.8875	-6.9375	54.85
39.8875	-6.9125	54.834
39.8875	-6.8875	54.815
39.8875	-6.8625	54.796
39.8875	-6.8375	54.762
39.8875	-6.8125	54.721
39.8875	-6.7875	54.688
39.8875	-6.7625	54.649
39.8875	-6.7375	54.626
39.8875	-6.7125	54.593
39.8875	-6.6875	54.564
39.8875	-6.6625	54.519
39.8875	-6.6375	54.488
39.8875	-6.6125	54.469
39.8875	-6.5875	54.438
39.8875	-6.5625	54.42
39.8875	-6.5375	54.395
39.8875	-6.5125	54.367
39.8875	-6.4875	54.346
39.8875	-6.4625	54.323
39.8875	-6.4375	54.3
39.8875	-6.4125	54.28
39.8875	-6.3875	54.262
39.8875	-6.3625	54.239
39.8875	-6.3375	54.226
39.8875	-6.3125	54.218
39.8875	-6.2875	54.224
39.8875	-6.2625	54.228
39.8875	-6.2375	54.241
39.8875	-6.2125	54.255
39.8875	-6.1875	54.247
39.8875	-6.1625	54.23
39.8875	-6.1375	54.208
39.8875	-6.1125	54.175
39.8875	-6.0875	54.149
39.8875	-6.0625	54.127
39.8875	-6.0375	54.099
39.8875	-6.0125	54.067
39.8875	-5.9875	54.029
39.9125	-10.0125	48.663
39.9125	-9.9875	48.862
39.9125	-9.9625	49.066
39.9125	-9.9375	49.273
39.9125	-9.9125	49.485
39.9125	-9.8875	49.698
39.9125	-9.8625	49.9
39.9125	-9.8375	50.093
39.9125	-9.8125	50.28
39.9125	-9.7875	50.464
39.9125	-9.7625	50.644
39.9125	-9.7375	50.824
39.9125	-9.7125	51.002
39.9125	-9.6875	51.175
39.9125	-9.6625	51.339
39.9125	-9.6375	51.495
39.9125	-9.6125	51.643
39.9125	-9.5875	51.771
39.9125	-9.5625	51.877
39.9125	-9.5375	51.971
39.9125	-9.5125	52.06
39.9125	-9.4875	52.141
39.9125	-9.4625	52.216
39.9125	-9.4375	52.283
39.9125	-9.4125	52.347
39.9125	-9.3875	52.409
39.9125	-9.3625	52.472
39.9125	-9.3375	52.538
39.9125	-9.3125	52.606
39.9125	-9.2875	52.676
39.9125	-9.2625	52.746
39.9125	-9.2375	52.812
39.9125	-9.2125	52.874
39.9125	-9.1875	52.932
39.9125	-9.1625	52.982
39.9125	-9.1375	53.03
39.9125	-9.1125	53.074
39.9125	-9.0875	53.119
39.9125	-9.0625	53.174
39.9125	-9.0375	53.22
39.9125	-9.0125	53.278
39.9125	-8.9875	53.329
39.9125	-8.9625	53.392
39.9125	-8.9375	53.444
39.9125	-8.9125	53.499
39.9125	-8.8875	53.545
39.9125	-8.8625	53.613
39.9125	-8.8375	53.7
39.9125	-8.8125	53.819
39.9125	-8.7875	53.951
39.9125	-8.7625	54.089
39.9125	-8.7375	54.201
39.9125	-8.7125	54.266
39.9125	-8.6875	54.317
39.9125	-8.6625	54.371
39.9125	-8.6375	54.44
39.9125	-8.6125	54.55
39.9125	-8.5875	54.681
39.9125	-8.5625	54.797
39.9125	-8.5375	54.902
39.9125	-8.5125	54.968
39.9125	-8.4875	55.007
39.9125	-8.4625	55.038
39.9125	-8.4375	55.085
39.9125	-8.4125	55.155
39.9125	-8.3875	55.218
39.9125	-8.3625	55.278
39.9125	-8.3375	55.341
39.9125	-8.3125	55.386
39.9125	-8.2875	55.439
39.9125	-8.2625	55.475
39.9125	-8.2375	55.499
39.9125	-8.2125	55.517
39.9125	-8.1875	55.551
39.9125	-8.1625	55.575
39.9125	-8.1375	55.624
39.9125	-8.1125	55.683
39.9125	-8.0875	55.749
39.9125	-8.0625	55.804
39.9125	-8.0375	55.832
39.9125	-8.0125	55.838
39.9125	-7.9875	55.828
39.9125	-7.9625	55.824
39.9125	-7.9375	55.83
39.9125	-7.9125	55.86
39.9125	-7.8875	55.887
39.9125	-7.8625	55.907
39.9125	-7.8375	55.923
39.9125	-7.8125	55.912
39.9125	-7.7875	55.882
39.9125	-7.7625	55.84
39.9125	-7.7375	55.791
39.9125	-7.7125	55.737
39.9125	-7.6875	55.668
39.9125	-7.6625	55.601
39.9125	-7.6375	55.552
39.9125	-7.6125	55.508
39.9125	-7.5875	55.475
39.9125	-7.5625	55.427
39.9125	-7.5375	55.376
39.9125	-7.5125	55.314
39.9125	-7.4875	55.248
39.9125	-7.4625	55.185
39.9125	-7.4375	55.124
39.9125	-7.4125	55.085
39.9125	-7.3875	55.053
39.9125	-7.3625	55.036
39.9125	-7.3375	55.026
39.9125	-7.3125	55.014
39.9125	-7.2875	55.01
39.9125	-7.2625	55.006
39.9125	-7.2375	54.973
39.9125	-7.2125	54.953
39.9125	-7.1875	54.915
39.9125	-7.1625	54.905
39.9125	-7.1375	54.914
39.9125	-7.1125	54.917
39.9125	-7.0875	54.945
39.9125	-7.0625	54.963
39.9125	-7.0375	54.987
39.9125	-7.0125	55.004
39.9125	-6.9875	55.018
39.9125	-6.9625	55.012
39.9125	-6.9375	55.007
39.9125	-6.9125	55.004
39.9125	-6.8875	54.977
39.9125	-6.8625	54.941
39.9125	-6.8375	54.887
39.9125	-6.8125	54.829
39.9125	-6.7875	54.784
39.9125	-6.7625	54.737
39.9125	-6.7375	54.686
39.9125	-6.7125	54.635
39.9125	-6.6875	54.595
39.9125	-6.6625	54.553
39.9125	-6.6375	54.515
39.9125	-6.6125	54.484
39.9125	-6.5875	54.452
39.9125	-6.5625	54.434
39.9125	-6.5375	54.406
39.9125	-6.5125	54.388
39.9125	-6.4875	54.37
39.9125	-6.4625	54.348
39.9125	-6.4375	54.319
39.9125	-6.4125	54.307
39.9125	-6.3875	54.281
39.9125	-6.3625	54.25
39.9125	-6.3375	54.23
39.9125	-6.3125	54.216
39.9125	-6.2875	54.204
39.9125	-6.2625	54.204
39.9125	-6.2375	54.215
39.9125	-6.2125	54.231
39.9125	-6.1875	54.239
39.9125	-6.1625	54.232
39.9125	-6.1375	54.214
39.9125	-6.1125	54.187
39.9125	-6.0875	54.163
39.9125	-6.0625	54.142
39.9125	-6.0375	54.11
39.9125	-6.0125	54.08
39.9125	-5.9875	54.047
39.9375	-10.0125	48.726
39.9375	-9.9875	48.931
39.9375	-9.9625	49.142
39.9375	-9.9375	49.357
39.9375	-9.9125	49.576
39.9375	-9.8875	49.792
39.9375	-9.8625	49.995
39.9375	-9.8375	50.185
39.9375	-9.8125	50.368
39.9375	-9.7875	50.551
39.9375	-9.7625	50.732
39.9375	-9.7375	50.911
39.9375	-9.7125	51.084
39.9375	-9.6875	51.247
39.9375	-9.6625	51.4
39.9375	-9.6375	51.547
39.9375	-9.6125	51.687
39.9375	-9.5875	51.805
39.9375	-9.5625	51.907
39.9375	-9.5375	52.002
39.9375	-9.5125	52.084
39.9375	-9.4875	52.161
39.9375	-9.4625	52.229
39.9375	-9.4375	52.292
39.9375	-9.4125	52.351
39.9375	-9.3875	52.409
39.9375	-9.3625	52.469
39.9375	-9.3375	52.532
39.9375	-9.3125	52.601
39.9375	-9.2875	52.67
39.9375	-9.2625	52.741
39.9375	-9.2375	52.809
39.9375	-9.2125	52.874
39.9375	-9.1875	52.923
39.9375	-9.1625	52.979
39.9375	-9.1375	53.03
39.9375	-9.1125	53.077
39.9375	-9.0875	53.124
39.9375	-9.0625	53.159
39.9375	-9.0375	53.204
39.9375	-9.0125	53.24
39.9375	-8.9875	53.279
39.9375	-8.9625	53.319
39.9375	-8.9375	53.363
39.9375	-8.9125	53.408
39.9375	-8.8875	53.463
39.9375	-8.8625	53.54
39.9375	-8.8375	53.646
39.9375	-8.8125	53.774
39.9375	-8.7875	53.921
39.9375	-8.7625	54.06
39.9375	-8.7375	54.165
39.9375	-8.7125	54.223
39.9375	-8.6875	54.28
39.9375	-8.6625	54.336
39.9375	-8.6375	54.415
39.9375	-8.6125	54.53
39.9375	-8.5875	54.665
39.9375	-8.5625	54.808
39.9375	-8.5375	54.915
39.9375	-8.5125	54.991
39.9375	-8.4875	55.032
39.9375	-8.4625	55.072
39.9375	-8.4375	55.129
39.9375	-8.4125	55.189
39.9375	-8.3875	55.269
39.9375	-8.3625	55.336
39.9375	-8.3375	55.408
39.9375	-8.3125	55.463
39.9375	-8.2875	55.506
39.9375	-8.2625	55.54
39.9375	-8.2375	55.58
39.9375	-8.2125	55.598
39.9375	-8.1875	55.618
39.9375	-8.1625	55.639
39.9375	-8.1375	55.662
39.9375	-8.1125	55.699
39.9375	-8.0875	55.745
39.9375	-8.0625	55.779
39.9375	-8.0375	55.803
39.9375	-8.0125	55.811
39.9375	-7.9875	55.807
39.9375	-7.9625	55.801
39.9375	-7.9375	55.808
39.9375	-7.9125	55.828
39.9375	-7.8875	55.873
39.9375	-7.8625	55.906
39.9375	-7.8375	55.94
39.9375	-7.8125	55.941
39.9375	-7.7875	55.921
39.9375	-7.7625	55.876
39.9375	-7.7375	55.828
39.9375	-7.7125	55.759
39.9375	-7.6875	55.692
39.9375	-7.6625	55.626
39.9375	-7.6375	55.583
39.9375	-7.6125	55.54
39.9375	-7.5875	55.503
39.9375	-7.5625	55.442
39.9375	-7.5375	55.396
39.9375	-7.5125	55.331
39.9375	-7.4875	55.267
39.9375	-7.4625	55.201
39.9375	-7.4375	55.128
39.9375	-7.4125	55.069
39.9375	-7.3875	55.042
39.9375	-7.3625	55.037
39.9375	-7.3375	55.031
39.9375	-7.3125	55.041
39.9375	-7.2875	55.062
39.9375	-7.2625	55.064
39.9375	-7.2375	55.049
39.9375	-7.2125	55.02
39.9375	-7.1875	54.994
39.9375	-7.1625	54.977
39.9375	-7.1375	54.979
39.9375	-7.1125	55.001
39.9375	-7.0875	55.019
39.9375	-7.0625	55.06
39.9375	-7.0375	55.076
39.9375	-7.0125	55.103
39.9375	-6.9875	55.125
39.9375	-6.9625	55.142
39.9375	-6.9375	55.146
39.9375	-6.9125	55.151
39.9375	-6.8875	55.126
39.9375	-6.8625	55.069
39.9375	-6.8375	55.009
39.9375	-6.8125	54.938
39.9375	-6.7875	54.88
39.9375	-6.7625	54.799
39.9375	-6.7375	54.734
39.9375	-6.7125	54.679
39.9375	-6.6875	54.63
39.9375	-6.6625	54.576
39.9375	-6.6375	54.541
39.9375	-6.6125	54.496
39.9375	-6.5875	54.468
39.9375	-6.5625	54.432
39.9375	-6.5375	54.405
39.9375	-6.5125	54.386
39.9375	-6.4875	54.36
39.9375	-6.4625	54.35
39.9375	-6.4375	54.343
39.9375	-6.4125	54.328
39.9375	-6.3875	54.3
39.9375	-6.3625	54.268
39.9375	-6.3375	54.236
39.9375	-6.3125	54.214
39.9375	-6.2875	54.202
39.9375	-6.2625	54.19
39.9375	-6.2375	54.198
39.9375	-6.2125	54.205
39.9375	-6.1875	54.223
39.9375	-6.1625	54.233
39.9375	-6.1375	54.219
39.9375	-6.1125	54.198
39.9375	-6.0875	54.175
39.9375	-6.0625	54.153
39.9375	-6.0375	54.13
39.9375	-6.0125	54.106
39.9375	-5.9875	54.071
39.9625	-10.0125	48.792
39.9625	-9.9875	49.005
39.9625	-9.9625	49.223
39.9625	-9.9375	49.444
39.9625	-9.9125	49.665
39.9625	-9.8875	49.88
39.9625	-9.8625	50.08
39.9625	-9.8375	50.266
39.9625	-9.8125	50.45
39.9625	-9.7875	50.629
39.9625	-9.7625	50.809
39.9625	-9.7375	50.985
39.9625	-9.7125	51.151
39.9625	-9.6875	51.304
39.9625	-9.6625	51.45
39.9625	-9.6375	51.595
39.9625	-9.6125	51.727
39.9625	-9.5875	51.835
39.9625	-9.5625	51.936
39.9625	-9.5375	52.027
39.9625	-9.5125	52.108
39.9625	-9.4875	52.179
39.9625	-9.4625	52.242
39.9625	-9.4375	52.3
39.9625	-9.4125	52.355
39.9625	-9.3875	52.408
39.9625	-9.3625	52.466
39.9625	-9.3375	52.527
39.9625	-9.3125	52.595
39.9625	-9.2875	52.665
39.9625	-9.2625	52.737
39.9625	-9.2375	52.807
39.9625	-9.2125	52.864
39.9625	-9.1875	52.926
39.9625	-9.1625	52.984
39.9625	-9.1375	53.027
39.9625	-9.1125	53.077
39.9625	-9.0875	53.116
39.9625	-9.0625	53.152
39.9625	-9.0375	53.186
39.9625	-9.0125	53.211
39.9625	-8.9875	53.237
39.9625	-8.9625	53.253
39.9625	-8.9375	53.282
39.9625	-8.9125	53.315
39.9625	-8.8875	53.362
39.9625	-8.8625	53.448
39.9625	-8.8375	53.566
39.9625	-8.8125	53.703
39.9625	-8.7875	53.854
39.9625	-8.7625	53.977
39.9625	-8.7375	54.084
39.9625	-8.7125	54.159
39.9625	-8.6875	54.218
39.9625	-8.6625	54.294
39.9625	-8.6375	54.374
39.9625	-8.6125	54.498
39.9625	-8.5875	54.651
39.9625	-8.5625	54.796
39.9625	-8.5375	54.923
39.9625	-8.5125	55.004
39.9625	-8.4875	55.066
39.9625	-8.4625	55.117
39.9625	-8.4375	55.165
39.9625	-8.4125	55.237
39.9625	-8.3875	55.299
39.9625	-8.3625	55.363
39.9625	-8.3375	55.452
39.9625	-8.3125	55.509
39.9625	-8.2875	55.552
39.9625	-8.2625	55.593
39.9625	-8.2375	55.638
39.9625	-8.2125	55.656
39.9625	-8.1875	55.701
39.9625	-8.1625	55.719
39.9625	-8.1375	55.727
39.9625	-8.1125	55.723
39.9625	-8.0875	55.744
39.9625	-8.0625	55.749
39.9625	-8.0375	55.758
39.9625	-8.0125	55.778
39.9625	-7.9875	55.774
39.9625	-7.9625	55.779
39.9625	-7.9375	55.796
39.9625	-7.9125	55.835
39.9625	-7.8875	55.881
39.9625	-7.8625	55.9
39.9625	-7.8375	55.931
39.9625	-7.8125	55.928
39.9625	-7.7875	55.919
39.9625	-7.7625	55.906
39.9625	-7.7375	55.852
39.9625	-7.7125	55.792
39.9625	-7.6875	55.727
39.9625	-7.6625	55.676
39.9625	-7.6375	55.621
39.9625	-7.6125	55.591
39.9625	-7.5875	55.547
39.9625	-7.5625	55.495
39.9625	-7.5375	55.444
39.9625	-7.5125	55.381
39.9625	-7.4875	55.305
39.9625	-7.4625	55.235
39.9625	-7.4375	55.16
39.9625	-7.4125	55.095
39.9625	-7.3875	55.052
39.9625	-7.3625	55.043
39.9625	-7.3375	55.046
39.9625	-7.3125	55.063
39.9625	-7.2875	55.07
39.9625	-7.2625	55.09
39.9625	-7.2375	55.079
39.9625	-7.2125	55.058
39.9625	-7.1875	55.038
39.9625	-7.1625	55.023
39.9625	-7.1375	55.039
39.9625	-7.1125	55.061
39.9625	-7.0875	55.085
39.9625	-7.0625	55.114
39.9625	-7.0375	55.166
39.9625	-7.0125	55.189
39.9625	-6.9875	55.205
39.9625	-6.9625	55.225
39.9625	-6.9375	55.243
39.9625	-6.9125	55.24
39.9625	-6.8875	55.213
39.9625	-6.8625	55.155
39.9625	-6.8375	55.09
39.9625	-6.8125	55.026
39.9625	-6.7875	54.94
39.9625	-6.7625	54.855
39.9625	-6.7375	54.783
39.9625	-6.7125	54.71
39.9625	-6.6875	54.648
39.9625	-6.6625	54.6
39.9625	-6.6375	54.556
39.9625	-6.6125	54.512
39.9625	-6.5875	54.472
39.9625	-6.5625	54.437
39.9625	-6.5375	54.41
39.9625	-6.5125	54.368
39.9625	-6.4875	54.338
39.9625	-6.4625	54.33
39.9625	-6.4375	54.335
39.9625	-6.4125	54.324
39.9625	-6.3875	54.308
39.9625	-6.3625	54.282
39.9625	-6.3375	54.246
39.9625	-6.3125	54.214
39.9625	-6.2875	54.189
39.9625	-6.2625	54.178
39.9625	-6.2375	54.173
39.9625	-6.2125	54.191
39.9625	-6.1875	54.207
39.9625	-6.1625	54.22
39.9625	-6.1375	54.218
39.9625	-6.1125	54.201
39.9625	-6.0875	54.185
39.9625	-6.0625	54.171
39.9625	-6.0375	54.162
39.9625	-6.0125	54.142
39.9625	-5.9875	54.106
39.9875	-10.0125	48.852
39.9875	-9.9875	49.074
39.9875	-9.9625	49.3
39.9875	-9.9375	49.525
39.9875	-9.9125	49.746
39.9875	-9.8875	49.957
39.9875	-9.8625	50.153
39.9875	-9.8375	50.338
39.9875	-9.8125	50.519
39.9875	-9.7875	50.695
39.9875	-9.7625	50.87
39.9875	-9.7375	51.04
39.9875	-9.7125	51.2
39.9875	-9.6875	51.347
39.9875	-9.6625	51.493
39.9875	-9.6375	51.633
39.9875	-9.6125	51.759
39.9875	-9.5875	51.862
39.9875	-9.5625	51.963
39.9875	-9.5375	52.052
39.9875	-9.5125	52.129
39.9875	-9.4875	52.196
39.9875	-9.4625	52.255
39.9875	-9.4375	52.307
39.9875	-9.4125	52.357
39.9875	-9.3875	52.406
39.9875	-9.3625	52.462
39.9875	-9.3375	52.523
39.9875	-9.3125	52.589
39.9875	-9.2875	52.66
39.9875	-9.2625	52.732
39.9875	-9.2375	52.794
39.9875	-9.2125	52.861
39.9875	-9.1875	52.927
39.9875	-9.1625	52.977
39.9875	-9.1375	53.034
39.9875	-9.1125	53.076
39.9875	-9.0875	53.116
39.9875	-9.0625	53.142
39.9875	-9.0375	53.168
39.9875	-9.0125	53.181
39.9875	-8.9875	53.195
39.9875	-8.9625	53.209
39.9875	-8.9375	53.215
39.9875	-8.9125	53.238
39.9875	-8.8875	53.284
39.9875	-8.8625	53.374
39.9875	-8.8375	53.492
39.9875	-8.8125	53.648
39.9875	-8.7875	53.792
39.9875	-8.7625	53.9
39.9875	-8.7375	54.001
39.9875	-8.7125	54.078
39.9875	-8.6875	54.161
39.9875	-8.6625	54.235
39.9875	-8.6375	54.33
39.9875	-8.6125	54.467
39.9875	-8.5875	54.614
39.9875	-8.5625	54.782
39.9875	-8.5375	54.91
39.9875	-8.5125	55.007
39.9875	-8.4875	55.076
39.9875	-8.4625	55.131
39.9875	-8.4375	55.189
39.9875	-8.4125	55.254
39.9875	-8.3875	55.317
39.9875	-8.3625	55.385
39.9875	-8.3375	55.479
39.9875	-8.3125	55.553
39.9875	-8.2875	55.604
39.9875	-8.2625	55.655
39.9875	-8.2375	55.706
39.9875	-8.2125	55.735
39.9875	-8.1875	55.765
39.9875	-8.1625	55.79
39.9875	-8.1375	55.783
39.9875	-8.1125	55.773
39.9875	-8.0875	55.767
39.9875	-8.0625	55.778
39.9875	-8.0375	55.77
39.9875	-8.0125	55.759
39.9875	-7.9875	55.766
39.9875	-7.9625	55.779
39.9875	-7.9375	55.791
39.9875	-7.9125	55.834
39.9875	-7.8875	55.88
39.9875	-7.8625	55.909
39.9875	-7.8375	55.918
39.9875	-7.8125	55.938
39.9875	-7.7875	55.949
39.9875	-7.7625	55.953
39.9875	-7.7375	55.917
39.9875	-7.7125	55.88
39.9875	-7.6875	55.807
39.9875	-7.6625	55.741
39.9875	-7.6375	55.7
39.9875	-7.6125	55.665
39.9875	-7.5875	55.624
39.9875	-7.5625	55.579
39.9875	-7.5375	55.516
39.9875	-7.5125	55.442
39.9875	-7.4875	55.361
39.9875	-7.4625	55.289
39.9875	-7.4375	55.209
39.9875	-7.4125	55.139
39.9875	-7.3875	55.091
39.9875	-7.3625	55.074
39.9875	-7.3375	55.071
39.9875	-7.3125	55.079
39.9875	-7.2875	55.093
39.9875	-7.2625	55.101
39.9875	-7.2375	55.112
39.9875	-7.2125	55.095
39.9875	-7.1875	55.081
39.9875	-7.1625	55.069
39.9875	-7.1375	55.077
39.9875	-7.1125	55.097
39.9875	-7.0875	55.124
39.9875	-7.0625	55.155
39.9875	-7.0375	55.196
39.9875	-7.0125	55.221
39.9875	-6.9875	55.239
39.9875	-6.9625	55.275
39.9875	-6.9375	55.272
39.9875	-6.9125	55.282
39.9875	-6.8875	55.254
39.9875	-6.8625	55.197
39.9875	-6.8375	55.127
39.9875	-6.8125	55.045
39.9875	-6.7875	54.96
39.9875	-6.7625	54.877
39.9875	-6.7375	54.801
39.9875	-6.7125	54.736
39.9875	-6.6875	54.675
39.9875	-6.6625	54.626
39.9875	-6.6375	54.586
39.9875	-6.6125	54.547
39.9875	-6.5875	54.508
39.9875	-6.5625	54.469
39.9875	-6.5375	54.435
39.9875	-6.5125	54.381
39.9875	-6.4875	54.34
39.9875	-6.4625	54.324
39.9875	-6.4375	54.327
39.9875	-6.4125	54.314
39.9875	-6.3875	54.306
39.9875	-6.3625	54.285
39.9875	-6.3375	54.25
39.9875	-6.3125	54.213
39.9875	-6.2875	54.195
39.9875	-6.2625	54.173
39.9875	-6.2375	54.17
39.9875	-6.2125	54.17
39.9875	-6.1875	54.198
39.9875	-6.1625	54.216
39.9875	-6.1375	54.217
39.9875	-6.1125	54.209
39.9875	-6.0875	54.208
39.9875	-6.0625	54.208
39.9875	-6.0375	54.207
39.9875	-6.0125	54.189
39.9875	-5.9875	54.162
40.0125	-10.0125	48.897
40.0125	-9.9875	49.132
40.0125	-9.9625	49.363
40.0125	-9.9375	49.59
40.0125	-9.9125	49.81
40.0125	-9.8875	50.02
40.0125	-9.8625	50.215
40.0125	-9.8375	50.397
40.0125	-9.8125	50.575
40.0125	-9.7875	50.747
40.0125	-9.7625	50.917
40.0125	-9.7375	51.08
40.0125	-9.7125	51.235
40.0125	-9.6875	51.385
40.0125	-9.6625	51.525
40.0125	-9.6375	51.657
40.0125	-9.6125	51.782
40.0125	-9.5875	51.888
40.0125	-9.5625	51.986
40.0125	-9.5375	52.072
40.0125	-9.5125	52.146
40.0125	-9.4875	52.209
40.0125	-9.4625	52.262
40.0125	-9.4375	52.311
40.0125	-9.4125	52.359
40.0125	-9.3875	52.404
40.0125	-9.3625	52.458
40.0125	-9.3375	52.517
40.0125	-9.3125	52.583
40.0125	-9.2875	52.653
40.0125	-9.2625	52.715
40.0125	-9.2375	52.787
40.0125	-9.2125	52.857
40.0125	-9.1875	52.915
40.0125	-9.1625	52.978
40.0125	-9.1375	53.028
40.0125	-9.1125	53.072
40.0125	-9.0875	53.105
40.0125	-9.0625	53.143
40.0125	-9.0375	53.158
40.0125	-9.0125	53.172
40.0125	-8.9875	53.186
40.0125	-8.9625	53.179
40.0125	-8.9375	53.186
40.0125	-8.9125	53.207
40.0125	-8.8875	53.245
40.0125	-8.8625	53.336
40.0125	-8.8375	53.474
40.0125	-8.8125	53.626
40.0125	-8.7875	53.753
40.0125	-8.7625	53.866
40.0125	-8.7375	53.953
40.0125	-8.7125	54.038
40.0125	-8.6875	54.112
40.0125	-8.6625	54.203
40.0125	-8.6375	54.298
40.0125	-8.6125	54.427
40.0125	-8.5875	54.561
40.0125	-8.5625	54.733
40.0125	-8.5375	54.885
40.0125	-8.5125	54.987
40.0125	-8.4875	55.069
40.0125	-8.4625	55.132
40.0125	-8.4375	55.192
40.0125	-8.4125	55.264
40.0125	-8.3875	55.318
40.0125	-8.3625	55.39
40.0125	-8.3375	55.474
40.0125	-8.3125	55.58
40.0125	-8.2875	55.659
40.0125	-8.2625	55.726
40.0125	-8.2375	55.771
40.0125	-8.2125	55.789
40.0125	-8.1875	55.807
40.0125	-8.1625	55.822
40.0125	-8.1375	55.83
40.0125	-8.1125	55.806
40.0125	-8.0875	55.792
40.0125	-8.0625	55.792
40.0125	-8.0375	55.805
40.0125	-8.0125	55.823
40.0125	-7.9875	55.838
40.0125	-7.9625	55.844
40.0125	-7.9375	55.844
40.0125	-7.9125	55.866
40.0125	-7.8875	55.884
40.0125	-7.8625	55.919
40.0125	-7.8375	55.937
40.0125	-7.8125	55.96
40.0125	-7.7875	55.977
40.0125	-7.7625	55.994
40.0125	-7.7375	56.004
40.0125	-7.7125	55.97
40.0125	-7.6875	55.925
40.0125	-7.6625	55.848
40.0125	-7.6375	55.809
40.0125	-7.6125	55.759
40.0125	-7.5875	55.723
40.0125	-7.5625	55.683
40.0125	-7.5375	55.616
40.0125	-7.5125	55.522
40.0125	-7.4875	55.436
40.0125	-7.4625	55.347
40.0125	-7.4375	55.265
40.0125	-7.4125	55.194
40.0125	-7.3875	55.137
40.0125	-7.3625	55.113
40.0125	-7.3375	55.099
40.0125	-7.3125	55.114
40.0125	-7.2875	55.12
40.0125	-7.2625	55.125
40.0125	-7.2375	55.133
40.0125	-7.2125	55.125
40.0125	-7.1875	55.118
40.0125	-7.1625	55.108
40.0125	-7.1375	55.12
40.0125	-7.1125	55.127
40.0125	-7.0875	55.147
40.0125	-7.0625	55.176
40.0125	-7.0375	55.202
40.0125	-7.0125	55.23
40.0125	-6.9875	55.249
40.0125	-6.9625	55.267
40.0125	-6.9375	55.288
40.0125	-6.9125	55.279
40.0125	-6.8875	55.254
40.0125	-6.8625	55.199
40.0125	-6.8375	55.122
40.0125	-6.8125	55.049
40.0125	-6.7875	54.977
40.0125	-6.7625	54.895
40.0125	-6.7375	54.819
40.0125	-6.7125	54.756
40.0125	-6.6875	54.705
40.0125	-6.6625	54.659
40.0125	-6.6375	54.616
40.0125	-6.6125	54.586
40.0125	-6.5875	54.561
40.0125	-6.5625	54.515
40.0125	-6.5375	54.469
40.0125	-6.5125	54.43
40.0125	-6.4875	54.384
40.0125	-6.4625	54.36
40.0125	-6.4375	54.347
40.0125	-6.4125	54.324
40.0125	-6.3875	54.311
40.0125	-6.3625	54.286
40.0125	-6.3375	54.259
40.0125	-6.3125	54.227
40.0125	-6.2875	54.207
40.0125	-6.2625	54.19
40.0125	-6.2375	54.174
40.0125	-6.2125	54.174
40.0125	-6.1875	54.181
40.0125	-6.1625	54.21
40.0125	-6.1375	54.223
40.0125	-6.1125	54.218
40.0125	-6.0875	54.228
40.0125	-6.0625	54.252
40.0125	-6.0375	54.246
40.0125	-6.0125	54.239
40.0125	-5.9875	54.228
40.0375	-10.0125	48.919
40.0375	-9.9875	49.163
40.0375	-9.9625	49.401
40.0375	-9.9375	49.631
40.0375	-9.9125	49.855
40.0375	-9.8875	50.067
40.0375	-9.8625	50.261
40.0375	-9.8375	50.443
40.0375	-9.8125	50.617
40.0375	-9.7875	50.787
40.0375	-9.7625	50.95
40.0375	-9.7375	51.107
40.0375	-9.7125	51.257
40.0375	-9.6875	51.404
40.0375	-9.6625	51.541
40.0375	-9.6375	51.671
40.0375	-9.6125	51.796
40.0375	-9.5875	51.905
40.0375	-9.5625	52
40.0375	-9.5375	52.085
40.0375	-9.5125	52.157
40.0375	-9.4875	52.218
40.0375	-9.4625	52.268
40.0375	-9.4375	52.313
40.0375	-9.4125	52.36
40.0375	-9.3875	52.405
40.0375	-9.3625	52.456
40.0375	-9.3375	52.514
40.0375	-9.3125	52.579
40.0375	-9.2875	52.648
40.0375	-9.2625	52.709
40.0375	-9.2375	52.781
40.0375	-9.2125	52.853
40.0375	-9.1875	52.913
40.0375	-9.1625	52.978
40.0375	-9.1375	53.031
40.0375	-9.1125	53.07
40.0375	-9.0875	53.116
40.0375	-9.0625	53.148
40.0375	-9.0375	53.176
40.0375	-9.0125	53.19
40.0375	-8.9875	53.194
40.0375	-8.9625	53.198
40.0375	-8.9375	53.214
40.0375	-8.9125	53.234
40.0375	-8.8875	53.281
40.0375	-8.8625	53.382
40.0375	-8.8375	53.518
40.0375	-8.8125	53.655
40.0375	-8.7875	53.774
40.0375	-8.7625	53.862
40.0375	-8.7375	53.937
40.0375	-8.7125	54.013
40.0375	-8.6875	54.103
40.0375	-8.6625	54.177
40.0375	-8.6375	54.269
40.0375	-8.6125	54.372
40.0375	-8.5875	54.514
40.0375	-8.5625	54.651
40.0375	-8.5375	54.799
40.0375	-8.5125	54.943
40.0375	-8.4875	55.046
40.0375	-8.4625	55.122
40.0375	-8.4375	55.192
40.0375	-8.4125	55.276
40.0375	-8.3875	55.342
40.0375	-8.3625	55.413
40.0375	-8.3375	55.505
40.0375	-8.3125	55.612
40.0375	-8.2875	55.703
40.0375	-8.2625	55.769
40.0375	-8.2375	55.801
40.0375	-8.2125	55.813
40.0375	-8.1875	55.82
40.0375	-8.1625	55.852
40.0375	-8.1375	55.865
40.0375	-8.1125	55.863
40.0375	-8.0875	55.85
40.0375	-8.0625	55.86
40.0375	-8.0375	55.866
40.0375	-8.0125	55.87
40.0375	-7.9875	55.885
40.0375	-7.9625	55.898
40.0375	-7.9375	55.903
40.0375	-7.9125	55.908
40.0375	-7.8875	55.923
40.0375	-7.8625	55.953
40.0375	-7.8375	55.976
40.0375	-7.8125	56.009
40.0375	-7.7875	56.022
40.0375	-7.7625	56.051
40.0375	-7.7375	56.08
40.0375	-7.7125	56.067
40.0375	-7.6875	56.02
40.0375	-7.6625	55.959
40.0375	-7.6375	55.917
40.0375	-7.6125	55.864
40.0375	-7.5875	55.835
40.0375	-7.5625	55.79
40.0375	-7.5375	55.72
40.0375	-7.5125	55.632
40.0375	-7.4875	55.521
40.0375	-7.4625	55.417
40.0375	-7.4375	55.327
40.0375	-7.4125	55.254
40.0375	-7.3875	55.199
40.0375	-7.3625	55.164
40.0375	-7.3375	55.142
40.0375	-7.3125	55.143
40.0375	-7.2875	55.148
40.0375	-7.2625	55.168
40.0375	-7.2375	55.161
40.0375	-7.2125	55.157
40.0375	-7.1875	55.16
40.0375	-7.1625	55.159
40.0375	-7.1375	55.169
40.0375	-7.1125	55.187
40.0375	-7.0875	55.181
40.0375	-7.0625	55.188
40.0375	-7.0375	55.204
40.0375	-7.0125	55.221
40.0375	-6.9875	55.228
40.0375	-6.9625	55.234
40.0375	-6.9375	55.23
40.0375	-6.9125	55.222
40.0375	-6.8875	55.204
40.0375	-6.8625	55.163
40.0375	-6.8375	55.1
40.0375	-6.8125	55.028
40.0375	-6.7875	54.967
40.0375	-6.7625	54.898
40.0375	-6.7375	54.83
40.0375	-6.7125	54.777
40.0375	-6.6875	54.728
40.0375	-6.6625	54.685
40.0375	-6.6375	54.654
40.0375	-6.6125	54.626
40.0375	-6.5875	54.587
40.0375	-6.5625	54.563
40.0375	-6.5375	54.527
40.0375	-6.5125	54.502
40.0375	-6.4875	54.462
40.0375	-6.4625	54.426
40.0375	-6.4375	54.393
40.0375	-6.4125	54.37
40.0375	-6.3875	54.348
40.0375	-6.3625	54.32
40.0375	-6.3375	54.297
40.0375	-6.3125	54.262
40.0375	-6.2875	54.236
40.0375	-6.2625	54.217
40.0375	-6.2375	54.196
40.0375	-6.2125	54.184
40.0375	-6.1875	54.19
40.0375	-6.1625	54.204
40.0375	-6.1375	54.216
40.0375	-6.1125	54.235
40.0375	-6.0875	54.256
40.0375	-6.0625	54.265
40.0375	-6.0375	54.284
40.0375	-6.0125	54.286
40.0375	-5.9875	54.3
40.0625	-10.0125	48.913
40.0625	-9.9875	49.166
40.0625	-9.9625	49.413
40.0625	-9.9375	49.652
40.0625	-9.9125	49.879
40.0625	-9.8875	50.091
40.0625	-9.8625	50.29
40.0625	-9.8375	50.474
40.0625	-9.8125	50.648
40.0625	-9.7875	50.814
40.0625	-9.7625	50.973
40.0625	-9.7375	51.125
40.0625	-9.7125	51.27
40.0625	-9.6875	51.411
40.0625	-9.6625	51.545
40.0625	-9.6375	51.675
40.0625	-9.6125	51.8
40.0625	-9.5875	51.913
40.0625	-9.5625	52.009
40.0625	-9.5375	52.092
40.0625	-9.5125	52.163
40.0625	-9.4875	52.222
40.0625	-9.4625	52.271
40.0625	-9.4375	52.315
40.0625	-9.4125	52.358
40.0625	-9.3875	52.404
40.0625	-9.3625	52.454
40.0625	-9.3375	52.512
40.0625	-9.3125	52.575
40.0625	-9.2875	52.643
40.0625	-9.2625	52.704
40.0625	-9.2375	52.776
40.0625	-9.2125	52.848
40.0625	-9.1875	52.908
40.0625	-9.1625	52.966
40.0625	-9.1375	53.02
40.0625	-9.1125	53.073
40.0625	-9.0875	53.123
40.0625	-9.0625	53.16
40.0625	-9.0375	53.194
40.0625	-9.0125	53.214
40.0625	-8.9875	53.233
40.0625	-8.9625	53.259
40.0625	-8.9375	53.276
40.0625	-8.9125	53.31
40.0625	-8.8875	53.383
40.0625	-8.8625	53.483
40.0625	-8.8375	53.616
40.0625	-8.8125	53.733
40.0625	-8.7875	53.814
40.0625	-8.7625	53.87
40.0625	-8.7375	53.943
40.0625	-8.7125	54.022
40.0625	-8.6875	54.11
40.0625	-8.6625	54.178
40.0625	-8.6375	54.248
40.0625	-8.6125	54.339
40.0625	-8.5875	54.453
40.0625	-8.5625	54.596
40.0625	-8.5375	54.741
40.0625	-8.5125	54.887
40.0625	-8.4875	55.006
40.0625	-8.4625	55.103
40.0625	-8.4375	55.202
40.0625	-8.4125	55.294
40.0625	-8.3875	55.377
40.0625	-8.3625	55.429
40.0625	-8.3375	55.511
40.0625	-8.3125	55.591
40.0625	-8.2875	55.691
40.0625	-8.2625	55.747
40.0625	-8.2375	55.789
40.0625	-8.2125	55.805
40.0625	-8.1875	55.818
40.0625	-8.1625	55.857
40.0625	-8.1375	55.873
40.0625	-8.1125	55.879
40.0625	-8.0875	55.89
40.0625	-8.0625	55.894
40.0625	-8.0375	55.92
40.0625	-8.0125	55.932
40.0625	-7.9875	55.941
40.0625	-7.9625	55.934
40.0625	-7.9375	55.942
40.0625	-7.9125	55.951
40.0625	-7.8875	55.965
40.0625	-7.8625	56
40.0625	-7.8375	56.032
40.0625	-7.8125	56.065
40.0625	-7.7875	56.111
40.0625	-7.7625	56.131
40.0625	-7.7375	56.138
40.0625	-7.7125	56.116
40.0625	-7.6875	56.072
40.0625	-7.6625	56.028
40.0625	-7.6375	55.997
40.0625	-7.6125	55.956
40.0625	-7.5875	55.924
40.0625	-7.5625	55.886
40.0625	-7.5375	55.837
40.0625	-7.5125	55.75
40.0625	-7.4875	55.628
40.0625	-7.4625	55.511
40.0625	-7.4375	55.397
40.0625	-7.4125	55.322
40.0625	-7.3875	55.26
40.0625	-7.3625	55.223
40.0625	-7.3375	55.197
40.0625	-7.3125	55.189
40.0625	-7.2875	55.204
40.0625	-7.2625	55.212
40.0625	-7.2375	55.213
40.0625	-7.2125	55.211
40.0625	-7.1875	55.202
40.0625	-7.1625	55.215
40.0625	-7.1375	55.22
40.0625	-7.1125	55.228
40.0625	-7.0875	55.229
40.0625	-7.0625	55.232
40.0625	-7.0375	55.229
40.0625	-7.0125	55.219
40.0625	-6.9875	55.196
40.0625	-6.9625	55.175
40.0625	-6.9375	55.172
40.0625	-6.9125	55.17
40.0625	-6.8875	55.167
40.0625	-6.8625	55.144
40.0625	-6.8375	55.088
40.0625	-6.8125	55.025
40.0625	-6.7875	54.974
40.0625	-6.7625	54.914
40.0625	-6.7375	54.858
40.0625	-6.7125	54.804
40.0625	-6.6875	54.764
40.0625	-6.6625	54.719
40.0625	-6.6375	54.688
40.0625	-6.6125	54.667
40.0625	-6.5875	54.638
40.0625	-6.5625	54.602
40.0625	-6.5375	54.583
40.0625	-6.5125	54.562
40.0625	-6.4875	54.535
40.0625	-6.4625	54.501
40.0625	-6.4375	54.454
40.0625	-6.4125	54.432
40.0625	-6.3875	54.41
40.0625	-6.3625	54.379
40.0625	-6.3375	54.343
40.0625	-6.3125	54.304
40.0625	-6.2875	54.275
40.0625	-6.2625	54.255
40.0625	-6.2375	54.235
40.0625	-6.2125	54.219
40.0625	-6.1875	54.217
40.0625	-6.1625	54.221
40.0625	-6.1375	54.231
40.0625	-6.1125	54.249
40.0625	-6.0875	54.295
40.0625	-6.0625	54.31
40.0625	-6.0375	54.323
40.0625	-6.0125	54.343
40.0625	-5.9875	54.366
40.0875	-10.0125	48.88
40.0875	-9.9875	49.145
40.0875	-9.9625	49.402
40.0875	-9.9375	49.647
40.0875	-9.9125	49.882
40.0875	-9.8875	50.101
40.0875	-9.8625	50.304
40.0875	-9.8375	50.493
40.0875	-9.8125	50.667
40.0875	-9.7875	50.833
40.0875	-9.7625	50.99
40.0875	-9.7375	51.14
40.0875	-9.7125	51.282
40.0875	-9.6875	51.419
40.0875	-9.6625	51.549
40.0875	-9.6375	51.677
40.0875	-9.6125	51.802
40.0875	-9.5875	51.915
40.0875	-9.5625	52.01
40.0875	-9.5375	52.092
40.0875	-9.5125	52.163
40.0875	-9.4875	52.223
40.0875	-9.4625	52.271
40.0875	-9.4375	52.314
40.0875	-9.4125	52.357
40.0875	-9.3875	52.402
40.0875	-9.3625	52.452
40.0875	-9.3375	52.51
40.0875	-9.3125	52.572
40.0875	-9.2875	52.64
40.0875	-9.2625	52.7
40.0875	-9.2375	52.772
40.0875	-9.2125	52.843
40.0875	-9.1875	52.904
40.0875	-9.1625	52.962
40.0875	-9.1375	53.029
40.0875	-9.1125	53.074
40.0875	-9.0875	53.126
40.0875	-9.0625	53.168
40.0875	-9.0375	53.218
40.0875	-9.0125	53.245
40.0875	-8.9875	53.281
40.0875	-8.9625	53.323
40.0875	-8.9375	53.362
40.0875	-8.9125	53.409
40.0875	-8.8875	53.477
40.0875	-8.8625	53.571
40.0875	-8.8375	53.678
40.0875	-8.8125	53.778
40.0875	-8.7875	53.842
40.0875	-8.7625	53.9
40.0875	-8.7375	53.974
40.0875	-8.7125	54.059
40.0875	-8.6875	54.129
40.0875	-8.6625	54.181
40.0875	-8.6375	54.244
40.0875	-8.6125	54.319
40.0875	-8.5875	54.423
40.0875	-8.5625	54.533
40.0875	-8.5375	54.653
40.0875	-8.5125	54.794
40.0875	-8.4875	54.942
40.0875	-8.4625	55.077
40.0875	-8.4375	55.202
40.0875	-8.4125	55.313
40.0875	-8.3875	55.38
40.0875	-8.3625	55.44
40.0875	-8.3375	55.495
40.0875	-8.3125	55.55
40.0875	-8.2875	55.621
40.0875	-8.2625	55.676
40.0875	-8.2375	55.708
40.0875	-8.2125	55.723
40.0875	-8.1875	55.768
40.0875	-8.1625	55.808
40.0875	-8.1375	55.834
40.0875	-8.1125	55.865
40.0875	-8.0875	55.884
40.0875	-8.0625	55.903
40.0875	-8.0375	55.932
40.0875	-8.0125	55.952
40.0875	-7.9875	55.976
40.0875	-7.9625	55.977
40.0875	-7.9375	55.979
40.0875	-7.9125	55.962
40.0875	-7.8875	55.998
40.0875	-7.8625	56.026
40.0875	-7.8375	56.066
40.0875	-7.8125	56.122
40.0875	-7.7875	56.153
40.0875	-7.7625	56.178
40.0875	-7.7375	56.162
40.0875	-7.7125	56.13
40.0875	-7.6875	56.097
40.0875	-7.6625	56.061
40.0875	-7.6375	56.016
40.0875	-7.6125	55.999
40.0875	-7.5875	55.963
40.0875	-7.5625	55.936
40.0875	-7.5375	55.9
40.0875	-7.5125	55.82
40.0875	-7.4875	55.711
40.0875	-7.4625	55.58
40.0875	-7.4375	55.482
40.0875	-7.4125	55.401
40.0875	-7.3875	55.347
40.0875	-7.3625	55.301
40.0875	-7.3375	55.275
40.0875	-7.3125	55.261
40.0875	-7.2875	55.262
40.0875	-7.2625	55.266
40.0875	-7.2375	55.276
40.0875	-7.2125	55.27
40.0875	-7.1875	55.269
40.0875	-7.1625	55.27
40.0875	-7.1375	55.268
40.0875	-7.1125	55.28
40.0875	-7.0875	55.276
40.0875	-7.0625	55.274
40.0875	-7.0375	55.254
40.0875	-7.0125	55.233
40.0875	-6.9875	55.205
40.0875	-6.9625	55.176
40.0875	-6.9375	55.164
40.0875	-6.9125	55.164
40.0875	-6.8875	55.154
40.0875	-6.8625	55.134
40.0875	-6.8375	55.095
40.0875	-6.8125	55.05
40.0875	-6.7875	54.993
40.0875	-6.7625	54.945
40.0875	-6.7375	54.889
40.0875	-6.7125	54.847
40.0875	-6.6875	54.802
40.0875	-6.6625	54.761
40.0875	-6.6375	54.739
40.0875	-6.6125	54.706
40.0875	-6.5875	54.687
40.0875	-6.5625	54.652
40.0875	-6.5375	54.635
40.0875	-6.5125	54.615
40.0875	-6.4875	54.593
40.0875	-6.4625	54.557
40.0875	-6.4375	54.524
40.0875	-6.4125	54.499
40.0875	-6.3875	54.474
40.0875	-6.3625	54.44
40.0875	-6.3375	54.399
40.0875	-6.3125	54.355
40.0875	-6.2875	54.329
40.0875	-6.2625	54.295
40.0875	-6.2375	54.281
40.0875	-6.2125	54.272
40.0875	-6.1875	54.268
40.0875	-6.1625	54.269
40.0875	-6.1375	54.276
40.0875	-6.1125	54.285
40.0875	-6.0875	54.317
40.0875	-6.0625	54.364
40.0875	-6.0375	54.411
40.0875	-6.0125	54.428
40.0875	-5.9875	54.447
40.1125	-10.0125	48.827
40.1125	-9.9875	49.1
40.1125	-9.9625	49.367
40.1125	-9.9375	49.622
40.1125	-9.9125	49.866
40.1125	-9.8875	50.092
40.1125	-9.8625	50.305
40.1125	-9.8375	50.499
40.1125	-9.8125	50.677
40.1125	-9.7875	50.843
40.1125	-9.7625	51.002
40.1125	-9.7375	51.152
40.1125	-9.7125	51.293
40.1125	-9.6875	51.429
40.1125	-9.6625	51.557
40.1125	-9.6375	51.682
40.1125	-9.6125	51.804
40.1125	-9.5875	51.914
40.1125	-9.5625	52.009
40.1125	-9.5375	52.091
40.1125	-9.5125	52.163
40.1125	-9.4875	52.222
40.1125	-9.4625	52.271
40.1125	-9.4375	52.315
40.1125	-9.4125	52.358
40.1125	-9.3875	52.403
40.1125	-9.3625	52.453
40.1125	-9.3375	52.509
40.1125	-9.3125	52.572
40.1125	-9.2875	52.638
40.1125	-9.2625	52.697
40.1125	-9.2375	52.769
40.1125	-9.2125	52.839
40.1125	-9.1875	52.899
40.1125	-9.1625	52.958
40.1125	-9.1375	53.025
40.1125	-9.1125	53.083
40.1125	-9.0875	53.13
40.1125	-9.0625	53.185
40.1125	-9.0375	53.229
40.1125	-9.0125	53.282
40.1125	-8.9875	53.322
40.1125	-8.9625	53.37
40.1125	-8.9375	53.415
40.1125	-8.9125	53.474
40.1125	-8.8875	53.544
40.1125	-8.8625	53.63
40.1125	-8.8375	53.711
40.1125	-8.8125	53.8
40.1125	-8.7875	53.863
40.1125	-8.7625	53.932
40.1125	-8.7375	54.005
40.1125	-8.7125	54.087
40.1125	-8.6875	54.157
40.1125	-8.6625	54.206
40.1125	-8.6375	54.26
40.1125	-8.6125	54.318
40.1125	-8.5875	54.407
40.1125	-8.5625	54.486
40.1125	-8.5375	54.591
40.1125	-8.5125	54.719
40.1125	-8.4875	54.888
40.1125	-8.4625	55.06
40.1125	-8.4375	55.199
40.1125	-8.4125	55.303
40.1125	-8.3875	55.378
40.1125	-8.3625	55.424
40.1125	-8.3375	55.491
40.1125	-8.3125	55.519
40.1125	-8.2875	55.544
40.1125	-8.2625	55.565
40.1125	-8.2375	55.607
40.1125	-8.2125	55.657
40.1125	-8.1875	55.694
40.1125	-8.1625	55.724
40.1125	-8.1375	55.766
40.1125	-8.1125	55.796
40.1125	-8.0875	55.822
40.1125	-8.0625	55.864
40.1125	-8.0375	55.917
40.1125	-8.0125	55.966
40.1125	-7.9875	55.985
40.1125	-7.9625	55.989
40.1125	-7.9375	55.994
40.1125	-7.9125	56.016
40.1125	-7.8875	56.039
40.1125	-7.8625	56.067
40.1125	-7.8375	56.106
40.1125	-7.8125	56.156
40.1125	-7.7875	56.19
40.1125	-7.7625	56.195
40.1125	-7.7375	56.152
40.1125	-7.7125	56.104
40.1125	-7.6875	56.081
40.1125	-7.6625	56.044
40.1125	-7.6375	56.022
40.1125	-7.6125	55.974
40.1125	-7.5875	55.939
40.1125	-7.5625	55.916
40.1125	-7.5375	55.871
40.1125	-7.5125	55.81
40.1125	-7.4875	55.72
40.1125	-7.4625	55.634
40.1125	-7.4375	55.552
40.1125	-7.4125	55.494
40.1125	-7.3875	55.44
40.1125	-7.3625	55.395
40.1125	-7.3375	55.363
40.1125	-7.3125	55.345
40.1125	-7.2875	55.343
40.1125	-7.2625	55.346
40.1125	-7.2375	55.337
40.1125	-7.2125	55.334
40.1125	-7.1875	55.338
40.1125	-7.1625	55.337
40.1125	-7.1375	55.341
40.1125	-7.1125	55.339
40.1125	-7.0875	55.329
40.1125	-7.0625	55.321
40.1125	-7.0375	55.295
40.1125	-7.0125	55.27
40.1125	-6.9875	55.243
40.1125	-6.9625	55.21
40.1125	-6.9375	55.202
40.1125	-6.9125	55.181
40.1125	-6.8875	55.168
40.1125	-6.8625	55.143
40.1125	-6.8375	55.125
40.1125	-6.8125	55.079
40.1125	-6.7875	55.038
40.1125	-6.7625	54.988
40.1125	-6.7375	54.937
40.1125	-6.7125	54.894
40.1125	-6.6875	54.854
40.1125	-6.6625	54.811
40.1125	-6.6375	54.789
40.1125	-6.6125	54.753
40.1125	-6.5875	54.723
40.1125	-6.5625	54.705
40.1125	-6.5375	54.687
40.1125	-6.5125	54.667
40.1125	-6.4875	54.639
40.1125	-6.4625	54.62
40.1125	-6.4375	54.592
40.1125	-6.4125	54.564
40.1125	-6.3875	54.538
40.1125	-6.3625	54.51
40.1125	-6.3375	54.474
40.1125	-6.3125	54.427
40.1125	-6.2875	54.393
40.1125	-6.2625	54.363
40.1125	-6.2375	54.341
40.1125	-6.2125	54.335
40.1125	-6.1875	54.332
40.1125	-6.1625	54.325
40.1125	-6.1375	54.331
40.1125	-6.1125	54.347
40.1125	-6.0875	54.371
40.1125	-6.0625	54.405
40.1125	-6.0375	54.465
40.1125	-6.0125	54.516
40.1125	-5.9875	54.563
40.1375	-10.0125	48.758
40.1375	-9.9875	49.035
40.1375	-9.9625	49.309
40.1375	-9.9375	49.577
40.1375	-9.9125	49.833
40.1375	-9.8875	50.071
40.1375	-9.8625	50.293
40.1375	-9.8375	50.496
40.1375	-9.8125	50.677
40.1375	-9.7875	50.846
40.1375	-9.7625	51.007
40.1375	-9.7375	51.159
40.1375	-9.7125	51.301
40.1375	-9.6875	51.435
40.1375	-9.6625	51.562
40.1375	-9.6375	51.685
40.1375	-9.6125	51.804
40.1375	-9.5875	51.913
40.1375	-9.5625	52.007
40.1375	-9.5375	52.091
40.1375	-9.5125	52.163
40.1375	-9.4875	52.224
40.1375	-9.4625	52.274
40.1375	-9.4375	52.319
40.1375	-9.4125	52.362
40.1375	-9.3875	52.407
40.1375	-9.3625	52.456
40.1375	-9.3375	52.511
40.1375	-9.3125	52.573
40.1375	-9.2875	52.637
40.1375	-9.2625	52.696
40.1375	-9.2375	52.765
40.1375	-9.2125	52.834
40.1375	-9.1875	52.894
40.1375	-9.1625	52.963
40.1375	-9.1375	53.022
40.1375	-9.1125	53.082
40.1375	-9.0875	53.142
40.1375	-9.0625	53.193
40.1375	-9.0375	53.251
40.1375	-9.0125	53.299
40.1375	-8.9875	53.355
40.1375	-8.9625	53.397
40.1375	-8.9375	53.456
40.1375	-8.9125	53.511
40.1375	-8.8875	53.583
40.1375	-8.8625	53.647
40.1375	-8.8375	53.736
40.1375	-8.8125	53.815
40.1375	-8.7875	53.891
40.1375	-8.7625	53.963
40.1375	-8.7375	54.04
40.1375	-8.7125	54.117
40.1375	-8.6875	54.179
40.1375	-8.6625	54.231
40.1375	-8.6375	54.288
40.1375	-8.6125	54.341
40.1375	-8.5875	54.4
40.1375	-8.5625	54.469
40.1375	-8.5375	54.564
40.1375	-8.5125	54.686
40.1375	-8.4875	54.842
40.1375	-8.4625	55.016
40.1375	-8.4375	55.161
40.1375	-8.4125	55.264
40.1375	-8.3875	55.344
40.1375	-8.3625	55.412
40.1375	-8.3375	55.477
40.1375	-8.3125	55.493
40.1375	-8.2875	55.507
40.1375	-8.2625	55.508
40.1375	-8.2375	55.528
40.1375	-8.2125	55.563
40.1375	-8.1875	55.596
40.1375	-8.1625	55.647
40.1375	-8.1375	55.683
40.1375	-8.1125	55.711
40.1375	-8.0875	55.755
40.1375	-8.0625	55.806
40.1375	-8.0375	55.863
40.1375	-8.0125	55.893
40.1375	-7.9875	55.926
40.1375	-7.9625	55.962
40.1375	-7.9375	55.997
40.1375	-7.9125	56.036
40.1375	-7.8875	56.079
40.1375	-7.8625	56.112
40.1375	-7.8375	56.153
40.1375	-7.8125	56.183
40.1375	-7.7875	56.194
40.1375	-7.7625	56.185
40.1375	-7.7375	56.138
40.1375	-7.7125	56.09
40.1375	-7.6875	56.053
40.1375	-7.6625	56.008
40.1375	-7.6375	55.989
40.1375	-7.6125	55.956
40.1375	-7.5875	55.935
40.1375	-7.5625	55.887
40.1375	-7.5375	55.828
40.1375	-7.5125	55.771
40.1375	-7.4875	55.702
40.1375	-7.4625	55.635
40.1375	-7.4375	55.607
40.1375	-7.4125	55.568
40.1375	-7.3875	55.525
40.1375	-7.3625	55.499
40.1375	-7.3375	55.468
40.1375	-7.3125	55.435
40.1375	-7.2875	55.419
40.1375	-7.2625	55.421
40.1375	-7.2375	55.424
40.1375	-7.2125	55.422
40.1375	-7.1875	55.42
40.1375	-7.1625	55.42
40.1375	-7.1375	55.429
40.1375	-7.1125	55.422
40.1375	-7.0875	55.413
40.1375	-7.0625	55.398
40.1375	-7.0375	55.381
40.1375	-7.0125	55.348
40.1375	-6.9875	55.33
40.1375	-6.9625	55.297
40.1375	-6.9375	55.265
40.1375	-6.9125	55.234
40.1375	-6.8875	55.218
40.1375	-6.8625	55.18
40.1375	-6.8375	55.14
40.1375	-6.8125	55.115
40.1375	-6.7875	55.095
40.1375	-6.7625	55.059
40.1375	-6.7375	55.015
40.1375	-6.7125	54.979
40.1375	-6.6875	54.92
40.1375	-6.6625	54.878
40.1375	-6.6375	54.843
40.1375	-6.6125	54.814
40.1375	-6.5875	54.787
40.1375	-6.5625	54.766
40.1375	-6.5375	54.728
40.1375	-6.5125	54.711
40.1375	-6.4875	54.694
40.1375	-6.4625	54.679
40.1375	-6.4375	54.662
40.1375	-6.4125	54.64
40.1375	-6.3875	54.611
40.1375	-6.3625	54.581
40.1375	-6.3375	54.538
40.1375	-6.3125	54.501
40.1375	-6.2875	54.468
40.1375	-6.2625	54.439
40.1375	-6.2375	54.421
40.1375	-6.2125	54.403
40.1375	-6.1875	54.4
40.1375	-6.1625	54.396
40.1375	-6.1375	54.397
40.1375	-6.1125	54.404
40.1375	-6.0875	54.419
40.1375	-6.0625	54.456
40.1375	-6.0375	54.508
40.1375	-6.0125	54.591
40.1375	-5.9875	54.658
40.1625	-10.0125	48.679
40.1625	-9.9875	48.954
40.1625	-9.9625	49.234
40.1625	-9.9375	49.517
40.1625	-9.9125	49.789
40.1625	-9.8875	50.038
40.1625	-9.8625	50.269
40.1625	-9.8375	50.479
40.1625	-9.8125	50.668
40.1625	-9.7875	50.84
40.1625	-9.7625	51.004
40.1625	-9.7375	51.158
40.1625	-9.7125	51.301
40.1625	-9.6875	51.434
40.1625	-9.6625	51.561
40.1625	-9.6375	51.686
40.1625	-9.6125	51.805
40.1625	-9.5875	51.911
40.1625	-9.5625	52.006
40.1625	-9.5375	52.091
40.1625	-9.5125	52.165
40.1625	-9.4875	52.228
40.1625	-9.4625	52.279
40.1625	-9.4375	52.325
40.1625	-9.4125	52.369
40.1625	-9.3875	52.414
40.1625	-9.3625	52.463
40.1625	-9.3375	52.516
40.1625	-9.3125	52.576
40.1625	-9.2875	52.64
40.1625	-9.2625	52.696
40.1625	-9.2375	52.764
40.1625	-9.2125	52.832
40.1625	-9.1875	52.89
40.1625	-9.1625	52.959
40.1625	-9.1375	53.02
40.1625	-9.1125	53.082
40.1625	-9.0875	53.145
40.1625	-9.0625	53.209
40.1625	-9.0375	53.262
40.1625	-9.0125	53.324
40.1625	-8.9875	53.373
40.1625	-8.9625	53.42
40.1625	-8.9375	53.471
40.1625	-8.9125	53.522
40.1625	-8.8875	53.58
40.1625	-8.8625	53.643
40.1625	-8.8375	53.735
40.1625	-8.8125	53.821
40.1625	-8.7875	53.903
40.1625	-8.7625	53.99
40.1625	-8.7375	54.056
40.1625	-8.7125	54.138
40.1625	-8.6875	54.209
40.1625	-8.6625	54.271
40.1625	-8.6375	54.324
40.1625	-8.6125	54.363
40.1625	-8.5875	54.423
40.1625	-8.5625	54.484
40.1625	-8.5375	54.573
40.1625	-8.5125	54.684
40.1625	-8.4875	54.811
40.1625	-8.4625	54.949
40.1625	-8.4375	55.086
40.1625	-8.4125	55.207
40.1625	-8.3875	55.299
40.1625	-8.3625	55.398
40.1625	-8.3375	55.451
40.1625	-8.3125	55.475
40.1625	-8.2875	55.48
40.1625	-8.2625	55.492
40.1625	-8.2375	55.504
40.1625	-8.2125	55.525
40.1625	-8.1875	55.557
40.1625	-8.1625	55.609
40.1625	-8.1375	55.641
40.1625	-8.1125	55.642
40.1625	-8.0875	55.695
40.1625	-8.0625	55.737
40.1625	-8.0375	55.789
40.1625	-8.0125	55.843
40.1625	-7.9875	55.893
40.1625	-7.9625	55.942
40.1625	-7.9375	56.005
40.1625	-7.9125	56.067
40.1625	-7.8875	56.096
40.1625	-7.8625	56.136
40.1625	-7.8375	56.175
40.1625	-7.8125	56.201
40.1625	-7.7875	56.205
40.1625	-7.7625	56.179
40.1625	-7.7375	56.134
40.1625	-7.7125	56.075
40.1625	-7.6875	56.025
40.1625	-7.6625	55.994
40.1625	-7.6375	55.968
40.1625	-7.6125	55.953
40.1625	-7.5875	55.934
40.1625	-7.5625	55.886
40.1625	-7.5375	55.825
40.1625	-7.5125	55.772
40.1625	-7.4875	55.71
40.1625	-7.4625	55.663
40.1625	-7.4375	55.638
40.1625	-7.4125	55.618
40.1625	-7.3875	55.596
40.1625	-7.3625	55.585
40.1625	-7.3375	55.558
40.1625	-7.3125	55.521
40.1625	-7.2875	55.512
40.1625	-7.2625	55.514
40.1625	-7.2375	55.518
40.1625	-7.2125	55.517
40.1625	-7.1875	55.519
40.1625	-7.1625	55.516
40.1625	-7.1375	55.525
40.1625	-7.1125	55.53
40.1625	-7.0875	55.528
40.1625	-7.0625	55.522
40.1625	-7.0375	55.5
40.1625	-7.0125	55.466
40.1625	-6.9875	55.441
40.1625	-6.9625	55.403
40.1625	-6.9375	55.359
40.1625	-6.9125	55.31
40.1625	-6.8875	55.278
40.1625	-6.8625	55.242
40.1625	-6.8375	55.208
40.1625	-6.8125	55.187
40.1625	-6.7875	55.166
40.1625	-6.7625	55.144
40.1625	-6.7375	55.103
40.1625	-6.7125	55.049
40.1625	-6.6875	54.999
40.1625	-6.6625	54.957
40.1625	-6.6375	54.918
40.1625	-6.6125	54.891
40.1625	-6.5875	54.86
40.1625	-6.5625	54.833
40.1625	-6.5375	54.8
40.1625	-6.5125	54.776
40.1625	-6.4875	54.759
40.1625	-6.4625	54.747
40.1625	-6.4375	54.736
40.1625	-6.4125	54.722
40.1625	-6.3875	54.696
40.1625	-6.3625	54.67
40.1625	-6.3375	54.632
40.1625	-6.3125	54.589
40.1625	-6.2875	54.558
40.1625	-6.2625	54.531
40.1625	-6.2375	54.515
40.1625	-6.2125	54.493
40.1625	-6.1875	54.474
40.1625	-6.1625	54.467
40.1625	-6.1375	54.468
40.1625	-6.1125	54.472
40.1625	-6.0875	54.481
40.1625	-6.0625	54.508
40.1625	-6.0375	54.558
40.1625	-6.0125	54.63
40.1625	-5.9875	54.724
40.1875	-10.0125	48.599
40.1875	-9.9875	48.87
40.1875	-9.9625	49.153
40.1875	-9.9375	49.445
40.1875	-9.9125	49.727
40.1875	-9.8875	49.984
40.1875	-9.8625	50.225
40.1875	-9.8375	50.449
40.1875	-9.8125	50.648
40.1875	-9.7875	50.829
40.1875	-9.7625	50.996
40.1875	-9.7375	51.152
40.1875	-9.7125	51.296
40.1875	-9.6875	51.429
40.1875	-9.6625	51.558
40.1875	-9.6375	51.685
40.1875	-9.6125	51.802
40.1875	-9.5875	51.908
40.1875	-9.5625	52.005
40.1875	-9.5375	52.091
40.1875	-9.5125	52.168
40.1875	-9.4875	52.231
40.1875	-9.4625	52.285
40.1875	-9.4375	52.333
40.1875	-9.4125	52.379
40.1875	-9.3875	52.425
40.1875	-9.3625	52.474
40.1875	-9.3375	52.526
40.1875	-9.3125	52.584
40.1875	-9.2875	52.647
40.1875	-9.2625	52.702
40.1875	-9.2375	52.767
40.1875	-9.2125	52.834
40.1875	-9.1875	52.901
40.1875	-9.1625	52.96
40.1875	-9.1375	53.02
40.1875	-9.1125	53.092
40.1875	-9.0875	53.157
40.1875	-9.0625	53.213
40.1875	-9.0375	53.278
40.1875	-9.0125	53.332
40.1875	-8.9875	53.383
40.1875	-8.9625	53.432
40.1875	-8.9375	53.468
40.1875	-8.9125	53.514
40.1875	-8.8875	53.572
40.1875	-8.8625	53.633
40.1875	-8.8375	53.715
40.1875	-8.8125	53.809
40.1875	-8.7875	53.895
40.1875	-8.7625	53.98
40.1875	-8.7375	54.067
40.1875	-8.7125	54.156
40.1875	-8.6875	54.238
40.1875	-8.6625	54.31
40.1875	-8.6375	54.363
40.1875	-8.6125	54.409
40.1875	-8.5875	54.464
40.1875	-8.5625	54.526
40.1875	-8.5375	54.601
40.1875	-8.5125	54.687
40.1875	-8.4875	54.791
40.1875	-8.4625	54.91
40.1875	-8.4375	55.026
40.1875	-8.4125	55.145
40.1875	-8.3875	55.268
40.1875	-8.3625	55.358
40.1875	-8.3375	55.409
40.1875	-8.3125	55.451
40.1875	-8.2875	55.469
40.1875	-8.2625	55.468
40.1875	-8.2375	55.491
40.1875	-8.2125	55.517
40.1875	-8.1875	55.542
40.1875	-8.1625	55.55
40.1875	-8.1375	55.58
40.1875	-8.1125	55.589
40.1875	-8.0875	55.601
40.1875	-8.0625	55.626
40.1875	-8.0375	55.693
40.1875	-8.0125	55.775
40.1875	-7.9875	55.841
40.1875	-7.9625	55.917
40.1875	-7.9375	55.987
40.1875	-7.9125	56.065
40.1875	-7.8875	56.115
40.1875	-7.8625	56.156
40.1875	-7.8375	56.202
40.1875	-7.8125	56.226
40.1875	-7.7875	56.224
40.1875	-7.7625	56.187
40.1875	-7.7375	56.126
40.1875	-7.7125	56.08
40.1875	-7.6875	56.039
40.1875	-7.6625	56.009
40.1875	-7.6375	55.997
40.1875	-7.6125	55.99
40.1875	-7.5875	55.959
40.1875	-7.5625	55.916
40.1875	-7.5375	55.869
40.1875	-7.5125	55.811
40.1875	-7.4875	55.76
40.1875	-7.4625	55.715
40.1875	-7.4375	55.677
40.1875	-7.4125	55.658
40.1875	-7.3875	55.649
40.1875	-7.3625	55.64
40.1875	-7.3375	55.624
40.1875	-7.3125	55.6
40.1875	-7.2875	55.601
40.1875	-7.2625	55.605
40.1875	-7.2375	55.608
40.1875	-7.2125	55.615
40.1875	-7.1875	55.616
40.1875	-7.1625	55.627
40.1875	-7.1375	55.635
40.1875	-7.1125	55.641
40.1875	-7.0875	55.647
40.1875	-7.0625	55.657
40.1875	-7.0375	55.629
40.1875	-7.0125	55.596
40.1875	-6.9875	55.565
40.1875	-6.9625	55.524
40.1875	-6.9375	55.477
40.1875	-6.9125	55.414
40.1875	-6.8875	55.352
40.1875	-6.8625	55.319
40.1875	-6.8375	55.281
40.1875	-6.8125	55.273
40.1875	-6.7875	55.264
40.1875	-6.7625	55.237
40.1875	-6.7375	55.199
40.1875	-6.7125	55.147
40.1875	-6.6875	55.09
40.1875	-6.6625	55.049
40.1875	-6.6375	55.031
40.1875	-6.6125	54.998
40.1875	-6.5875	54.965
40.1875	-6.5625	54.939
40.1875	-6.5375	54.911
40.1875	-6.5125	54.865
40.1875	-6.4875	54.835
40.1875	-6.4625	54.823
40.1875	-6.4375	54.818
40.1875	-6.4125	54.818
40.1875	-6.3875	54.803
40.1875	-6.3625	54.763
40.1875	-6.3375	54.723
40.1875	-6.3125	54.694
40.1875	-6.2875	54.661
40.1875	-6.2625	54.643
40.1875	-6.2375	54.619
40.1875	-6.2125	54.597
40.1875	-6.1875	54.58
40.1875	-6.1625	54.567
40.1875	-6.1375	54.555
40.1875	-6.1125	54.557
40.1875	-6.0875	54.565
40.1875	-6.0625	54.583
40.1875	-6.0375	54.623
40.1875	-6.0125	54.681
40.1875	-5.9875	54.77
40.2125	-10.0125	48.522
40.2125	-9.9875	48.788
40.2125	-9.9625	49.071
40.2125	-9.9375	49.362
40.2125	-9.9125	49.645
40.2125	-9.8875	49.908
40.2125	-9.8625	50.162
40.2125	-9.8375	50.403
40.2125	-9.8125	50.617
40.2125	-9.7875	50.809
40.2125	-9.7625	50.984
40.2125	-9.7375	51.145
40.2125	-9.7125	51.292
40.2125	-9.6875	51.425
40.2125	-9.6625	51.559
40.2125	-9.6375	51.687
40.2125	-9.6125	51.804
40.2125	-9.5875	51.909
40.2125	-9.5625	52.006
40.2125	-9.5375	52.095
40.2125	-9.5125	52.172
40.2125	-9.4875	52.237
40.2125	-9.4625	52.292
40.2125	-9.4375	52.343
40.2125	-9.4125	52.392
40.2125	-9.3875	52.439
40.2125	-9.3625	52.488
40.2125	-9.3375	52.541
40.2125	-9.3125	52.598
40.2125	-9.2875	52.659
40.2125	-9.2625	52.721
40.2125	-9.2375	52.775
40.2125	-9.2125	52.84
40.2125	-9.1875	52.906
40.2125	-9.1625	52.962
40.2125	-9.1375	53.032
40.2125	-9.1125	53.095
40.2125	-9.0875	53.16
40.2125	-9.0625	53.226
40.2125	-9.0375	53.281
40.2125	-9.0125	53.344
40.2125	-8.9875	53.396
40.2125	-8.9625	53.435
40.2125	-8.9375	53.48
40.2125	-8.9125	53.516
40.2125	-8.8875	53.564
40.2125	-8.8625	53.621
40.2125	-8.8375	53.691
40.2125	-8.8125	53.788
40.2125	-8.7875	53.881
40.2125	-8.7625	53.98
40.2125	-8.7375	54.057
40.2125	-8.7125	54.149
40.2125	-8.6875	54.244
40.2125	-8.6625	54.33
40.2125	-8.6375	54.4
40.2125	-8.6125	54.454
40.2125	-8.5875	54.515
40.2125	-8.5625	54.579
40.2125	-8.5375	54.643
40.2125	-8.5125	54.704
40.2125	-8.4875	54.781
40.2125	-8.4625	54.883
40.2125	-8.4375	54.979
40.2125	-8.4125	55.107
40.2125	-8.3875	55.233
40.2125	-8.3625	55.324
40.2125	-8.3375	55.395
40.2125	-8.3125	55.442
40.2125	-8.2875	55.447
40.2125	-8.2625	55.448
40.2125	-8.2375	55.47
40.2125	-8.2125	55.506
40.2125	-8.1875	55.518
40.2125	-8.1625	55.54
40.2125	-8.1375	55.537
40.2125	-8.1125	55.531
40.2125	-8.0875	55.525
40.2125	-8.0625	55.55
40.2125	-8.0375	55.596
40.2125	-8.0125	55.673
40.2125	-7.9875	55.748
40.2125	-7.9625	55.847
40.2125	-7.9375	55.924
40.2125	-7.9125	56.019
40.2125	-7.8875	56.092
40.2125	-7.8625	56.152
40.2125	-7.8375	56.208
40.2125	-7.8125	56.235
40.2125	-7.7875	56.249
40.2125	-7.7625	56.215
40.2125	-7.7375	56.172
40.2125	-7.7125	56.122
40.2125	-7.6875	56.08
40.2125	-7.6625	56.062
40.2125	-7.6375	56.062
40.2125	-7.6125	56.066
40.2125	-7.5875	56.043
40.2125	-7.5625	55.993
40.2125	-7.5375	55.948
40.2125	-7.5125	55.859
40.2125	-7.4875	55.803
40.2125	-7.4625	55.767
40.2125	-7.4375	55.73
40.2125	-7.4125	55.703
40.2125	-7.3875	55.691
40.2125	-7.3625	55.671
40.2125	-7.3375	55.666
40.2125	-7.3125	55.66
40.2125	-7.2875	55.668
40.2125	-7.2625	55.663
40.2125	-7.2375	55.684
40.2125	-7.2125	55.706
40.2125	-7.1875	55.708
40.2125	-7.1625	55.732
40.2125	-7.1375	55.735
40.2125	-7.1125	55.755
40.2125	-7.0875	55.769
40.2125	-7.0625	55.766
40.2125	-7.0375	55.747
40.2125	-7.0125	55.731
40.2125	-6.9875	55.71
40.2125	-6.9625	55.673
40.2125	-6.9375	55.617
40.2125	-6.9125	55.549
40.2125	-6.8875	55.474
40.2125	-6.8625	55.405
40.2125	-6.8375	55.37
40.2125	-6.8125	55.353
40.2125	-6.7875	55.351
40.2125	-6.7625	55.344
40.2125	-6.7375	55.29
40.2125	-6.7125	55.24
40.2125	-6.6875	55.212
40.2125	-6.6625	55.187
40.2125	-6.6375	55.146
40.2125	-6.6125	55.134
40.2125	-6.5875	55.094
40.2125	-6.5625	55.053
40.2125	-6.5375	55.006
40.2125	-6.5125	54.969
40.2125	-6.4875	54.953
40.2125	-6.4625	54.931
40.2125	-6.4375	54.915
40.2125	-6.4125	54.909
40.2125	-6.3875	54.896
40.2125	-6.3625	54.863
40.2125	-6.3375	54.835
40.2125	-6.3125	54.806
40.2125	-6.2875	54.781
40.2125	-6.2625	54.759
40.2125	-6.2375	54.735
40.2125	-6.2125	54.711
40.2125	-6.1875	54.691
40.2125	-6.1625	54.676
40.2125	-6.1375	54.664
40.2125	-6.1125	54.66
40.2125	-6.0875	54.669
40.2125	-6.0625	54.681
40.2125	-6.0375	54.708
40.2125	-6.0125	54.754
40.2125	-5.9875	54.823
40.2375	-10.0125	48.448
40.2375	-9.9875	48.706
40.2375	-9.9625	48.984
40.2375	-9.9375	49.269
40.2375	-9.9125	49.551
40.2375	-9.8875	49.818
40.2375	-9.8625	50.085
40.2375	-9.8375	50.341
40.2375	-9.8125	50.568
40.2375	-9.7875	50.773
40.2375	-9.7625	50.958
40.2375	-9.7375	51.127
40.2375	-9.7125	51.282
40.2375	-9.6875	51.424
40.2375	-9.6625	51.559
40.2375	-9.6375	51.686
40.2375	-9.6125	51.804
40.2375	-9.5875	51.91
40.2375	-9.5625	52.009
40.2375	-9.5375	52.097
40.2375	-9.5125	52.175
40.2375	-9.4875	52.242
40.2375	-9.4625	52.301
40.2375	-9.4375	52.354
40.2375	-9.4125	52.405
40.2375	-9.3875	52.455
40.2375	-9.3625	52.505
40.2375	-9.3375	52.558
40.2375	-9.3125	52.616
40.2375	-9.2875	52.676
40.2375	-9.2625	52.736
40.2375	-9.2375	52.788
40.2375	-9.2125	52.85
40.2375	-9.1875	52.914
40.2375	-9.1625	52.97
40.2375	-9.1375	53.039
40.2375	-9.1125	53.101
40.2375	-9.0875	53.174
40.2375	-9.0625	53.228
40.2375	-9.0375	53.292
40.2375	-9.0125	53.355
40.2375	-8.9875	53.405
40.2375	-8.9625	53.454
40.2375	-8.9375	53.488
40.2375	-8.9125	53.53
40.2375	-8.8875	53.585
40.2375	-8.8625	53.641
40.2375	-8.8375	53.716
40.2375	-8.8125	53.801
40.2375	-8.7875	53.893
40.2375	-8.7625	53.967
40.2375	-8.7375	54.048
40.2375	-8.7125	54.142
40.2375	-8.6875	54.234
40.2375	-8.6625	54.331
40.2375	-8.6375	54.419
40.2375	-8.6125	54.5
40.2375	-8.5875	54.576
40.2375	-8.5625	54.636
40.2375	-8.5375	54.694
40.2375	-8.5125	54.748
40.2375	-8.4875	54.818
40.2375	-8.4625	54.881
40.2375	-8.4375	54.981
40.2375	-8.4125	55.095
40.2375	-8.3875	55.22
40.2375	-8.3625	55.326
40.2375	-8.3375	55.386
40.2375	-8.3125	55.39
40.2375	-8.2875	55.412
40.2375	-8.2625	55.425
40.2375	-8.2375	55.46
40.2375	-8.2125	55.484
40.2375	-8.1875	55.474
40.2375	-8.1625	55.477
40.2375	-8.1375	55.481
40.2375	-8.1125	55.484
40.2375	-8.0875	55.489
40.2375	-8.0625	55.5
40.2375	-8.0375	55.533
40.2375	-8.0125	55.6
40.2375	-7.9875	55.667
40.2375	-7.9625	55.756
40.2375	-7.9375	55.838
40.2375	-7.9125	55.919
40.2375	-7.8875	55.99
40.2375	-7.8625	56.059
40.2375	-7.8375	56.139
40.2375	-7.8125	56.195
40.2375	-7.7875	56.212
40.2375	-7.7625	56.214
40.2375	-7.7375	56.205
40.2375	-7.7125	56.185
40.2375	-7.6875	56.181
40.2375	-7.6625	56.189
40.2375	-7.6375	56.192
40.2375	-7.6125	56.187
40.2375	-7.5875	56.162
40.2375	-7.5625	56.129
40.2375	-7.5375	56.031
40.2375	-7.5125	55.924
40.2375	-7.4875	55.833
40.2375	-7.4625	55.785
40.2375	-7.4375	55.748
40.2375	-7.4125	55.725
40.2375	-7.3875	55.716
40.2375	-7.3625	55.716
40.2375	-7.3375	55.702
40.2375	-7.3125	55.705
40.2375	-7.2875	55.714
40.2375	-7.2625	55.728
40.2375	-7.2375	55.75
40.2375	-7.2125	55.765
40.2375	-7.1875	55.795
40.2375	-7.1625	55.817
40.2375	-7.1375	55.839
40.2375	-7.1125	55.874
40.2375	-7.0875	55.887
40.2375	-7.0625	55.888
40.2375	-7.0375	55.873
40.2375	-7.0125	55.87
40.2375	-6.9875	55.856
40.2375	-6.9625	55.826
40.2375	-6.9375	55.774
40.2375	-6.9125	55.696
40.2375	-6.8875	55.608
40.2375	-6.8625	55.529
40.2375	-6.8375	55.498
40.2375	-6.8125	55.48
40.2375	-6.7875	55.465
40.2375	-6.7625	55.438
40.2375	-6.7375	55.404
40.2375	-6.7125	55.353
40.2375	-6.6875	55.343
40.2375	-6.6625	55.32
40.2375	-6.6375	55.301
40.2375	-6.6125	55.28
40.2375	-6.5875	55.248
40.2375	-6.5625	55.202
40.2375	-6.5375	55.139
40.2375	-6.5125	55.112
40.2375	-6.4875	55.086
40.2375	-6.4625	55.063
40.2375	-6.4375	55.04
40.2375	-6.4125	55.024
40.2375	-6.3875	55.008
40.2375	-6.3625	54.984
40.2375	-6.3375	54.961
40.2375	-6.3125	54.935
40.2375	-6.2875	54.911
40.2375	-6.2625	54.887
40.2375	-6.2375	54.858
40.2375	-6.2125	54.831
40.2375	-6.1875	54.808
40.2375	-6.1625	54.79
40.2375	-6.1375	54.777
40.2375	-6.1125	54.772
40.2375	-6.0875	54.776
40.2375	-6.0625	54.791
40.2375	-6.0375	54.813
40.2375	-6.0125	54.849
40.2375	-5.9875	54.896
40.2625	-10.0125	48.381
40.2625	-9.9875	48.626
40.2625	-9.9625	48.894
40.2625	-9.9375	49.172
40.2625	-9.9125	49.448
40.2625	-9.8875	49.719
40.2625	-9.8625	49.995
40.2625	-9.8375	50.263
40.2625	-9.8125	50.506
40.2625	-9.7875	50.727
40.2625	-9.7625	50.925
40.2625	-9.7375	51.104
40.2625	-9.7125	51.268
40.2625	-9.6875	51.419
40.2625	-9.6625	51.557
40.2625	-9.6375	51.685
40.2625	-9.6125	51.803
40.2625	-9.5875	51.911
40.2625	-9.5625	52.01
40.2625	-9.5375	52.099
40.2625	-9.5125	52.178
40.2625	-9.4875	52.247
40.2625	-9.4625	52.31
40.2625	-9.4375	52.365
40.2625	-9.4125	52.419
40.2625	-9.3875	52.471
40.2625	-9.3625	52.523
40.2625	-9.3375	52.578
40.2625	-9.3125	52.635
40.2625	-9.2875	52.695
40.2625	-9.2625	52.754
40.2625	-9.2375	52.813
40.2625	-9.2125	52.864
40.2625	-9.1875	52.926
40.2625	-9.1625	52.992
40.2625	-9.1375	53.05
40.2625	-9.1125	53.12
40.2625	-9.0875	53.182
40.2625	-9.0625	53.243
40.2625	-9.0375	53.305
40.2625	-9.0125	53.367
40.2625	-8.9875	53.426
40.2625	-8.9625	53.472
40.2625	-8.9375	53.524
40.2625	-8.9125	53.563
40.2625	-8.8875	53.616
40.2625	-8.8625	53.685
40.2625	-8.8375	53.756
40.2625	-8.8125	53.838
40.2625	-8.7875	53.907
40.2625	-8.7625	53.978
40.2625	-8.7375	54.042
40.2625	-8.7125	54.134
40.2625	-8.6875	54.221
40.2625	-8.6625	54.333
40.2625	-8.6375	54.434
40.2625	-8.6125	54.525
40.2625	-8.5875	54.619
40.2625	-8.5625	54.7
40.2625	-8.5375	54.75
40.2625	-8.5125	54.797
40.2625	-8.4875	54.864
40.2625	-8.4625	54.933
40.2625	-8.4375	55.021
40.2625	-8.4125	55.119
40.2625	-8.3875	55.219
40.2625	-8.3625	55.318
40.2625	-8.3375	55.377
40.2625	-8.3125	55.386
40.2625	-8.2875	55.376
40.2625	-8.2625	55.402
40.2625	-8.2375	55.421
40.2625	-8.2125	55.419
40.2625	-8.1875	55.416
40.2625	-8.1625	55.427
40.2625	-8.1375	55.44
40.2625	-8.1125	55.463
40.2625	-8.0875	55.475
40.2625	-8.0625	55.5
40.2625	-8.0375	55.515
40.2625	-8.0125	55.537
40.2625	-7.9875	55.592
40.2625	-7.9625	55.655
40.2625	-7.9375	55.73
40.2625	-7.9125	55.798
40.2625	-7.8875	55.847
40.2625	-7.8625	55.924
40.2625	-7.8375	56.016
40.2625	-7.8125	56.101
40.2625	-7.7875	56.148
40.2625	-7.7625	56.182
40.2625	-7.7375	56.209
40.2625	-7.7125	56.258
40.2625	-7.6875	56.299
40.2625	-7.6625	56.345
40.2625	-7.6375	56.381
40.2625	-7.6125	56.387
40.2625	-7.5875	56.356
40.2625	-7.5625	56.302
40.2625	-7.5375	56.18
40.2625	-7.5125	56.031
40.2625	-7.4875	55.906
40.2625	-7.4625	55.826
40.2625	-7.4375	55.786
40.2625	-7.4125	55.756
40.2625	-7.3875	55.739
40.2625	-7.3625	55.731
40.2625	-7.3375	55.734
40.2625	-7.3125	55.753
40.2625	-7.2875	55.766
40.2625	-7.2625	55.784
40.2625	-7.2375	55.808
40.2625	-7.2125	55.837
40.2625	-7.1875	55.854
40.2625	-7.1625	55.896
40.2625	-7.1375	55.936
40.2625	-7.1125	55.979
40.2625	-7.0875	56.014
40.2625	-7.0625	56.019
40.2625	-7.0375	55.993
40.2625	-7.0125	55.971
40.2625	-6.9875	55.972
40.2625	-6.9625	55.967
40.2625	-6.9375	55.915
40.2625	-6.9125	55.835
40.2625	-6.8875	55.743
40.2625	-6.8625	55.652
40.2625	-6.8375	55.603
40.2625	-6.8125	55.577
40.2625	-6.7875	55.564
40.2625	-6.7625	55.54
40.2625	-6.7375	55.51
40.2625	-6.7125	55.482
40.2625	-6.6875	55.463
40.2625	-6.6625	55.46
40.2625	-6.6375	55.447
40.2625	-6.6125	55.452
40.2625	-6.5875	55.406
40.2625	-6.5625	55.366
40.2625	-6.5375	55.3
40.2625	-6.5125	55.262
40.2625	-6.4875	55.242
40.2625	-6.4625	55.22
40.2625	-6.4375	55.177
40.2625	-6.4125	55.15
40.2625	-6.3875	55.14
40.2625	-6.3625	55.126
40.2625	-6.3375	55.092
40.2625	-6.3125	55.067
40.2625	-6.2875	55.046
40.2625	-6.2625	55.027
40.2625	-6.2375	55
40.2625	-6.2125	54.961
40.2625	-6.1875	54.938
40.2625	-6.1625	54.911
40.2625	-6.1375	54.9
40.2625	-6.1125	54.894
40.2625	-6.0875	54.904
40.2625	-6.0625	54.917
40.2625	-6.0375	54.939
40.2625	-6.0125	54.963
40.2625	-5.9875	54.994
40.2875	-10.0125	48.324
40.2875	-9.9875	48.554
40.2875	-9.9625	48.806
40.2875	-9.9375	49.069
40.2875	-9.9125	49.337
40.2875	-9.8875	49.608
40.2875	-9.8625	49.892
40.2875	-9.8375	50.172
40.2875	-9.8125	50.429
40.2875	-9.7875	50.664
40.2875	-9.7625	50.874
40.2875	-9.7375	51.064
40.2875	-9.7125	51.237
40.2875	-9.6875	51.396
40.2875	-9.6625	51.542
40.2875	-9.6375	51.676
40.2875	-9.6125	51.798
40.2875	-9.5875	51.909
40.2875	-9.5625	52.009
40.2875	-9.5375	52.1
40.2875	-9.5125	52.181
40.2875	-9.4875	52.252
40.2875	-9.4625	52.316
40.2875	-9.4375	52.376
40.2875	-9.4125	52.433
40.2875	-9.3875	52.486
40.2875	-9.3625	52.541
40.2875	-9.3375	52.597
40.2875	-9.3125	52.655
40.2875	-9.2875	52.715
40.2875	-9.2625	52.773
40.2875	-9.2375	52.832
40.2875	-9.2125	52.882
40.2875	-9.1875	52.944
40.2875	-9.1625	53.008
40.2875	-9.1375	53.075
40.2875	-9.1125	53.135
40.2875	-9.0875	53.204
40.2875	-9.0625	53.265
40.2875	-9.0375	53.324
40.2875	-9.0125	53.392
40.2875	-8.9875	53.449
40.2875	-8.9625	53.502
40.2875	-8.9375	53.553
40.2875	-8.9125	53.606
40.2875	-8.8875	53.66
40.2875	-8.8625	53.728
40.2875	-8.8375	53.8
40.2875	-8.8125	53.877
40.2875	-8.7875	53.94
40.2875	-8.7625	53.998
40.2875	-8.7375	54.058
40.2875	-8.7125	54.13
40.2875	-8.6875	54.23
40.2875	-8.6625	54.328
40.2875	-8.6375	54.439
40.2875	-8.6125	54.545
40.2875	-8.5875	54.64
40.2875	-8.5625	54.714
40.2875	-8.5375	54.783
40.2875	-8.5125	54.839
40.2875	-8.4875	54.899
40.2875	-8.4625	54.977
40.2875	-8.4375	55.056
40.2875	-8.4125	55.138
40.2875	-8.3875	55.218
40.2875	-8.3625	55.303
40.2875	-8.3375	55.353
40.2875	-8.3125	55.361
40.2875	-8.2875	55.367
40.2875	-8.2625	55.349
40.2875	-8.2375	55.347
40.2875	-8.2125	55.364
40.2875	-8.1875	55.373
40.2875	-8.1625	55.396
40.2875	-8.1375	55.413
40.2875	-8.1125	55.432
40.2875	-8.0875	55.441
40.2875	-8.0625	55.459
40.2875	-8.0375	55.474
40.2875	-8.0125	55.504
40.2875	-7.9875	55.541
40.2875	-7.9625	55.579
40.2875	-7.9375	55.631
40.2875	-7.9125	55.685
40.2875	-7.8875	55.742
40.2875	-7.8625	55.792
40.2875	-7.8375	55.891
40.2875	-7.8125	55.997
40.2875	-7.7875	56.054
40.2875	-7.7625	56.144
40.2875	-7.7375	56.217
40.2875	-7.7125	56.307
40.2875	-7.6875	56.397
40.2875	-7.6625	56.497
40.2875	-7.6375	56.55
40.2875	-7.6125	56.602
40.2875	-7.5875	56.557
40.2875	-7.5625	56.489
40.2875	-7.5375	56.349
40.2875	-7.5125	56.186
40.2875	-7.4875	56.035
40.2875	-7.4625	55.927
40.2875	-7.4375	55.86
40.2875	-7.4125	55.811
40.2875	-7.3875	55.779
40.2875	-7.3625	55.759
40.2875	-7.3375	55.759
40.2875	-7.3125	55.781
40.2875	-7.2875	55.794
40.2875	-7.2625	55.836
40.2875	-7.2375	55.855
40.2875	-7.2125	55.885
40.2875	-7.1875	55.929
40.2875	-7.1625	55.961
40.2875	-7.1375	56.018
40.2875	-7.1125	56.057
40.2875	-7.0875	56.093
40.2875	-7.0625	56.093
40.2875	-7.0375	56.059
40.2875	-7.0125	56.036
40.2875	-6.9875	56.027
40.2875	-6.9625	56.03
40.2875	-6.9375	56.011
40.2875	-6.9125	55.948
40.2875	-6.8875	55.867
40.2875	-6.8625	55.777
40.2875	-6.8375	55.716
40.2875	-6.8125	55.676
40.2875	-6.7875	55.653
40.2875	-6.7625	55.615
40.2875	-6.7375	55.595
40.2875	-6.7125	55.585
40.2875	-6.6875	55.566
40.2875	-6.6625	55.556
40.2875	-6.6375	55.571
40.2875	-6.6125	55.569
40.2875	-6.5875	55.549
40.2875	-6.5625	55.511
40.2875	-6.5375	55.467
40.2875	-6.5125	55.419
40.2875	-6.4875	55.376
40.2875	-6.4625	55.339
40.2875	-6.4375	55.301
40.2875	-6.4125	55.281
40.2875	-6.3875	55.274
40.2875	-6.3625	55.254
40.2875	-6.3375	55.23
40.2875	-6.3125	55.2
40.2875	-6.2875	55.18
40.2875	-6.2625	55.151
40.2875	-6.2375	55.125
40.2875	-6.2125	55.094
40.2875	-6.1875	55.066
40.2875	-6.1625	55.051
40.2875	-6.1375	55.033
40.2875	-6.1125	55.028
40.2875	-6.0875	55.04
40.2875	-6.0625	55.061
40.2875	-6.0375	55.075
40.2875	-6.0125	55.093
40.2875	-5.9875	55.111
40.3125	-10.0125	48.28
40.3125	-9.9875	48.49
40.3125	-9.9625	48.724
40.3125	-9.9375	48.972
40.3125	-9.9125	49.23
40.3125	-9.8875	49.496
40.3125	-9.8625	49.778
40.3125	-9.8375	50.061
40.3125	-9.8125	50.333
40.3125	-9.7875	50.583
40.3125	-9.7625	50.808
40.3125	-9.7375	51.01
40.3125	-9.7125	51.196
40.3125	-9.6875	51.366
40.3125	-9.6625	51.522
40.3125	-9.6375	51.664
40.3125	-9.6125	51.79
40.3125	-9.5875	51.903
40.3125	-9.5625	52.006
40.3125	-9.5375	52.098
40.3125	-9.5125	52.182
40.3125	-9.4875	52.256
40.3125	-9.4625	52.323
40.3125	-9.4375	52.385
40.3125	-9.4125	52.443
40.3125	-9.3875	52.5
40.3125	-9.3625	52.557
40.3125	-9.3375	52.616
40.3125	-9.3125	52.676
40.3125	-9.2875	52.736
40.3125	-9.2625	52.795
40.3125	-9.2375	52.855
40.3125	-9.2125	52.915
40.3125	-9.1875	52.976
40.3125	-9.1625	53.03
40.3125	-9.1375	53.096
40.3125	-9.1125	53.164
40.3125	-9.0875	53.231
40.3125	-9.0625	53.289
40.3125	-9.0375	53.356
40.3125	-9.0125	53.411
40.3125	-8.9875	53.476
40.3125	-8.9625	53.529
40.3125	-8.9375	53.592
40.3125	-8.9125	53.645
40.3125	-8.8875	53.709
40.3125	-8.8625	53.778
40.3125	-8.8375	53.841
40.3125	-8.8125	53.909
40.3125	-8.7875	53.977
40.3125	-8.7625	54.037
40.3125	-8.7375	54.101
40.3125	-8.7125	54.172
40.3125	-8.6875	54.261
40.3125	-8.6625	54.362
40.3125	-8.6375	54.462
40.3125	-8.6125	54.56
40.3125	-8.5875	54.643
40.3125	-8.5625	54.728
40.3125	-8.5375	54.799
40.3125	-8.5125	54.871
40.3125	-8.4875	54.938
40.3125	-8.4625	55.018
40.3125	-8.4375	55.094
40.3125	-8.4125	55.154
40.3125	-8.3875	55.231
40.3125	-8.3625	55.287
40.3125	-8.3375	55.328
40.3125	-8.3125	55.356
40.3125	-8.2875	55.341
40.3125	-8.2625	55.316
40.3125	-8.2375	55.316
40.3125	-8.2125	55.334
40.3125	-8.1875	55.338
40.3125	-8.1625	55.353
40.3125	-8.1375	55.365
40.3125	-8.1125	55.379
40.3125	-8.0875	55.387
40.3125	-8.0625	55.396
40.3125	-8.0375	55.421
40.3125	-8.0125	55.439
40.3125	-7.9875	55.482
40.3125	-7.9625	55.522
40.3125	-7.9375	55.559
40.3125	-7.9125	55.6
40.3125	-7.8875	55.63
40.3125	-7.8625	55.665
40.3125	-7.8375	55.759
40.3125	-7.8125	55.878
40.3125	-7.7875	56.01
40.3125	-7.7625	56.134
40.3125	-7.7375	56.248
40.3125	-7.7125	56.355
40.3125	-7.6875	56.469
40.3125	-7.6625	56.608
40.3125	-7.6375	56.715
40.3125	-7.6125	56.741
40.3125	-7.5875	56.758
40.3125	-7.5625	56.656
40.3125	-7.5375	56.533
40.3125	-7.5125	56.367
40.3125	-7.4875	56.201
40.3125	-7.4625	56.064
40.3125	-7.4375	55.974
40.3125	-7.4125	55.882
40.3125	-7.3875	55.826
40.3125	-7.3625	55.804
40.3125	-7.3375	55.786
40.3125	-7.3125	55.8
40.3125	-7.2875	55.828
40.3125	-7.2625	55.863
40.3125	-7.2375	55.893
40.3125	-7.2125	55.932
40.3125	-7.1875	55.963
40.3125	-7.1625	56.008
40.3125	-7.1375	56.046
40.3125	-7.1125	56.078
40.3125	-7.0875	56.095
40.3125	-7.0625	56.094
40.3125	-7.0375	56.077
40.3125	-7.0125	56.062
40.3125	-6.9875	56.056
40.3125	-6.9625	56.067
40.3125	-6.9375	56.051
40.3125	-6.9125	56.026
40.3125	-6.8875	55.96
40.3125	-6.8625	55.879
40.3125	-6.8375	55.82
40.3125	-6.8125	55.764
40.3125	-6.7875	55.74
40.3125	-6.7625	55.702
40.3125	-6.7375	55.678
40.3125	-6.7125	55.656
40.3125	-6.6875	55.637
40.3125	-6.6625	55.64
40.3125	-6.6375	55.646
40.3125	-6.6125	55.639
40.3125	-6.5875	55.635
40.3125	-6.5625	55.625
40.3125	-6.5375	55.601
40.3125	-6.5125	55.563
40.3125	-6.4875	55.517
40.3125	-6.4625	55.478
40.3125	-6.4375	55.438
40.3125	-6.4125	55.427
40.3125	-6.3875	55.424
40.3125	-6.3625	55.4
40.3125	-6.3375	55.358
40.3125	-6.3125	55.321
40.3125	-6.2875	55.296
40.3125	-6.2625	55.268
40.3125	-6.2375	55.24
40.3125	-6.2125	55.215
40.3125	-6.1875	55.197
40.3125	-6.1625	55.188
40.3125	-6.1375	55.169
40.3125	-6.1125	55.174
40.3125	-6.0875	55.176
40.3125	-6.0625	55.192
40.3125	-6.0375	55.205
40.3125	-6.0125	55.227
40.3125	-5.9875	55.235
40.3375	-10.0125	48.251
40.3375	-9.9875	48.441
40.3375	-9.9625	48.654
40.3375	-9.9375	48.886
40.3375	-9.9125	49.13
40.3375	-9.8875	49.386
40.3375	-9.8625	49.657
40.3375	-9.8375	49.936
40.3375	-9.8125	50.213
40.3375	-9.7875	50.477
40.3375	-9.7625	50.719
40.3375	-9.7375	50.94
40.3375	-9.7125	51.141
40.3375	-9.6875	51.323
40.3375	-9.6625	51.49
40.3375	-9.6375	51.639
40.3375	-9.6125	51.771
40.3375	-9.5875	51.89
40.3375	-9.5625	51.996
40.3375	-9.5375	52.093
40.3375	-9.5125	52.18
40.3375	-9.4875	52.257
40.3375	-9.4625	52.327
40.3375	-9.4375	52.392
40.3375	-9.4125	52.453
40.3375	-9.3875	52.512
40.3375	-9.3625	52.574
40.3375	-9.3375	52.636
40.3375	-9.3125	52.698
40.3375	-9.2875	52.761
40.3375	-9.2625	52.823
40.3375	-9.2375	52.883
40.3375	-9.2125	52.943
40.3375	-9.1875	53.004
40.3375	-9.1625	53.067
40.3375	-9.1375	53.123
40.3375	-9.1125	53.188
40.3375	-9.0875	53.253
40.3375	-9.0625	53.318
40.3375	-9.0375	53.383
40.3375	-9.0125	53.447
40.3375	-8.9875	53.511
40.3375	-8.9625	53.574
40.3375	-8.9375	53.636
40.3375	-8.9125	53.698
40.3375	-8.8875	53.754
40.3375	-8.8625	53.823
40.3375	-8.8375	53.887
40.3375	-8.8125	53.954
40.3375	-8.7875	54.021
40.3375	-8.7625	54.094
40.3375	-8.7375	54.16
40.3375	-8.7125	54.242
40.3375	-8.6875	54.324
40.3375	-8.6625	54.425
40.3375	-8.6375	54.514
40.3375	-8.6125	54.599
40.3375	-8.5875	54.663
40.3375	-8.5625	54.74
40.3375	-8.5375	54.811
40.3375	-8.5125	54.882
40.3375	-8.4875	54.948
40.3375	-8.4625	55.028
40.3375	-8.4375	55.099
40.3375	-8.4125	55.162
40.3375	-8.3875	55.239
40.3375	-8.3625	55.289
40.3375	-8.3375	55.329
40.3375	-8.3125	55.324
40.3375	-8.2875	55.312
40.3375	-8.2625	55.295
40.3375	-8.2375	55.292
40.3375	-8.2125	55.29
40.3375	-8.1875	55.297
40.3375	-8.1625	55.303
40.3375	-8.1375	55.307
40.3375	-8.1125	55.311
40.3375	-8.0875	55.311
40.3375	-8.0625	55.318
40.3375	-8.0375	55.324
40.3375	-8.0125	55.36
40.3375	-7.9875	55.395
40.3375	-7.9625	55.435
40.3375	-7.9375	55.467
40.3375	-7.9125	55.502
40.3375	-7.8875	55.538
40.3375	-7.8625	55.584
40.3375	-7.8375	55.652
40.3375	-7.8125	55.772
40.3375	-7.7875	55.948
40.3375	-7.7625	56.095
40.3375	-7.7375	56.221
40.3375	-7.7125	56.348
40.3375	-7.6875	56.503
40.3375	-7.6625	56.653
40.3375	-7.6375	56.752
40.3375	-7.6125	56.829
40.3375	-7.5875	56.829
40.3375	-7.5625	56.752
40.3375	-7.5375	56.636
40.3375	-7.5125	56.493
40.3375	-7.4875	56.353
40.3375	-7.4625	56.218
40.3375	-7.4375	56.106
40.3375	-7.4125	55.995
40.3375	-7.3875	55.904
40.3375	-7.3625	55.854
40.3375	-7.3375	55.834
40.3375	-7.3125	55.83
40.3375	-7.2875	55.852
40.3375	-7.2625	55.883
40.3375	-7.2375	55.934
40.3375	-7.2125	55.987
40.3375	-7.1875	56.015
40.3375	-7.1625	56.051
40.3375	-7.1375	56.062
40.3375	-7.1125	56.081
40.3375	-7.0875	56.076
40.3375	-7.0625	56.073
40.3375	-7.0375	56.071
40.3375	-7.0125	56.06
40.3375	-6.9875	56.073
40.3375	-6.9625	56.083
40.3375	-6.9375	56.082
40.3375	-6.9125	56.061
40.3375	-6.8875	56.023
40.3375	-6.8625	55.962
40.3375	-6.8375	55.908
40.3375	-6.8125	55.855
40.3375	-6.7875	55.817
40.3375	-6.7625	55.775
40.3375	-6.7375	55.752
40.3375	-6.7125	55.723
40.3375	-6.6875	55.719
40.3375	-6.6625	55.71
40.3375	-6.6375	55.717
40.3375	-6.6125	55.715
40.3375	-6.5875	55.721
40.3375	-6.5625	55.706
40.3375	-6.5375	55.692
40.3375	-6.5125	55.682
40.3375	-6.4875	55.66
40.3375	-6.4625	55.631
40.3375	-6.4375	55.606
40.3375	-6.4125	55.587
40.3375	-6.3875	55.572
40.3375	-6.3625	55.543
40.3375	-6.3375	55.498
40.3375	-6.3125	55.477
40.3375	-6.2875	55.444
40.3375	-6.2625	55.407
40.3375	-6.2375	55.378
40.3375	-6.2125	55.34
40.3375	-6.1875	55.305
40.3375	-6.1625	55.289
40.3375	-6.1375	55.285
40.3375	-6.1125	55.292
40.3375	-6.0875	55.294
40.3375	-6.0625	55.313
40.3375	-6.0375	55.315
40.3375	-6.0125	55.316
40.3375	-5.9875	55.33
40.3625	-10.0125	48.238
40.3625	-9.9875	48.408
40.3625	-9.9625	48.601
40.3625	-9.9375	48.813
40.3625	-9.9125	49.039
40.3625	-9.8875	49.278
40.3625	-9.8625	49.534
40.3625	-9.8375	49.803
40.3625	-9.8125	50.079
40.3625	-9.7875	50.353
40.3625	-9.7625	50.613
40.3625	-9.7375	50.854
40.3625	-9.7125	51.071
40.3625	-9.6875	51.267
40.3625	-9.6625	51.445
40.3625	-9.6375	51.602
40.3625	-9.6125	51.742
40.3625	-9.5875	51.865
40.3625	-9.5625	51.976
40.3625	-9.5375	52.078
40.3625	-9.5125	52.17
40.3625	-9.4875	52.252
40.3625	-9.4625	52.326
40.3625	-9.4375	52.395
40.3625	-9.4125	52.461
40.3625	-9.3875	52.524
40.3625	-9.3625	52.589
40.3625	-9.3375	52.654
40.3625	-9.3125	52.721
40.3625	-9.2875	52.788
40.3625	-9.2625	52.853
40.3625	-9.2375	52.915
40.3625	-9.2125	52.976
40.3625	-9.1875	53.038
40.3625	-9.1625	53.1
40.3625	-9.1375	53.164
40.3625	-9.1125	53.227
40.3625	-9.0875	53.29
40.3625	-9.0625	53.353
40.3625	-9.0375	53.415
40.3625	-9.0125	53.479
40.3625	-8.9875	53.542
40.3625	-8.9625	53.614
40.3625	-8.9375	53.676
40.3625	-8.9125	53.74
40.3625	-8.8875	53.815
40.3625	-8.8625	53.873
40.3625	-8.8375	53.943
40.3625	-8.8125	54.009
40.3625	-8.7875	54.076
40.3625	-8.7625	54.149
40.3625	-8.7375	54.218
40.3625	-8.7125	54.304
40.3625	-8.6875	54.398
40.3625	-8.6625	54.5
40.3625	-8.6375	54.587
40.3625	-8.6125	54.651
40.3625	-8.5875	54.705
40.3625	-8.5625	54.763
40.3625	-8.5375	54.824
40.3625	-8.5125	54.897
40.3625	-8.4875	54.956
40.3625	-8.4625	55.022
40.3625	-8.4375	55.089
40.3625	-8.4125	55.163
40.3625	-8.3875	55.23
40.3625	-8.3625	55.287
40.3625	-8.3375	55.31
40.3625	-8.3125	55.305
40.3625	-8.2875	55.281
40.3625	-8.2625	55.262
40.3625	-8.2375	55.247
40.3625	-8.2125	55.24
40.3625	-8.1875	55.259
40.3625	-8.1625	55.269
40.3625	-8.1375	55.272
40.3625	-8.1125	55.27
40.3625	-8.0875	55.25
40.3625	-8.0625	55.248
40.3625	-8.0375	55.245
40.3625	-8.0125	55.272
40.3625	-7.9875	55.307
40.3625	-7.9625	55.334
40.3625	-7.9375	55.373
40.3625	-7.9125	55.405
40.3625	-7.8875	55.446
40.3625	-7.8625	55.509
40.3625	-7.8375	55.574
40.3625	-7.8125	55.688
40.3625	-7.7875	55.82
40.3625	-7.7625	55.965
40.3625	-7.7375	56.112
40.3625	-7.7125	56.274
40.3625	-7.6875	56.443
40.3625	-7.6625	56.602
40.3625	-7.6375	56.728
40.3625	-7.6125	56.796
40.3625	-7.5875	56.79
40.3625	-7.5625	56.738
40.3625	-7.5375	56.632
40.3625	-7.5125	56.532
40.3625	-7.4875	56.419
40.3625	-7.4625	56.31
40.3625	-7.4375	56.207
40.3625	-7.4125	56.105
40.3625	-7.3875	56.001
40.3625	-7.3625	55.923
40.3625	-7.3375	55.881
40.3625	-7.3125	55.876
40.3625	-7.2875	55.892
40.3625	-7.2625	55.934
40.3625	-7.2375	55.972
40.3625	-7.2125	56.021
40.3625	-7.1875	56.059
40.3625	-7.1625	56.081
40.3625	-7.1375	56.086
40.3625	-7.1125	56.082
40.3625	-7.0875	56.082
40.3625	-7.0625	56.069
40.3625	-7.0375	56.064
40.3625	-7.0125	56.071
40.3625	-6.9875	56.087
40.3625	-6.9625	56.092
40.3625	-6.9375	56.087
40.3625	-6.9125	56.075
40.3625	-6.8875	56.042
40.3625	-6.8625	56.005
40.3625	-6.8375	55.974
40.3625	-6.8125	55.922
40.3625	-6.7875	55.875
40.3625	-6.7625	55.844
40.3625	-6.7375	55.811
40.3625	-6.7125	55.793
40.3625	-6.6875	55.781
40.3625	-6.6625	55.777
40.3625	-6.6375	55.788
40.3625	-6.6125	55.783
40.3625	-6.5875	55.777
40.3625	-6.5625	55.783
40.3625	-6.5375	55.783
40.3625	-6.5125	55.779
40.3625	-6.4875	55.769
40.3625	-6.4625	55.761
40.3625	-6.4375	55.735
40.3625	-6.4125	55.719
40.3625	-6.3875	55.692
40.3625	-6.3625	55.657
40.3625	-6.3375	55.645
40.3625	-6.3125	55.637
40.3625	-6.2875	55.609
40.3625	-6.2625	55.568
40.3625	-6.2375	55.52
40.3625	-6.2125	55.479
40.3625	-6.1875	55.441
40.3625	-6.1625	55.412
40.3625	-6.1375	55.385
40.3625	-6.1125	55.394
40.3625	-6.0875	55.39
40.3625	-6.0625	55.404
40.3625	-6.0375	55.394
40.3625	-6.0125	55.377
40.3625	-5.9875	55.388
40.3875	-10.0125	48.24
40.3875	-9.9875	48.393
40.3875	-9.9625	48.565
40.3875	-9.9375	48.756
40.3875	-9.9125	48.962
40.3875	-9.8875	49.182
40.3875	-9.8625	49.419
40.3875	-9.8375	49.668
40.3875	-9.8125	49.934
40.3875	-9.7875	50.208
40.3875	-9.7625	50.482
40.3875	-9.7375	50.74
40.3875	-9.7125	50.976
40.3875	-9.6875	51.185
40.3875	-9.6625	51.375
40.3875	-9.6375	51.544
40.3875	-9.6125	51.692
40.3875	-9.5875	51.823
40.3875	-9.5625	51.942
40.3875	-9.5375	52.05
40.3875	-9.5125	52.149
40.3875	-9.4875	52.238
40.3875	-9.4625	52.318
40.3875	-9.4375	52.393
40.3875	-9.4125	52.465
40.3875	-9.3875	52.534
40.3875	-9.3625	52.603
40.3875	-9.3375	52.673
40.3875	-9.3125	52.744
40.3875	-9.2875	52.814
40.3875	-9.2625	52.883
40.3875	-9.2375	52.948
40.3875	-9.2125	53.011
40.3875	-9.1875	53.074
40.3875	-9.1625	53.135
40.3875	-9.1375	53.198
40.3875	-9.1125	53.26
40.3875	-9.0875	53.321
40.3875	-9.0625	53.393
40.3875	-9.0375	53.456
40.3875	-9.0125	53.518
40.3875	-8.9875	53.59
40.3875	-8.9625	53.65
40.3875	-8.9375	53.72
40.3875	-8.9125	53.793
40.3875	-8.8875	53.867
40.3875	-8.8625	53.933
40.3875	-8.8375	54
40.3875	-8.8125	54.073
40.3875	-8.7875	54.137
40.3875	-8.7625	54.2
40.3875	-8.7375	54.273
40.3875	-8.7125	54.355
40.3875	-8.6875	54.452
40.3875	-8.6625	54.545
40.3875	-8.6375	54.633
40.3875	-8.6125	54.698
40.3875	-8.5875	54.743
40.3875	-8.5625	54.779
40.3875	-8.5375	54.836
40.3875	-8.5125	54.887
40.3875	-8.4875	54.945
40.3875	-8.4625	55.004
40.3875	-8.4375	55.072
40.3875	-8.4125	55.145
40.3875	-8.3875	55.203
40.3875	-8.3625	55.273
40.3875	-8.3375	55.288
40.3875	-8.3125	55.29
40.3875	-8.2875	55.267
40.3875	-8.2625	55.234
40.3875	-8.2375	55.219
40.3875	-8.2125	55.23
40.3875	-8.1875	55.236
40.3875	-8.1625	55.242
40.3875	-8.1375	55.247
40.3875	-8.1125	55.246
40.3875	-8.0875	55.228
40.3875	-8.0625	55.212
40.3875	-8.0375	55.192
40.3875	-8.0125	55.203
40.3875	-7.9875	55.238
40.3875	-7.9625	55.26
40.3875	-7.9375	55.296
40.3875	-7.9125	55.329
40.3875	-7.8875	55.372
40.3875	-7.8625	55.42
40.3875	-7.8375	55.495
40.3875	-7.8125	55.593
40.3875	-7.7875	55.713
40.3875	-7.7625	55.819
40.3875	-7.7375	55.953
40.3875	-7.7125	56.124
40.3875	-7.6875	56.324
40.3875	-7.6625	56.496
40.3875	-7.6375	56.631
40.3875	-7.6125	56.679
40.3875	-7.5875	56.688
40.3875	-7.5625	56.654
40.3875	-7.5375	56.595
40.3875	-7.5125	56.514
40.3875	-7.4875	56.431
40.3875	-7.4625	56.362
40.3875	-7.4375	56.269
40.3875	-7.4125	56.197
40.3875	-7.3875	56.092
40.3875	-7.3625	56.007
40.3875	-7.3375	55.937
40.3875	-7.3125	55.909
40.3875	-7.2875	55.928
40.3875	-7.2625	55.97
40.3875	-7.2375	56.031
40.3875	-7.2125	56.081
40.3875	-7.1875	56.101
40.3875	-7.1625	56.108
40.3875	-7.1375	56.105
40.3875	-7.1125	56.108
40.3875	-7.0875	56.104
40.3875	-7.0625	56.096
40.3875	-7.0375	56.082
40.3875	-7.0125	56.091
40.3875	-6.9875	56.106
40.3875	-6.9625	56.112
40.3875	-6.9375	56.101
40.3875	-6.9125	56.085
40.3875	-6.8875	56.071
40.3875	-6.8625	56.041
40.3875	-6.8375	56.004
40.3875	-6.8125	55.964
40.3875	-6.7875	55.919
40.3875	-6.7625	55.875
40.3875	-6.7375	55.846
40.3875	-6.7125	55.832
40.3875	-6.6875	55.829
40.3875	-6.6625	55.83
40.3875	-6.6375	55.834
40.3875	-6.6125	55.844
40.3875	-6.5875	55.836
40.3875	-6.5625	55.834
40.3875	-6.5375	55.844
40.3875	-6.5125	55.84
40.3875	-6.4875	55.844
40.3875	-6.4625	55.84
40.3875	-6.4375	55.827
40.3875	-6.4125	55.821
40.3875	-6.3875	55.803
40.3875	-6.3625	55.793
40.3875	-6.3375	55.773
40.3875	-6.3125	55.769
40.3875	-6.2875	55.72
40.3875	-6.2625	55.675
40.3875	-6.2375	55.623
40.3875	-6.2125	55.584
40.3875	-6.1875	55.538
40.3875	-6.1625	55.512
40.3875	-6.1375	55.495
40.3875	-6.1125	55.502
40.3875	-6.0875	55.498
40.3875	-6.0625	55.482
40.3875	-6.0375	55.459
40.3875	-6.0125	55.436
40.3875	-5.9875	55.438
40.4125	-10.0125	48.255
40.4125	-9.9875	48.393
40.4125	-9.9625	48.546
40.4125	-9.9375	48.716
40.4125	-9.9125	48.901
40.4125	-9.8875	49.101
40.4125	-9.8625	49.318
40.4125	-9.8375	49.546
40.4125	-9.8125	49.793
40.4125	-9.7875	50.054
40.4125	-9.7625	50.324
40.4125	-9.7375	50.592
40.4125	-9.7125	50.843
40.4125	-9.6875	51.069
40.4125	-9.6625	51.275
40.4125	-9.6375	51.457
40.4125	-9.6125	51.615
40.4125	-9.5875	51.757
40.4125	-9.5625	51.883
40.4125	-9.5375	52.002
40.4125	-9.5125	52.111
40.4125	-9.4875	52.21
40.4125	-9.4625	52.299
40.4125	-9.4375	52.382
40.4125	-9.4125	52.461
40.4125	-9.3875	52.537
40.4125	-9.3625	52.613
40.4125	-9.3375	52.689
40.4125	-9.3125	52.766
40.4125	-9.2875	52.84
40.4125	-9.2625	52.912
40.4125	-9.2375	52.981
40.4125	-9.2125	53.047
40.4125	-9.1875	53.111
40.4125	-9.1625	53.173
40.4125	-9.1375	53.235
40.4125	-9.1125	53.305
40.4125	-9.0875	53.367
40.4125	-9.0625	53.428
40.4125	-9.0375	53.489
40.4125	-9.0125	53.561
40.4125	-8.9875	53.63
40.4125	-8.9625	53.699
40.4125	-8.9375	53.769
40.4125	-8.9125	53.841
40.4125	-8.8875	53.913
40.4125	-8.8625	53.997
40.4125	-8.8375	54.063
40.4125	-8.8125	54.131
40.4125	-8.7875	54.182
40.4125	-8.7625	54.234
40.4125	-8.7375	54.296
40.4125	-8.7125	54.37
40.4125	-8.6875	54.459
40.4125	-8.6625	54.542
40.4125	-8.6375	54.623
40.4125	-8.6125	54.679
40.4125	-8.5875	54.725
40.4125	-8.5625	54.772
40.4125	-8.5375	54.819
40.4125	-8.5125	54.877
40.4125	-8.4875	54.927
40.4125	-8.4625	54.981
40.4125	-8.4375	55.045
40.4125	-8.4125	55.114
40.4125	-8.3875	55.177
40.4125	-8.3625	55.236
40.4125	-8.3375	55.274
40.4125	-8.3125	55.271
40.4125	-8.2875	55.255
40.4125	-8.2625	55.219
40.4125	-8.2375	55.214
40.4125	-8.2125	55.212
40.4125	-8.1875	55.235
40.4125	-8.1625	55.24
40.4125	-8.1375	55.246
40.4125	-8.1125	55.237
40.4125	-8.0875	55.218
40.4125	-8.0625	55.204
40.4125	-8.0375	55.191
40.4125	-8.0125	55.19
40.4125	-7.9875	55.199
40.4125	-7.9625	55.196
40.4125	-7.9375	55.226
40.4125	-7.9125	55.257
40.4125	-7.8875	55.306
40.4125	-7.8625	55.364
40.4125	-7.8375	55.434
40.4125	-7.8125	55.513
40.4125	-7.7875	55.6
40.4125	-7.7625	55.697
40.4125	-7.7375	55.808
40.4125	-7.7125	55.963
40.4125	-7.6875	56.168
40.4125	-7.6625	56.348
40.4125	-7.6375	56.477
40.4125	-7.6125	56.537
40.4125	-7.5875	56.556
40.4125	-7.5625	56.541
40.4125	-7.5375	56.522
40.4125	-7.5125	56.484
40.4125	-7.4875	56.459
40.4125	-7.4625	56.411
40.4125	-7.4375	56.356
40.4125	-7.4125	56.286
40.4125	-7.3875	56.2
40.4125	-7.3625	56.101
40.4125	-7.3375	56.004
40.4125	-7.3125	55.922
40.4125	-7.2875	55.907
40.4125	-7.2625	55.977
40.4125	-7.2375	56.072
40.4125	-7.2125	56.132
40.4125	-7.1875	56.151
40.4125	-7.1625	56.152
40.4125	-7.1375	56.145
40.4125	-7.1125	56.137
40.4125	-7.0875	56.133
40.4125	-7.0625	56.11
40.4125	-7.0375	56.114
40.4125	-7.0125	56.118
40.4125	-6.9875	56.116
40.4125	-6.9625	56.124
40.4125	-6.9375	56.106
40.4125	-6.9125	56.092
40.4125	-6.8875	56.075
40.4125	-6.8625	56.046
40.4125	-6.8375	56.014
40.4125	-6.8125	55.971
40.4125	-6.7875	55.925
40.4125	-6.7625	55.882
40.4125	-6.7375	55.861
40.4125	-6.7125	55.863
40.4125	-6.6875	55.874
40.4125	-6.6625	55.866
40.4125	-6.6375	55.881
40.4125	-6.6125	55.883
40.4125	-6.5875	55.883
40.4125	-6.5625	55.889
40.4125	-6.5375	55.891
40.4125	-6.5125	55.892
40.4125	-6.4875	55.884
40.4125	-6.4625	55.88
40.4125	-6.4375	55.888
40.4125	-6.4125	55.882
40.4125	-6.3875	55.884
40.4125	-6.3625	55.867
40.4125	-6.3375	55.878
40.4125	-6.3125	55.843
40.4125	-6.2875	55.805
40.4125	-6.2625	55.757
40.4125	-6.2375	55.717
40.4125	-6.2125	55.675
40.4125	-6.1875	55.646
40.4125	-6.1625	55.622
40.4125	-6.1375	55.6
40.4125	-6.1125	55.589
40.4125	-6.0875	55.584
40.4125	-6.0625	55.568
40.4125	-6.0375	55.52
40.4125	-6.0125	55.499
40.4125	-5.9875	55.496
40.4375	-10.0125	48.282
40.4375	-9.9875	48.406
40.4375	-9.9625	48.542
40.4375	-9.9375	48.693
40.4375	-9.9125	48.858
40.4375	-9.8875	49.038
40.4375	-9.8625	49.232
40.4375	-9.8375	49.439
40.4375	-9.8125	49.661
40.4375	-9.7875	49.899
40.4375	-9.7625	50.152
40.4375	-9.7375	50.413
40.4375	-9.7125	50.671
40.4375	-9.6875	50.912
40.4375	-9.6625	51.129
40.4375	-9.6375	51.322
40.4375	-9.6125	51.493
40.4375	-9.5875	51.653
40.4375	-9.5625	51.793
40.4375	-9.5375	51.924
40.4375	-9.5125	52.045
40.4375	-9.4875	52.159
40.4375	-9.4625	52.262
40.4375	-9.4375	52.357
40.4375	-9.4125	52.446
40.4375	-9.3875	52.531
40.4375	-9.3625	52.615
40.4375	-9.3375	52.7
40.4375	-9.3125	52.783
40.4375	-9.2875	52.864
40.4375	-9.2625	52.94
40.4375	-9.2375	53.013
40.4375	-9.2125	53.082
40.4375	-9.1875	53.148
40.4375	-9.1625	53.212
40.4375	-9.1375	53.284
40.4375	-9.1125	53.344
40.4375	-9.0875	53.406
40.4375	-9.0625	53.465
40.4375	-9.0375	53.536
40.4375	-9.0125	53.595
40.4375	-8.9875	53.666
40.4375	-8.9625	53.735
40.4375	-8.9375	53.814
40.4375	-8.9125	53.884
40.4375	-8.8875	53.964
40.4375	-8.8625	54.046
40.4375	-8.8375	54.119
40.4375	-8.8125	54.183
40.4375	-8.7875	54.232
40.4375	-8.7625	54.259
40.4375	-8.7375	54.291
40.4375	-8.7125	54.352
40.4375	-8.6875	54.42
40.4375	-8.6625	54.494
40.4375	-8.6375	54.566
40.4375	-8.6125	54.636
40.4375	-8.5875	54.685
40.4375	-8.5625	54.742
40.4375	-8.5375	54.801
40.4375	-8.5125	54.849
40.4375	-8.4875	54.905
40.4375	-8.4625	54.958
40.4375	-8.4375	55.021
40.4375	-8.4125	55.089
40.4375	-8.3875	55.161
40.4375	-8.3625	55.237
40.4375	-8.3375	55.275
40.4375	-8.3125	55.282
40.4375	-8.2875	55.262
40.4375	-8.2625	55.244
40.4375	-8.2375	55.233
40.4375	-8.2125	55.245
40.4375	-8.1875	55.24
40.4375	-8.1625	55.234
40.4375	-8.1375	55.241
40.4375	-8.1125	55.234
40.4375	-8.0875	55.213
40.4375	-8.0625	55.189
40.4375	-8.0375	55.191
40.4375	-8.0125	55.181
40.4375	-7.9875	55.188
40.4375	-7.9625	55.184
40.4375	-7.9375	55.201
40.4375	-7.9125	55.225
40.4375	-7.8875	55.268
40.4375	-7.8625	55.318
40.4375	-7.8375	55.371
40.4375	-7.8125	55.436
40.4375	-7.7875	55.521
40.4375	-7.7625	55.591
40.4375	-7.7375	55.696
40.4375	-7.7125	55.826
40.4375	-7.6875	55.987
40.4375	-7.6625	56.157
40.4375	-7.6375	56.283
40.4375	-7.6125	56.375
40.4375	-7.5875	56.423
40.4375	-7.5625	56.458
40.4375	-7.5375	56.471
40.4375	-7.5125	56.478
40.4375	-7.4875	56.477
40.4375	-7.4625	56.472
40.4375	-7.4375	56.444
40.4375	-7.4125	56.384
40.4375	-7.3875	56.29
40.4375	-7.3625	56.201
40.4375	-7.3375	56.083
40.4375	-7.3125	55.979
40.4375	-7.2875	55.934
40.4375	-7.2625	56.009
40.4375	-7.2375	56.11
40.4375	-7.2125	56.165
40.4375	-7.1875	56.194
40.4375	-7.1625	56.191
40.4375	-7.1375	56.188
40.4375	-7.1125	56.175
40.4375	-7.0875	56.169
40.4375	-7.0625	56.152
40.4375	-7.0375	56.143
40.4375	-7.0125	56.139
40.4375	-6.9875	56.129
40.4375	-6.9625	56.127
40.4375	-6.9375	56.104
40.4375	-6.9125	56.08
40.4375	-6.8875	56.058
40.4375	-6.8625	56.046
40.4375	-6.8375	55.999
40.4375	-6.8125	55.969
40.4375	-6.7875	55.92
40.4375	-6.7625	55.88
40.4375	-6.7375	55.864
40.4375	-6.7125	55.876
40.4375	-6.6875	55.893
40.4375	-6.6625	55.901
40.4375	-6.6375	55.92
40.4375	-6.6125	55.921
40.4375	-6.5875	55.926
40.4375	-6.5625	55.928
40.4375	-6.5375	55.927
40.4375	-6.5125	55.922
40.4375	-6.4875	55.915
40.4375	-6.4625	55.914
40.4375	-6.4375	55.915
40.4375	-6.4125	55.917
40.4375	-6.3875	55.934
40.4375	-6.3625	55.934
40.4375	-6.3375	55.928
40.4375	-6.3125	55.901
40.4375	-6.2875	55.877
40.4375	-6.2625	55.848
40.4375	-6.2375	55.833
40.4375	-6.2125	55.806
40.4375	-6.1875	55.778
40.4375	-6.1625	55.749
40.4375	-6.1375	55.742
40.4375	-6.1125	55.718
40.4375	-6.0875	55.681
40.4375	-6.0625	55.626
40.4375	-6.0375	55.582
40.4375	-6.0125	55.552
40.4375	-5.9875	55.554
40.4625	-10.0125	48.319
40.4625	-9.9875	48.431
40.4625	-9.9625	48.554
40.4625	-9.9375	48.687
40.4625	-9.9125	48.833
40.4625	-9.8875	48.991
40.4625	-9.8625	49.164
40.4625	-9.8375	49.348
40.4625	-9.8125	49.547
40.4625	-9.7875	49.76
40.4625	-9.7625	49.986
40.4625	-9.7375	50.226
40.4625	-9.7125	50.47
40.4625	-9.6875	50.71
40.4625	-9.6625	50.929
40.4625	-9.6375	51.125
40.4625	-9.6125	51.308
40.4625	-9.5875	51.491
40.4625	-9.5625	51.65
40.4625	-9.5375	51.796
40.4625	-9.5125	51.939
40.4625	-9.4875	52.076
40.4625	-9.4625	52.201
40.4625	-9.4375	52.313
40.4625	-9.4125	52.416
40.4625	-9.3875	52.513
40.4625	-9.3625	52.607
40.4625	-9.3375	52.703
40.4625	-9.3125	52.795
40.4625	-9.2875	52.883
40.4625	-9.2625	52.965
40.4625	-9.2375	53.042
40.4625	-9.2125	53.116
40.4625	-9.1875	53.186
40.4625	-9.1625	53.251
40.4625	-9.1375	53.325
40.4625	-9.1125	53.386
40.4625	-9.0875	53.447
40.4625	-9.0625	53.506
40.4625	-9.0375	53.577
40.4625	-9.0125	53.637
40.4625	-8.9875	53.706
40.4625	-8.9625	53.777
40.4625	-8.9375	53.845
40.4625	-8.9125	53.924
40.4625	-8.8875	54.002
40.4625	-8.8625	54.073
40.4625	-8.8375	54.141
40.4625	-8.8125	54.202
40.4625	-8.7875	54.234
40.4625	-8.7625	54.249
40.4625	-8.7375	54.266
40.4625	-8.7125	54.314
40.4625	-8.6875	54.371
40.4625	-8.6625	54.446
40.4625	-8.6375	54.519
40.4625	-8.6125	54.583
40.4625	-8.5875	54.642
40.4625	-8.5625	54.701
40.4625	-8.5375	54.77
40.4625	-8.5125	54.84
40.4625	-8.4875	54.907
40.4625	-8.4625	54.957
40.4625	-8.4375	55.02
40.4625	-8.4125	55.092
40.4625	-8.3875	55.164
40.4625	-8.3625	55.241
40.4625	-8.3375	55.287
40.4625	-8.3125	55.312
40.4625	-8.2875	55.317
40.4625	-8.2625	55.308
40.4625	-8.2375	55.3
40.4625	-8.2125	55.277
40.4625	-8.1875	55.251
40.4625	-8.1625	55.237
40.4625	-8.1375	55.239
40.4625	-8.1125	55.232
40.4625	-8.0875	55.236
40.4625	-8.0625	55.222
40.4625	-8.0375	55.205
40.4625	-8.0125	55.195
40.4625	-7.9875	55.188
40.4625	-7.9625	55.186
40.4625	-7.9375	55.193
40.4625	-7.9125	55.215
40.4625	-7.8875	55.252
40.4625	-7.8625	55.284
40.4625	-7.8375	55.327
40.4625	-7.8125	55.389
40.4625	-7.7875	55.443
40.4625	-7.7625	55.513
40.4625	-7.7375	55.603
40.4625	-7.7125	55.709
40.4625	-7.6875	55.836
40.4625	-7.6625	55.973
40.4625	-7.6375	56.081
40.4625	-7.6125	56.188
40.4625	-7.5875	56.273
40.4625	-7.5625	56.351
40.4625	-7.5375	56.395
40.4625	-7.5125	56.443
40.4625	-7.4875	56.466
40.4625	-7.4625	56.487
40.4625	-7.4375	56.48
40.4625	-7.4125	56.42
40.4625	-7.3875	56.344
40.4625	-7.3625	56.251
40.4625	-7.3375	56.155
40.4625	-7.3125	56.061
40.4625	-7.2875	56.026
40.4625	-7.2625	56.054
40.4625	-7.2375	56.136
40.4625	-7.2125	56.187
40.4625	-7.1875	56.214
40.4625	-7.1625	56.218
40.4625	-7.1375	56.224
40.4625	-7.1125	56.227
40.4625	-7.0875	56.212
40.4625	-7.0625	56.183
40.4625	-7.0375	56.157
40.4625	-7.0125	56.136
40.4625	-6.9875	56.127
40.4625	-6.9625	56.104
40.4625	-6.9375	56.095
40.4625	-6.9125	56.067
40.4625	-6.8875	56.049
40.4625	-6.8625	56.035
40.4625	-6.8375	56.002
40.4625	-6.8125	55.955
40.4625	-6.7875	55.924
40.4625	-6.7625	55.888
40.4625	-6.7375	55.865
40.4625	-6.7125	55.866
40.4625	-6.6875	55.89
40.4625	-6.6625	55.919
40.4625	-6.6375	55.93
40.4625	-6.6125	55.95
40.4625	-6.5875	55.95
40.4625	-6.5625	55.956
40.4625	-6.5375	55.961
40.4625	-6.5125	55.95
40.4625	-6.4875	55.943
40.4625	-6.4625	55.952
40.4625	-6.4375	55.947
40.4625	-6.4125	55.957
40.4625	-6.3875	55.956
40.4625	-6.3625	55.963
40.4625	-6.3375	55.973
40.4625	-6.3125	55.966
40.4625	-6.2875	55.969
40.4625	-6.2625	55.962
40.4625	-6.2375	55.948
40.4625	-6.2125	55.937
40.4625	-6.1875	55.923
40.4625	-6.1625	55.902
40.4625	-6.1375	55.871
40.4625	-6.1125	55.825
40.4625	-6.0875	55.782
40.4625	-6.0625	55.713
40.4625	-6.0375	55.66
40.4625	-6.0125	55.638
40.4625	-5.9875	55.638
40.4875	-10.0125	48.365
40.4875	-9.9875	48.468
40.4875	-9.9625	48.578
40.4875	-9.9375	48.698
40.4875	-9.9125	48.826
40.4875	-9.8875	48.965
40.4875	-9.8625	49.115
40.4875	-9.8375	49.279
40.4875	-9.8125	49.456
40.4875	-9.7875	49.645
40.4875	-9.7625	49.845
40.4875	-9.7375	50.059
40.4875	-9.7125	50.279
40.4875	-9.6875	50.499
40.4875	-9.6625	50.705
40.4875	-9.6375	50.902
40.4875	-9.6125	51.097
40.4875	-9.5875	51.292
40.4875	-9.5625	51.467
40.4875	-9.5375	51.633
40.4875	-9.5125	51.801
40.4875	-9.4875	51.966
40.4875	-9.4625	52.117
40.4875	-9.4375	52.251
40.4875	-9.4125	52.371
40.4875	-9.3875	52.483
40.4875	-9.3625	52.59
40.4875	-9.3375	52.696
40.4875	-9.3125	52.8
40.4875	-9.2875	52.896
40.4875	-9.2625	52.987
40.4875	-9.2375	53.069
40.4875	-9.2125	53.147
40.4875	-9.1875	53.22
40.4875	-9.1625	53.29
40.4875	-9.1375	53.365
40.4875	-9.1125	53.428
40.4875	-9.0875	53.489
40.4875	-9.0625	53.551
40.4875	-9.0375	53.621
40.4875	-9.0125	53.682
40.4875	-8.9875	53.751
40.4875	-8.9625	53.811
40.4875	-8.9375	53.879
40.4875	-8.9125	53.947
40.4875	-8.8875	54.014
40.4875	-8.8625	54.081
40.4875	-8.8375	54.128
40.4875	-8.8125	54.175
40.4875	-8.7875	54.193
40.4875	-8.7625	54.204
40.4875	-8.7375	54.226
40.4875	-8.7125	54.273
40.4875	-8.6875	54.34
40.4875	-8.6625	54.415
40.4875	-8.6375	54.489
40.4875	-8.6125	54.561
40.4875	-8.5875	54.623
40.4875	-8.5625	54.691
40.4875	-8.5375	54.768
40.4875	-8.5125	54.848
40.4875	-8.4875	54.92
40.4875	-8.4625	54.974
40.4875	-8.4375	55.037
40.4875	-8.4125	55.099
40.4875	-8.3875	55.169
40.4875	-8.3625	55.254
40.4875	-8.3375	55.315
40.4875	-8.3125	55.363
40.4875	-8.2875	55.385
40.4875	-8.2625	55.392
40.4875	-8.2375	55.379
40.4875	-8.2125	55.331
40.4875	-8.1875	55.294
40.4875	-8.1625	55.256
40.4875	-8.1375	55.252
40.4875	-8.1125	55.256
40.4875	-8.0875	55.256
40.4875	-8.0625	55.253
40.4875	-8.0375	55.234
40.4875	-8.0125	55.207
40.4875	-7.9875	55.221
40.4875	-7.9625	55.211
40.4875	-7.9375	55.21
40.4875	-7.9125	55.224
40.4875	-7.8875	55.238
40.4875	-7.8625	55.249
40.4875	-7.8375	55.289
40.4875	-7.8125	55.319
40.4875	-7.7875	55.362
40.4875	-7.7625	55.42
40.4875	-7.7375	55.498
40.4875	-7.7125	55.607
40.4875	-7.6875	55.709
40.4875	-7.6625	55.821
40.4875	-7.6375	55.937
40.4875	-7.6125	56.03
40.4875	-7.5875	56.129
40.4875	-7.5625	56.228
40.4875	-7.5375	56.291
40.4875	-7.5125	56.345
40.4875	-7.4875	56.398
40.4875	-7.4625	56.428
40.4875	-7.4375	56.437
40.4875	-7.4125	56.392
40.4875	-7.3875	56.316
40.4875	-7.3625	56.243
40.4875	-7.3375	56.168
40.4875	-7.3125	56.118
40.4875	-7.2875	56.105
40.4875	-7.2625	56.127
40.4875	-7.2375	56.158
40.4875	-7.2125	56.203
40.4875	-7.1875	56.227
40.4875	-7.1625	56.236
40.4875	-7.1375	56.241
40.4875	-7.1125	56.236
40.4875	-7.0875	56.208
40.4875	-7.0625	56.188
40.4875	-7.0375	56.149
40.4875	-7.0125	56.128
40.4875	-6.9875	56.095
40.4875	-6.9625	56.076
40.4875	-6.9375	56.06
40.4875	-6.9125	56.049
40.4875	-6.8875	56.029
40.4875	-6.8625	56.014
40.4875	-6.8375	55.979
40.4875	-6.8125	55.951
40.4875	-6.7875	55.917
40.4875	-6.7625	55.886
40.4875	-6.7375	55.875
40.4875	-6.7125	55.87
40.4875	-6.6875	55.887
40.4875	-6.6625	55.913
40.4875	-6.6375	55.941
40.4875	-6.6125	55.95
40.4875	-6.5875	55.963
40.4875	-6.5625	55.973
40.4875	-6.5375	55.973
40.4875	-6.5125	55.962
40.4875	-6.4875	55.973
40.4875	-6.4625	55.969
40.4875	-6.4375	55.974
40.4875	-6.4125	55.984
40.4875	-6.3875	55.995
40.4875	-6.3625	56.011
40.4875	-6.3375	56.018
40.4875	-6.3125	56.037
40.4875	-6.2875	56.046
40.4875	-6.2625	56.058
40.4875	-6.2375	56.054
40.4875	-6.2125	56.059
40.4875	-6.1875	56.052
40.4875	-6.1625	56.015
40.4875	-6.1375	55.975
40.4875	-6.1125	55.929
40.4875	-6.0875	55.866
40.4875	-6.0625	55.804
40.4875	-6.0375	55.765
40.4875	-6.0125	55.729
40.4875	-5.9875	55.734
40.5125	-10.0125	48.423
40.5125	-9.9875	48.519
40.5125	-9.9625	48.618
40.5125	-9.9375	48.723
40.5125	-9.9125	48.836
40.5125	-9.8875	48.957
40.5125	-9.8625	49.09
40.5125	-9.8375	49.234
40.5125	-9.8125	49.391
40.5125	-9.7875	49.558
40.5125	-9.7625	49.734
40.5125	-9.7375	49.92
40.5125	-9.7125	50.117
40.5125	-9.6875	50.318
40.5125	-9.6625	50.513
40.5125	-9.6375	50.706
40.5125	-9.6125	50.899
40.5125	-9.5875	51.095
40.5125	-9.5625	51.284
40.5125	-9.5375	51.468
40.5125	-9.5125	51.654
40.5125	-9.4875	51.839
40.5125	-9.4625	52.013
40.5125	-9.4375	52.169
40.5125	-9.4125	52.308
40.5125	-9.3875	52.436
40.5125	-9.3625	52.56
40.5125	-9.3375	52.681
40.5125	-9.3125	52.797
40.5125	-9.2875	52.905
40.5125	-9.2625	53.003
40.5125	-9.2375	53.092
40.5125	-9.2125	53.175
40.5125	-9.1875	53.252
40.5125	-9.1625	53.325
40.5125	-9.1375	53.403
40.5125	-9.1125	53.469
40.5125	-9.0875	53.534
40.5125	-9.0625	53.595
40.5125	-9.0375	53.657
40.5125	-9.0125	53.728
40.5125	-8.9875	53.788
40.5125	-8.9625	53.847
40.5125	-8.9375	53.915
40.5125	-8.9125	53.972
40.5125	-8.8875	54.018
40.5125	-8.8625	54.073
40.5125	-8.8375	54.107
40.5125	-8.8125	54.13
40.5125	-8.7875	54.144
40.5125	-8.7625	54.153
40.5125	-8.7375	54.194
40.5125	-8.7125	54.259
40.5125	-8.6875	54.345
40.5125	-8.6625	54.43
40.5125	-8.6375	54.519
40.5125	-8.6125	54.58
40.5125	-8.5875	54.648
40.5125	-8.5625	54.716
40.5125	-8.5375	54.793
40.5125	-8.5125	54.864
40.5125	-8.4875	54.939
40.5125	-8.4625	54.992
40.5125	-8.4375	55.053
40.5125	-8.4125	55.115
40.5125	-8.3875	55.186
40.5125	-8.3625	55.265
40.5125	-8.3375	55.342
40.5125	-8.3125	55.398
40.5125	-8.2875	55.439
40.5125	-8.2625	55.453
40.5125	-8.2375	55.465
40.5125	-8.2125	55.429
40.5125	-8.1875	55.366
40.5125	-8.1625	55.324
40.5125	-8.1375	55.299
40.5125	-8.1125	55.302
40.5125	-8.0875	55.299
40.5125	-8.0625	55.292
40.5125	-8.0375	55.276
40.5125	-8.0125	55.255
40.5125	-7.9875	55.245
40.5125	-7.9625	55.243
40.5125	-7.9375	55.24
40.5125	-7.9125	55.252
40.5125	-7.8875	55.263
40.5125	-7.8625	55.269
40.5125	-7.8375	55.263
40.5125	-7.8125	55.271
40.5125	-7.7875	55.291
40.5125	-7.7625	55.342
40.5125	-7.7375	55.41
40.5125	-7.7125	55.501
40.5125	-7.6875	55.605
40.5125	-7.6625	55.699
40.5125	-7.6375	55.801
40.5125	-7.6125	55.89
40.5125	-7.5875	55.967
40.5125	-7.5625	56.055
40.5125	-7.5375	56.132
40.5125	-7.5125	56.211
40.5125	-7.4875	56.274
40.5125	-7.4625	56.324
40.5125	-7.4375	56.341
40.5125	-7.4125	56.332
40.5125	-7.3875	56.264
40.5125	-7.3625	56.188
40.5125	-7.3375	56.13
40.5125	-7.3125	56.114
40.5125	-7.2875	56.122
40.5125	-7.2625	56.151
40.5125	-7.2375	56.176
40.5125	-7.2125	56.201
40.5125	-7.1875	56.212
40.5125	-7.1625	56.22
40.5125	-7.1375	56.217
40.5125	-7.1125	56.209
40.5125	-7.0875	56.182
40.5125	-7.0625	56.145
40.5125	-7.0375	56.118
40.5125	-7.0125	56.076
40.5125	-6.9875	56.051
40.5125	-6.9625	56.038
40.5125	-6.9375	56.019
40.5125	-6.9125	56.006
40.5125	-6.8875	56.001
40.5125	-6.8625	55.977
40.5125	-6.8375	55.958
40.5125	-6.8125	55.925
40.5125	-6.7875	55.896
40.5125	-6.7625	55.883
40.5125	-6.7375	55.882
40.5125	-6.7125	55.88
40.5125	-6.6875	55.899
40.5125	-6.6625	55.907
40.5125	-6.6375	55.937
40.5125	-6.6125	55.953
40.5125	-6.5875	55.964
40.5125	-6.5625	55.959
40.5125	-6.5375	55.967
40.5125	-6.5125	55.983
40.5125	-6.4875	55.981
40.5125	-6.4625	55.989
40.5125	-6.4375	56.003
40.5125	-6.4125	56.022
40.5125	-6.3875	56.041
40.5125	-6.3625	56.064
40.5125	-6.3375	56.077
40.5125	-6.3125	56.099
40.5125	-6.2875	56.112
40.5125	-6.2625	56.129
40.5125	-6.2375	56.137
40.5125	-6.2125	56.144
40.5125	-6.1875	56.14
40.5125	-6.1625	56.092
40.5125	-6.1375	56.048
40.5125	-6.1125	55.994
40.5125	-6.0875	55.945
40.5125	-6.0625	55.908
40.5125	-6.0375	55.873
40.5125	-6.0125	55.854
40.5125	-5.9875	55.836
40.5375	-10.0125	48.495
40.5375	-9.9875	48.582
40.5375	-9.9625	48.67
40.5375	-9.9375	48.762
40.5375	-9.9125	48.862
40.5375	-9.8875	48.969
40.5375	-9.8625	49.085
40.5375	-9.8375	49.211
40.5375	-9.8125	49.349
40.5375	-9.7875	49.496
40.5375	-9.7625	49.65
40.5375	-9.7375	49.814
40.5375	-9.7125	49.989
40.5375	-9.6875	50.173
40.5375	-9.6625	50.358
40.5375	-9.6375	50.543
40.5375	-9.6125	50.729
40.5375	-9.5875	50.918
40.5375	-9.5625	51.106
40.5375	-9.5375	51.296
40.5375	-9.5125	51.492
40.5375	-9.4875	51.69
40.5375	-9.4625	51.881
40.5375	-9.4375	52.057
40.5375	-9.4125	52.216
40.5375	-9.3875	52.372
40.5375	-9.3625	52.52
40.5375	-9.3375	52.66
40.5375	-9.3125	52.79
40.5375	-9.2875	52.908
40.5375	-9.2625	53.017
40.5375	-9.2375	53.113
40.5375	-9.2125	53.2
40.5375	-9.1875	53.281
40.5375	-9.1625	53.357
40.5375	-9.1375	53.429
40.5375	-9.1125	53.508
40.5375	-9.0875	53.574
40.5375	-9.0625	53.638
40.5375	-9.0375	53.701
40.5375	-9.0125	53.764
40.5375	-8.9875	53.824
40.5375	-8.9625	53.884
40.5375	-8.9375	53.941
40.5375	-8.9125	53.988
40.5375	-8.8875	54.033
40.5375	-8.8625	54.067
40.5375	-8.8375	54.089
40.5375	-8.8125	54.099
40.5375	-8.7875	54.11
40.5375	-8.7625	54.125
40.5375	-8.7375	54.175
40.5375	-8.7125	54.279
40.5375	-8.6875	54.394
40.5375	-8.6625	54.493
40.5375	-8.6375	54.56
40.5375	-8.6125	54.617
40.5375	-8.5875	54.674
40.5375	-8.5625	54.742
40.5375	-8.5375	54.807
40.5375	-8.5125	54.879
40.5375	-8.4875	54.95
40.5375	-8.4625	55.015
40.5375	-8.4375	55.066
40.5375	-8.4125	55.133
40.5375	-8.3875	55.199
40.5375	-8.3625	55.277
40.5375	-8.3375	55.355
40.5375	-8.3125	55.402
40.5375	-8.2875	55.469
40.5375	-8.2625	55.507
40.5375	-8.2375	55.525
40.5375	-8.2125	55.528
40.5375	-8.1875	55.479
40.5375	-8.1625	55.404
40.5375	-8.1375	55.373
40.5375	-8.1125	55.356
40.5375	-8.0875	55.331
40.5375	-8.0625	55.332
40.5375	-8.0375	55.329
40.5375	-8.0125	55.322
40.5375	-7.9875	55.307
40.5375	-7.9625	55.29
40.5375	-7.9375	55.291
40.5375	-7.9125	55.3
40.5375	-7.8875	55.294
40.5375	-7.8625	55.302
40.5375	-7.8375	55.284
40.5375	-7.8125	55.266
40.5375	-7.7875	55.268
40.5375	-7.7625	55.296
40.5375	-7.7375	55.349
40.5375	-7.7125	55.418
40.5375	-7.6875	55.504
40.5375	-7.6625	55.608
40.5375	-7.6375	55.696
40.5375	-7.6125	55.763
40.5375	-7.5875	55.833
40.5375	-7.5625	55.905
40.5375	-7.5375	55.968
40.5375	-7.5125	56.035
40.5375	-7.4875	56.122
40.5375	-7.4625	56.192
40.5375	-7.4375	56.238
40.5375	-7.4125	56.235
40.5375	-7.3875	56.195
40.5375	-7.3625	56.132
40.5375	-7.3375	56.059
40.5375	-7.3125	56.063
40.5375	-7.2875	56.109
40.5375	-7.2625	56.155
40.5375	-7.2375	56.171
40.5375	-7.2125	56.189
40.5375	-7.1875	56.19
40.5375	-7.1625	56.185
40.5375	-7.1375	56.18
40.5375	-7.1125	56.153
40.5375	-7.0875	56.117
40.5375	-7.0625	56.078
40.5375	-7.0375	56.044
40.5375	-7.0125	56.032
40.5375	-6.9875	56.013
40.5375	-6.9625	55.992
40.5375	-6.9375	55.991
40.5375	-6.9125	55.977
40.5375	-6.8875	55.957
40.5375	-6.8625	55.943
40.5375	-6.8375	55.911
40.5375	-6.8125	55.9
40.5375	-6.7875	55.878
40.5375	-6.7625	55.872
40.5375	-6.7375	55.869
40.5375	-6.7125	55.877
40.5375	-6.6875	55.898
40.5375	-6.6625	55.909
40.5375	-6.6375	55.924
40.5375	-6.6125	55.936
40.5375	-6.5875	55.946
40.5375	-6.5625	55.952
40.5375	-6.5375	55.964
40.5375	-6.5125	55.98
40.5375	-6.4875	55.992
40.5375	-6.4625	56.004
40.5375	-6.4375	56.02
40.5375	-6.4125	56.042
40.5375	-6.3875	56.068
40.5375	-6.3625	56.096
40.5375	-6.3375	56.11
40.5375	-6.3125	56.128
40.5375	-6.2875	56.142
40.5375	-6.2625	56.153
40.5375	-6.2375	56.162
40.5375	-6.2125	56.177
40.5375	-6.1875	56.155
40.5375	-6.1625	56.137
40.5375	-6.1375	56.097
40.5375	-6.1125	56.065
40.5375	-6.0875	56.035
40.5375	-6.0625	56.014
40.5375	-6.0375	55.99
40.5375	-6.0125	55.96
40.5375	-5.9875	55.936
40.5625	-10.0125	48.581
40.5625	-9.9875	48.659
40.5625	-9.9625	48.734
40.5625	-9.9375	48.813
40.5625	-9.9125	48.901
40.5625	-9.8875	48.995
40.5625	-9.8625	49.096
40.5625	-9.8375	49.206
40.5625	-9.8125	49.326
40.5625	-9.7875	49.453
40.5625	-9.7625	49.587
40.5625	-9.7375	49.733
40.5625	-9.7125	49.892
40.5625	-9.6875	50.062
40.5625	-9.6625	50.236
40.5625	-9.6375	50.41
40.5625	-9.6125	50.585
40.5625	-9.5875	50.765
40.5625	-9.5625	50.946
40.5625	-9.5375	51.134
40.5625	-9.5125	51.33
40.5625	-9.4875	51.527
40.5625	-9.4625	51.721
40.5625	-9.4375	51.908
40.5625	-9.4125	52.093
40.5625	-9.3875	52.281
40.5625	-9.3625	52.464
40.5625	-9.3375	52.632
40.5625	-9.3125	52.781
40.5625	-9.2875	52.912
40.5625	-9.2625	53.028
40.5625	-9.2375	53.131
40.5625	-9.2125	53.222
40.5625	-9.1875	53.306
40.5625	-9.1625	53.386
40.5625	-9.1375	53.46
40.5625	-9.1125	53.533
40.5625	-9.0875	53.602
40.5625	-9.0625	53.669
40.5625	-9.0375	53.734
40.5625	-9.0125	53.798
40.5625	-8.9875	53.86
40.5625	-8.9625	53.921
40.5625	-8.9375	53.968
40.5625	-8.9125	54.014
40.5625	-8.8875	54.058
40.5625	-8.8625	54.081
40.5625	-8.8375	54.102
40.5625	-8.8125	54.113
40.5625	-8.7875	54.123
40.5625	-8.7625	54.156
40.5625	-8.7375	54.213
40.5625	-8.7125	54.313
40.5625	-8.6875	54.427
40.5625	-8.6625	54.526
40.5625	-8.6375	54.582
40.5625	-8.6125	54.629
40.5625	-8.5875	54.685
40.5625	-8.5625	54.748
40.5625	-8.5375	54.824
40.5625	-8.5125	54.886
40.5625	-8.4875	54.963
40.5625	-8.4625	55.025
40.5625	-8.4375	55.075
40.5625	-8.4125	55.137
40.5625	-8.3875	55.202
40.5625	-8.3625	55.259
40.5625	-8.3375	55.347
40.5625	-8.3125	55.417
40.5625	-8.2875	55.494
40.5625	-8.2625	55.554
40.5625	-8.2375	55.577
40.5625	-8.2125	55.595
40.5625	-8.1875	55.572
40.5625	-8.1625	55.511
40.5625	-8.1375	55.45
40.5625	-8.1125	55.405
40.5625	-8.0875	55.391
40.5625	-8.0625	55.382
40.5625	-8.0375	55.38
40.5625	-8.0125	55.387
40.5625	-7.9875	55.375
40.5625	-7.9625	55.367
40.5625	-7.9375	55.355
40.5625	-7.9125	55.351
40.5625	-7.8875	55.348
40.5625	-7.8625	55.339
40.5625	-7.8375	55.328
40.5625	-7.8125	55.3
40.5625	-7.7875	55.279
40.5625	-7.7625	55.286
40.5625	-7.7375	55.33
40.5625	-7.7125	55.389
40.5625	-7.6875	55.462
40.5625	-7.6625	55.547
40.5625	-7.6375	55.605
40.5625	-7.6125	55.672
40.5625	-7.5875	55.73
40.5625	-7.5625	55.78
40.5625	-7.5375	55.839
40.5625	-7.5125	55.915
40.5625	-7.4875	55.979
40.5625	-7.4625	56.053
40.5625	-7.4375	56.116
40.5625	-7.4125	56.144
40.5625	-7.3875	56.128
40.5625	-7.3625	56.092
40.5625	-7.3375	56.038
40.5625	-7.3125	56.034
40.5625	-7.2875	56.089
40.5625	-7.2625	56.133
40.5625	-7.2375	56.158
40.5625	-7.2125	56.167
40.5625	-7.1875	56.162
40.5625	-7.1625	56.151
40.5625	-7.1375	56.127
40.5625	-7.1125	56.082
40.5625	-7.0875	56.04
40.5625	-7.0625	55.999
40.5625	-7.0375	55.975
40.5625	-7.0125	55.967
40.5625	-6.9875	55.965
40.5625	-6.9625	55.962
40.5625	-6.9375	55.947
40.5625	-6.9125	55.949
40.5625	-6.8875	55.932
40.5625	-6.8625	55.908
40.5625	-6.8375	55.886
40.5625	-6.8125	55.859
40.5625	-6.7875	55.84
40.5625	-6.7625	55.845
40.5625	-6.7375	55.854
40.5625	-6.7125	55.868
40.5625	-6.6875	55.876
40.5625	-6.6625	55.9
40.5625	-6.6375	55.917
40.5625	-6.6125	55.93
40.5625	-6.5875	55.95
40.5625	-6.5625	55.96
40.5625	-6.5375	55.964
40.5625	-6.5125	55.975
40.5625	-6.4875	55.989
40.5625	-6.4625	55.997
40.5625	-6.4375	56.021
40.5625	-6.4125	56.046
40.5625	-6.3875	56.073
40.5625	-6.3625	56.092
40.5625	-6.3375	56.11
40.5625	-6.3125	56.123
40.5625	-6.2875	56.14
40.5625	-6.2625	56.145
40.5625	-6.2375	56.159
40.5625	-6.2125	56.16
40.5625	-6.1875	56.156
40.5625	-6.1625	56.137
40.5625	-6.1375	56.125
40.5625	-6.1125	56.121
40.5625	-6.0875	56.101
40.5625	-6.0625	56.093
40.5625	-6.0375	56.082
40.5625	-6.0125	56.048
40.5625	-5.9875	56.028
40.5875	-10.0125	48.67
40.5875	-9.9875	48.741
40.5875	-9.9625	48.807
40.5875	-9.9375	48.876
40.5875	-9.9125	48.948
40.5875	-9.8875	49.028
40.5875	-9.8625	49.115
40.5875	-9.8375	49.211
40.5875	-9.8125	49.315
40.5875	-9.7875	49.425
40.5875	-9.7625	49.544
40.5875	-9.7375	49.675
40.5875	-9.7125	49.819
40.5875	-9.6875	49.975
40.5875	-9.6625	50.139
40.5875	-9.6375	50.302
40.5875	-9.6125	50.467
40.5875	-9.5875	50.636
40.5875	-9.5625	50.807
40.5875	-9.5375	50.986
40.5875	-9.5125	51.174
40.5875	-9.4875	51.367
40.5875	-9.4625	51.566
40.5875	-9.4375	51.77
40.5875	-9.4125	51.979
40.5875	-9.3875	52.188
40.5875	-9.3625	52.397
40.5875	-9.3375	52.595
40.5875	-9.3125	52.771
40.5875	-9.2875	52.914
40.5875	-9.2625	53.037
40.5875	-9.2375	53.145
40.5875	-9.2125	53.241
40.5875	-9.1875	53.328
40.5875	-9.1625	53.41
40.5875	-9.1375	53.487
40.5875	-9.1125	53.563
40.5875	-9.0875	53.635
40.5875	-9.0625	53.707
40.5875	-9.0375	53.775
40.5875	-9.0125	53.842
40.5875	-8.9875	53.906
40.5875	-8.9625	53.957
40.5875	-8.9375	54.014
40.5875	-8.9125	54.049
40.5875	-8.8875	54.093
40.5875	-8.8625	54.124
40.5875	-8.8375	54.145
40.5875	-8.8125	54.165
40.5875	-8.7875	54.185
40.5875	-8.7625	54.217
40.5875	-8.7375	54.271
40.5875	-8.7125	54.35
40.5875	-8.6875	54.442
40.5875	-8.6625	54.519
40.5875	-8.6375	54.583
40.5875	-8.6125	54.633
40.5875	-8.5875	54.692
40.5875	-8.5625	54.758
40.5875	-8.5375	54.827
40.5875	-8.5125	54.9
40.5875	-8.4875	54.974
40.5875	-8.4625	55.033
40.5875	-8.4375	55.097
40.5875	-8.4125	55.156
40.5875	-8.3875	55.202
40.5875	-8.3625	55.278
40.5875	-8.3375	55.35
40.5875	-8.3125	55.423
40.5875	-8.2875	55.501
40.5875	-8.2625	55.58
40.5875	-8.2375	55.62
40.5875	-8.2125	55.646
40.5875	-8.1875	55.631
40.5875	-8.1625	55.595
40.5875	-8.1375	55.531
40.5875	-8.1125	55.467
40.5875	-8.0875	55.445
40.5875	-8.0625	55.45
40.5875	-8.0375	55.461
40.5875	-8.0125	55.46
40.5875	-7.9875	55.465
40.5875	-7.9625	55.465
40.5875	-7.9375	55.449
40.5875	-7.9125	55.422
40.5875	-7.8875	55.402
40.5875	-7.8625	55.393
40.5875	-7.8375	55.372
40.5875	-7.8125	55.359
40.5875	-7.7875	55.324
40.5875	-7.7625	55.316
40.5875	-7.7375	55.342
40.5875	-7.7125	55.399
40.5875	-7.6875	55.461
40.5875	-7.6625	55.538
40.5875	-7.6375	55.589
40.5875	-7.6125	55.64
40.5875	-7.5875	55.672
40.5875	-7.5625	55.709
40.5875	-7.5375	55.756
40.5875	-7.5125	55.821
40.5875	-7.4875	55.89
40.5875	-7.4625	55.969
40.5875	-7.4375	56.024
40.5875	-7.4125	56.062
40.5875	-7.3875	56.085
40.5875	-7.3625	56.062
40.5875	-7.3375	56.044
40.5875	-7.3125	56.051
40.5875	-7.2875	56.081
40.5875	-7.2625	56.119
40.5875	-7.2375	56.137
40.5875	-7.2125	56.133
40.5875	-7.1875	56.129
40.5875	-7.1625	56.116
40.5875	-7.1375	56.084
40.5875	-7.1125	56.034
40.5875	-7.0875	55.975
40.5875	-7.0625	55.936
40.5875	-7.0375	55.913
40.5875	-7.0125	55.925
40.5875	-6.9875	55.929
40.5875	-6.9625	55.935
40.5875	-6.9375	55.928
40.5875	-6.9125	55.922
40.5875	-6.8875	55.921
40.5875	-6.8625	55.895
40.5875	-6.8375	55.859
40.5875	-6.8125	55.83
40.5875	-6.7875	55.815
40.5875	-6.7625	55.83
40.5875	-6.7375	55.841
40.5875	-6.7125	55.85
40.5875	-6.6875	55.87
40.5875	-6.6625	55.889
40.5875	-6.6375	55.906
40.5875	-6.6125	55.925
40.5875	-6.5875	55.939
40.5875	-6.5625	55.958
40.5875	-6.5375	55.97
40.5875	-6.5125	55.982
40.5875	-6.4875	55.986
40.5875	-6.4625	56.001
40.5875	-6.4375	56.021
40.5875	-6.4125	56.042
40.5875	-6.3875	56.066
40.5875	-6.3625	56.084
40.5875	-6.3375	56.1
40.5875	-6.3125	56.103
40.5875	-6.2875	56.115
40.5875	-6.2625	56.125
40.5875	-6.2375	56.135
40.5875	-6.2125	56.127
40.5875	-6.1875	56.129
40.5875	-6.1625	56.132
40.5875	-6.1375	56.137
40.5875	-6.1125	56.145
40.5875	-6.0875	56.141
40.5875	-6.0625	56.141
40.5875	-6.0375	56.13
40.5875	-6.0125	56.108
40.5875	-5.9875	56.088
40.6125	-10.0125	48.754
40.6125	-9.9875	48.824
40.6125	-9.9625	48.885
40.6125	-9.9375	48.942
40.6125	-9.9125	49.001
40.6125	-9.8875	49.064
40.6125	-9.8625	49.135
40.6125	-9.8375	49.217
40.6125	-9.8125	49.307
40.6125	-9.7875	49.405
40.6125	-9.7625	49.512
40.6125	-9.7375	49.631
40.6125	-9.7125	49.765
40.6125	-9.6875	49.91
40.6125	-9.6625	50.062
40.6125	-9.6375	50.215
40.6125	-9.6125	50.368
40.6125	-9.5875	50.524
40.6125	-9.5625	50.685
40.6125	-9.5375	50.854
40.6125	-9.5125	51.035
40.6125	-9.4875	51.228
40.6125	-9.4625	51.433
40.6125	-9.4375	51.648
40.6125	-9.4125	51.871
40.6125	-9.3875	52.103
40.6125	-9.3625	52.332
40.6125	-9.3375	52.552
40.6125	-9.3125	52.754
40.6125	-9.2875	52.916
40.6125	-9.2625	53.047
40.6125	-9.2375	53.158
40.6125	-9.2125	53.256
40.6125	-9.1875	53.347
40.6125	-9.1625	53.431
40.6125	-9.1375	53.511
40.6125	-9.1125	53.59
40.6125	-9.0875	53.666
40.6125	-9.0625	53.741
40.6125	-9.0375	53.814
40.6125	-9.0125	53.882
40.6125	-8.9875	53.938
40.6125	-8.9625	53.999
40.6125	-8.9375	54.047
40.6125	-8.9125	54.09
40.6125	-8.8875	54.133
40.6125	-8.8625	54.164
40.6125	-8.8375	54.193
40.6125	-8.8125	54.222
40.6125	-8.7875	54.251
40.6125	-8.7625	54.293
40.6125	-8.7375	54.336
40.6125	-8.7125	54.396
40.6125	-8.6875	54.458
40.6125	-8.6625	54.52
40.6125	-8.6375	54.573
40.6125	-8.6125	54.625
40.6125	-8.5875	54.696
40.6125	-8.5625	54.769
40.6125	-8.5375	54.842
40.6125	-8.5125	54.912
40.6125	-8.4875	54.982
40.6125	-8.4625	55.043
40.6125	-8.4375	55.096
40.6125	-8.4125	55.169
40.6125	-8.3875	55.236
40.6125	-8.3625	55.289
40.6125	-8.3375	55.375
40.6125	-8.3125	55.458
40.6125	-8.2875	55.519
40.6125	-8.2625	55.592
40.6125	-8.2375	55.633
40.6125	-8.2125	55.655
40.6125	-8.1875	55.653
40.6125	-8.1625	55.646
40.6125	-8.1375	55.6
40.6125	-8.1125	55.554
40.6125	-8.0875	55.516
40.6125	-8.0625	55.518
40.6125	-8.0375	55.53
40.6125	-8.0125	55.546
40.6125	-7.9875	55.552
40.6125	-7.9625	55.552
40.6125	-7.9375	55.538
40.6125	-7.9125	55.504
40.6125	-7.8875	55.454
40.6125	-7.8625	55.422
40.6125	-7.8375	55.397
40.6125	-7.8125	55.389
40.6125	-7.7875	55.368
40.6125	-7.7625	55.36
40.6125	-7.7375	55.364
40.6125	-7.7125	55.419
40.6125	-7.6875	55.481
40.6125	-7.6625	55.552
40.6125	-7.6375	55.613
40.6125	-7.6125	55.668
40.6125	-7.5875	55.687
40.6125	-7.5625	55.724
40.6125	-7.5375	55.752
40.6125	-7.5125	55.808
40.6125	-7.4875	55.871
40.6125	-7.4625	55.933
40.6125	-7.4375	55.979
40.6125	-7.4125	56.034
40.6125	-7.3875	56.07
40.6125	-7.3625	56.081
40.6125	-7.3375	56.089
40.6125	-7.3125	56.1
40.6125	-7.2875	56.114
40.6125	-7.2625	56.133
40.6125	-7.2375	56.124
40.6125	-7.2125	56.11
40.6125	-7.1875	56.093
40.6125	-7.1625	56.065
40.6125	-7.1375	56.037
40.6125	-7.1125	55.998
40.6125	-7.0875	55.946
40.6125	-7.0625	55.9
40.6125	-7.0375	55.881
40.6125	-7.0125	55.894
40.6125	-6.9875	55.909
40.6125	-6.9625	55.919
40.6125	-6.9375	55.916
40.6125	-6.9125	55.899
40.6125	-6.8875	55.891
40.6125	-6.8625	55.873
40.6125	-6.8375	55.844
40.6125	-6.8125	55.824
40.6125	-6.7875	55.807
40.6125	-6.7625	55.82
40.6125	-6.7375	55.824
40.6125	-6.7125	55.837
40.6125	-6.6875	55.859
40.6125	-6.6625	55.882
40.6125	-6.6375	55.895
40.6125	-6.6125	55.917
40.6125	-6.5875	55.938
40.6125	-6.5625	55.949
40.6125	-6.5375	55.972
40.6125	-6.5125	55.987
40.6125	-6.4875	55.993
40.6125	-6.4625	56.011
40.6125	-6.4375	56.028
40.6125	-6.4125	56.041
40.6125	-6.3875	56.051
40.6125	-6.3625	56.064
40.6125	-6.3375	56.077
40.6125	-6.3125	56.088
40.6125	-6.2875	56.097
40.6125	-6.2625	56.095
40.6125	-6.2375	56.098
40.6125	-6.2125	56.095
40.6125	-6.1875	56.095
40.6125	-6.1625	56.104
40.6125	-6.1375	56.129
40.6125	-6.1125	56.141
40.6125	-6.0875	56.149
40.6125	-6.0625	56.143
40.6125	-6.0375	56.143
40.6125	-6.0125	56.123
40.6125	-5.9875	56.103
40.6375	-10.0125	48.832
40.6375	-9.9875	48.9
40.6375	-9.9625	48.955
40.6375	-9.9375	49.003
40.6375	-9.9125	49.047
40.6375	-9.8875	49.095
40.6375	-9.8625	49.151
40.6375	-9.8375	49.219
40.6375	-9.8125	49.299
40.6375	-9.7875	49.387
40.6375	-9.7625	49.488
40.6375	-9.7375	49.6
40.6375	-9.7125	49.726
40.6375	-9.6875	49.861
40.6375	-9.6625	50.001
40.6375	-9.6375	50.142
40.6375	-9.6125	50.285
40.6375	-9.5875	50.43
40.6375	-9.5625	50.581
40.6375	-9.5375	50.746
40.6375	-9.5125	50.924
40.6375	-9.4875	51.119
40.6375	-9.4625	51.329
40.6375	-9.4375	51.55
40.6375	-9.4125	51.782
40.6375	-9.3875	52.03
40.6375	-9.3625	52.274
40.6375	-9.3375	52.509
40.6375	-9.3125	52.732
40.6375	-9.2875	52.909
40.6375	-9.2625	53.05
40.6375	-9.2375	53.168
40.6375	-9.2125	53.27
40.6375	-9.1875	53.362
40.6375	-9.1625	53.449
40.6375	-9.1375	53.533
40.6375	-9.1125	53.614
40.6375	-9.0875	53.695
40.6375	-9.0625	53.772
40.6375	-9.0375	53.849
40.6375	-9.0125	53.92
40.6375	-8.9875	53.977
40.6375	-8.9625	54.04
40.6375	-8.9375	54.088
40.6375	-8.9125	54.142
40.6375	-8.8875	54.182
40.6375	-8.8625	54.222
40.6375	-8.8375	54.25
40.6375	-8.8125	54.289
40.6375	-8.7875	54.327
40.6375	-8.7625	54.368
40.6375	-8.7375	54.411
40.6375	-8.7125	54.459
40.6375	-8.6875	54.51
40.6375	-8.6625	54.552
40.6375	-8.6375	54.604
40.6375	-8.6125	54.669
40.6375	-8.5875	54.729
40.6375	-8.5625	54.793
40.6375	-8.5375	54.871
40.6375	-8.5125	54.934
40.6375	-8.4875	55.002
40.6375	-8.4625	55.056
40.6375	-8.4375	55.123
40.6375	-8.4125	55.18
40.6375	-8.3875	55.256
40.6375	-8.3625	55.323
40.6375	-8.3375	55.376
40.6375	-8.3125	55.458
40.6375	-8.2875	55.527
40.6375	-8.2625	55.56
40.6375	-8.2375	55.596
40.6375	-8.2125	55.638
40.6375	-8.1875	55.645
40.6375	-8.1625	55.654
40.6375	-8.1375	55.655
40.6375	-8.1125	55.639
40.6375	-8.0875	55.603
40.6375	-8.0625	55.59
40.6375	-8.0375	55.598
40.6375	-8.0125	55.607
40.6375	-7.9875	55.616
40.6375	-7.9625	55.612
40.6375	-7.9375	55.6
40.6375	-7.9125	55.542
40.6375	-7.8875	55.497
40.6375	-7.8625	55.481
40.6375	-7.8375	55.448
40.6375	-7.8125	55.426
40.6375	-7.7875	55.418
40.6375	-7.7625	55.421
40.6375	-7.7375	55.432
40.6375	-7.7125	55.485
40.6375	-7.6875	55.54
40.6375	-7.6625	55.602
40.6375	-7.6375	55.668
40.6375	-7.6125	55.714
40.6375	-7.5875	55.753
40.6375	-7.5625	55.796
40.6375	-7.5375	55.827
40.6375	-7.5125	55.864
40.6375	-7.4875	55.919
40.6375	-7.4625	55.956
40.6375	-7.4375	55.99
40.6375	-7.4125	56.042
40.6375	-7.3875	56.077
40.6375	-7.3625	56.105
40.6375	-7.3375	56.142
40.6375	-7.3125	56.163
40.6375	-7.2875	56.16
40.6375	-7.2625	56.147
40.6375	-7.2375	56.115
40.6375	-7.2125	56.086
40.6375	-7.1875	56.068
40.6375	-7.1625	56.04
40.6375	-7.1375	56.012
40.6375	-7.1125	55.98
40.6375	-7.0875	55.948
40.6375	-7.0625	55.908
40.6375	-7.0375	55.901
40.6375	-7.0125	55.896
40.6375	-6.9875	55.912
40.6375	-6.9625	55.91
40.6375	-6.9375	55.9
40.6375	-6.9125	55.878
40.6375	-6.8875	55.868
40.6375	-6.8625	55.849
40.6375	-6.8375	55.83
40.6375	-6.8125	55.814
40.6375	-6.7875	55.811
40.6375	-6.7625	55.823
40.6375	-6.7375	55.821
40.6375	-6.7125	55.83
40.6375	-6.6875	55.846
40.6375	-6.6625	55.87
40.6375	-6.6375	55.893
40.6375	-6.6125	55.908
40.6375	-6.5875	55.931
40.6375	-6.5625	55.949
40.6375	-6.5375	55.962
40.6375	-6.5125	55.993
40.6375	-6.4875	55.998
40.6375	-6.4625	56.014
40.6375	-6.4375	56.026
40.6375	-6.4125	56.035
40.6375	-6.3875	56.038
40.6375	-6.3625	56.048
40.6375	-6.3375	56.055
40.6375	-6.3125	56.062
40.6375	-6.2875	56.068
40.6375	-6.2625	56.073
40.6375	-6.2375	56.074
40.6375	-6.2125	56.071
40.6375	-6.1875	56.068
40.6375	-6.1625	56.085
40.6375	-6.1375	56.106
40.6375	-6.1125	56.126
40.6375	-6.0875	56.131
40.6375	-6.0625	56.124
40.6375	-6.0375	56.118
40.6375	-6.0125	56.107
40.6375	-5.9875	56.096
40.6625	-10.0125	48.896
40.6625	-9.9875	48.959
40.6625	-9.9625	49.006
40.6625	-9.9375	49.046
40.6625	-9.9125	49.082
40.6625	-9.8875	49.12
40.6625	-9.8625	49.165
40.6625	-9.8375	49.222
40.6625	-9.8125	49.295
40.6625	-9.7875	49.376
40.6625	-9.7625	49.47
40.6625	-9.7375	49.579
40.6625	-9.7125	49.701
40.6625	-9.6875	49.829
40.6625	-9.6625	49.956
40.6625	-9.6375	50.085
40.6625	-9.6125	50.221
40.6625	-9.5875	50.361
40.6625	-9.5625	50.509
40.6625	-9.5375	50.671
40.6625	-9.5125	50.849
40.6625	-9.4875	51.042
40.6625	-9.4625	51.252
40.6625	-9.4375	51.475
40.6625	-9.4125	51.714
40.6625	-9.3875	51.967
40.6625	-9.3625	52.218
40.6625	-9.3375	52.464
40.6625	-9.3125	52.694
40.6625	-9.2875	52.896
40.6625	-9.2625	53.053
40.6625	-9.2375	53.179
40.6625	-9.2125	53.284
40.6625	-9.1875	53.379
40.6625	-9.1625	53.468
40.6625	-9.1375	53.553
40.6625	-9.1125	53.638
40.6625	-9.0875	53.722
40.6625	-9.0625	53.803
40.6625	-9.0375	53.881
40.6625	-9.0125	53.956
40.6625	-8.9875	54.025
40.6625	-8.9625	54.078
40.6625	-8.9375	54.137
40.6625	-8.9125	54.191
40.6625	-8.8875	54.231
40.6625	-8.8625	54.271
40.6625	-8.8375	54.319
40.6625	-8.8125	54.357
40.6625	-8.7875	54.406
40.6625	-8.7625	54.446
40.6625	-8.7375	54.489
40.6625	-8.7125	54.534
40.6625	-8.6875	54.585
40.6625	-8.6625	54.625
40.6625	-8.6375	54.677
40.6625	-8.6125	54.731
40.6625	-8.5875	54.782
40.6625	-8.5625	54.837
40.6625	-8.5375	54.907
40.6625	-8.5125	54.974
40.6625	-8.4875	55.037
40.6625	-8.4625	55.081
40.6625	-8.4375	55.153
40.6625	-8.4125	55.22
40.6625	-8.3875	55.291
40.6625	-8.3625	55.355
40.6625	-8.3375	55.421
40.6625	-8.3125	55.482
40.6625	-8.2875	55.519
40.6625	-8.2625	55.534
40.6625	-8.2375	55.573
40.6625	-8.2125	55.6
40.6625	-8.1875	55.612
40.6625	-8.1625	55.63
40.6625	-8.1375	55.66
40.6625	-8.1125	55.67
40.6625	-8.0875	55.659
40.6625	-8.0625	55.644
40.6625	-8.0375	55.641
40.6625	-8.0125	55.653
40.6625	-7.9875	55.653
40.6625	-7.9625	55.645
40.6625	-7.9375	55.61
40.6625	-7.9125	55.555
40.6625	-7.8875	55.536
40.6625	-7.8625	55.542
40.6625	-7.8375	55.547
40.6625	-7.8125	55.536
40.6625	-7.7875	55.535
40.6625	-7.7625	55.543
40.6625	-7.7375	55.542
40.6625	-7.7125	55.581
40.6625	-7.6875	55.627
40.6625	-7.6625	55.69
40.6625	-7.6375	55.741
40.6625	-7.6125	55.793
40.6625	-7.5875	55.831
40.6625	-7.5625	55.874
40.6625	-7.5375	55.91
40.6625	-7.5125	55.956
40.6625	-7.4875	55.976
40.6625	-7.4625	55.996
40.6625	-7.4375	56.027
40.6625	-7.4125	56.065
40.6625	-7.3875	56.099
40.6625	-7.3625	56.141
40.6625	-7.3375	56.189
40.6625	-7.3125	56.212
40.6625	-7.2875	56.199
40.6625	-7.2625	56.16
40.6625	-7.2375	56.105
40.6625	-7.2125	56.066
40.6625	-7.1875	56.022
40.6625	-7.1625	56.006
40.6625	-7.1375	55.992
40.6625	-7.1125	55.973
40.6625	-7.0875	55.946
40.6625	-7.0625	55.934
40.6625	-7.0375	55.921
40.6625	-7.0125	55.915
40.6625	-6.9875	55.909
40.6625	-6.9625	55.901
40.6625	-6.9375	55.883
40.6625	-6.9125	55.849
40.6625	-6.8875	55.838
40.6625	-6.8625	55.821
40.6625	-6.8375	55.814
40.6625	-6.8125	55.811
40.6625	-6.7875	55.816
40.6625	-6.7625	55.811
40.6625	-6.7375	55.825
40.6625	-6.7125	55.83
40.6625	-6.6875	55.849
40.6625	-6.6625	55.869
40.6625	-6.6375	55.885
40.6625	-6.6125	55.905
40.6625	-6.5875	55.934
40.6625	-6.5625	55.954
40.6625	-6.5375	55.974
40.6625	-6.5125	55.986
40.6625	-6.4875	56.002
40.6625	-6.4625	56.016
40.6625	-6.4375	56.018
40.6625	-6.4125	56.025
40.6625	-6.3875	56.034
40.6625	-6.3625	56.029
40.6625	-6.3375	56.033
40.6625	-6.3125	56.037
40.6625	-6.2875	56.041
40.6625	-6.2625	56.044
40.6625	-6.2375	56.044
40.6625	-6.2125	56.049
40.6625	-6.1875	56.048
40.6625	-6.1625	56.062
40.6625	-6.1375	56.077
40.6625	-6.1125	56.089
40.6625	-6.0875	56.099
40.6625	-6.0625	56.099
40.6625	-6.0375	56.096
40.6625	-6.0125	56.086
40.6625	-5.9875	56.079
40.6875	-10.0125	48.949
40.6875	-9.9875	49.002
40.6875	-9.9625	49.041
40.6875	-9.9375	49.074
40.6875	-9.9125	49.105
40.6875	-9.8875	49.14
40.6875	-9.8625	49.181
40.6875	-9.8375	49.233
40.6875	-9.8125	49.298
40.6875	-9.7875	49.373
40.6875	-9.7625	49.464
40.6875	-9.7375	49.57
40.6875	-9.7125	49.69
40.6875	-9.6875	49.812
40.6875	-9.6625	49.931
40.6875	-9.6375	50.052
40.6875	-9.6125	50.181
40.6875	-9.5875	50.319
40.6875	-9.5625	50.466
40.6875	-9.5375	50.627
40.6875	-9.5125	50.802
40.6875	-9.4875	50.994
40.6875	-9.4625	51.203
40.6875	-9.4375	51.425
40.6875	-9.4125	51.662
40.6875	-9.3875	51.911
40.6875	-9.3625	52.166
40.6875	-9.3375	52.42
40.6875	-9.3125	52.662
40.6875	-9.2875	52.883
40.6875	-9.2625	53.058
40.6875	-9.2375	53.193
40.6875	-9.2125	53.301
40.6875	-9.1875	53.398
40.6875	-9.1625	53.489
40.6875	-9.1375	53.577
40.6875	-9.1125	53.665
40.6875	-9.0875	53.751
40.6875	-9.0625	53.834
40.6875	-9.0375	53.915
40.6875	-9.0125	53.99
40.6875	-8.9875	54.061
40.6875	-8.9625	54.126
40.6875	-8.9375	54.185
40.6875	-8.9125	54.229
40.6875	-8.8875	54.28
40.6875	-8.8625	54.33
40.6875	-8.8375	54.379
40.6875	-8.8125	54.428
40.6875	-8.7875	54.477
40.6875	-8.7625	54.529
40.6875	-8.7375	54.582
40.6875	-8.7125	54.626
40.6875	-8.6875	54.663
40.6875	-8.6625	54.709
40.6875	-8.6375	54.747
40.6875	-8.6125	54.788
40.6875	-8.5875	54.829
40.6875	-8.5625	54.878
40.6875	-8.5375	54.951
40.6875	-8.5125	55.026
40.6875	-8.4875	55.086
40.6875	-8.4625	55.147
40.6875	-8.4375	55.207
40.6875	-8.4125	55.259
40.6875	-8.3875	55.322
40.6875	-8.3625	55.379
40.6875	-8.3375	55.431
40.6875	-8.3125	55.505
40.6875	-8.2875	55.535
40.6875	-8.2625	55.541
40.6875	-8.2375	55.541
40.6875	-8.2125	55.538
40.6875	-8.1875	55.547
40.6875	-8.1625	55.582
40.6875	-8.1375	55.638
40.6875	-8.1125	55.664
40.6875	-8.0875	55.676
40.6875	-8.0625	55.672
40.6875	-8.0375	55.681
40.6875	-8.0125	55.689
40.6875	-7.9875	55.683
40.6875	-7.9625	55.683
40.6875	-7.9375	55.662
40.6875	-7.9125	55.642
40.6875	-7.8875	55.645
40.6875	-7.8625	55.649
40.6875	-7.8375	55.668
40.6875	-7.8125	55.66
40.6875	-7.7875	55.646
40.6875	-7.7625	55.657
40.6875	-7.7375	55.657
40.6875	-7.7125	55.68
40.6875	-7.6875	55.724
40.6875	-7.6625	55.774
40.6875	-7.6375	55.825
40.6875	-7.6125	55.851
40.6875	-7.5875	55.889
40.6875	-7.5625	55.929
40.6875	-7.5375	55.971
40.6875	-7.5125	56.01
40.6875	-7.4875	56.032
40.6875	-7.4625	56.046
40.6875	-7.4375	56.065
40.6875	-7.4125	56.093
40.6875	-7.3875	56.121
40.6875	-7.3625	56.161
40.6875	-7.3375	56.185
40.6875	-7.3125	56.206
40.6875	-7.2875	56.182
40.6875	-7.2625	56.148
40.6875	-7.2375	56.094
40.6875	-7.2125	56.03
40.6875	-7.1875	55.995
40.6875	-7.1625	55.969
40.6875	-7.1375	55.958
40.6875	-7.1125	55.945
40.6875	-7.0875	55.933
40.6875	-7.0625	55.924
40.6875	-7.0375	55.922
40.6875	-7.0125	55.915
40.6875	-6.9875	55.907
40.6875	-6.9625	55.878
40.6875	-6.9375	55.852
40.6875	-6.9125	55.83
40.6875	-6.8875	55.82
40.6875	-6.8625	55.81
40.6875	-6.8375	55.803
40.6875	-6.8125	55.794
40.6875	-6.7875	55.795
40.6875	-6.7625	55.8
40.6875	-6.7375	55.818
40.6875	-6.7125	55.828
40.6875	-6.6875	55.837
40.6875	-6.6625	55.857
40.6875	-6.6375	55.866
40.6875	-6.6125	55.894
40.6875	-6.5875	55.914
40.6875	-6.5625	55.955
40.6875	-6.5375	55.969
40.6875	-6.5125	55.984
40.6875	-6.4875	55.998
40.6875	-6.4625	56.005
40.6875	-6.4375	56.006
40.6875	-6.4125	56.015
40.6875	-6.3875	56.018
40.6875	-6.3625	56.021
40.6875	-6.3375	56.022
40.6875	-6.3125	56.02
40.6875	-6.2875	56.019
40.6875	-6.2625	56.021
40.6875	-6.2375	56.025
40.6875	-6.2125	56.029
40.6875	-6.1875	56.034
40.6875	-6.1625	56.046
40.6875	-6.1375	56.046
40.6875	-6.1125	56.061
40.6875	-6.0875	56.057
40.6875	-6.0625	56.066
40.6875	-6.0375	56.074
40.6875	-6.0125	56.064
40.6875	-5.9875	56.066
40.7125	-10.0125	48.988
40.7125	-9.9875	49.03
40.7125	-9.9625	49.062
40.7125	-9.9375	49.089
40.7125	-9.9125	49.117
40.7125	-9.8875	49.152
40.7125	-9.8625	49.196
40.7125	-9.8375	49.247
40.7125	-9.8125	49.309
40.7125	-9.7875	49.382
40.7125	-9.7625	49.471
40.7125	-9.7375	49.575
40.7125	-9.7125	49.691
40.7125	-9.6875	49.81
40.7125	-9.6625	49.927
40.7125	-9.6375	50.043
40.7125	-9.6125	50.167
40.7125	-9.5875	50.302
40.7125	-9.5625	50.453
40.7125	-9.5375	50.613
40.7125	-9.5125	50.788
40.7125	-9.4875	50.979
40.7125	-9.4625	51.185
40.7125	-9.4375	51.407
40.7125	-9.4125	51.643
40.7125	-9.3875	51.893
40.7125	-9.3625	52.149
40.7125	-9.3375	52.402
40.7125	-9.3125	52.645
40.7125	-9.2875	52.872
40.7125	-9.2625	53.059
40.7125	-9.2375	53.205
40.7125	-9.2125	53.316
40.7125	-9.1875	53.416
40.7125	-9.1625	53.512
40.7125	-9.1375	53.603
40.7125	-9.1125	53.692
40.7125	-9.0875	53.78
40.7125	-9.0625	53.865
40.7125	-9.0375	53.947
40.7125	-9.0125	54.023
40.7125	-8.9875	54.095
40.7125	-8.9625	54.161
40.7125	-8.9375	54.222
40.7125	-8.9125	54.277
40.7125	-8.8875	54.328
40.7125	-8.8625	54.379
40.7125	-8.8375	54.44
40.7125	-8.8125	54.488
40.7125	-8.7875	54.549
40.7125	-8.7625	54.602
40.7125	-8.7375	54.656
40.7125	-8.7125	54.709
40.7125	-8.6875	54.741
40.7125	-8.6625	54.772
40.7125	-8.6375	54.796
40.7125	-8.6125	54.824
40.7125	-8.5875	54.852
40.7125	-8.5625	54.892
40.7125	-8.5375	54.971
40.7125	-8.5125	55.069
40.7125	-8.4875	55.162
40.7125	-8.4625	55.236
40.7125	-8.4375	55.291
40.7125	-8.4125	55.342
40.7125	-8.3875	55.389
40.7125	-8.3625	55.4
40.7125	-8.3375	55.445
40.7125	-8.3125	55.505
40.7125	-8.2875	55.534
40.7125	-8.2625	55.54
40.7125	-8.2375	55.524
40.7125	-8.2125	55.501
40.7125	-8.1875	55.49
40.7125	-8.1625	55.503
40.7125	-8.1375	55.552
40.7125	-8.1125	55.612
40.7125	-8.0875	55.638
40.7125	-8.0625	55.657
40.7125	-8.0375	55.69
40.7125	-8.0125	55.707
40.7125	-7.9875	55.726
40.7125	-7.9625	55.741
40.7125	-7.9375	55.734
40.7125	-7.9125	55.744
40.7125	-7.8875	55.746
40.7125	-7.8625	55.761
40.7125	-7.8375	55.773
40.7125	-7.8125	55.766
40.7125	-7.7875	55.759
40.7125	-7.7625	55.753
40.7125	-7.7375	55.753
40.7125	-7.7125	55.77
40.7125	-7.6875	55.8
40.7125	-7.6625	55.837
40.7125	-7.6375	55.865
40.7125	-7.6125	55.906
40.7125	-7.5875	55.927
40.7125	-7.5625	55.957
40.7125	-7.5375	55.991
40.7125	-7.5125	56.031
40.7125	-7.4875	56.063
40.7125	-7.4625	56.075
40.7125	-7.4375	56.081
40.7125	-7.4125	56.116
40.7125	-7.3875	56.135
40.7125	-7.3625	56.152
40.7125	-7.3375	56.16
40.7125	-7.3125	56.157
40.7125	-7.2875	56.145
40.7125	-7.2625	56.095
40.7125	-7.2375	56.043
40.7125	-7.2125	55.995
40.7125	-7.1875	55.958
40.7125	-7.1625	55.931
40.7125	-7.1375	55.919
40.7125	-7.1125	55.914
40.7125	-7.0875	55.913
40.7125	-7.0625	55.904
40.7125	-7.0375	55.903
40.7125	-7.0125	55.894
40.7125	-6.9875	55.88
40.7125	-6.9625	55.85
40.7125	-6.9375	55.825
40.7125	-6.9125	55.807
40.7125	-6.8875	55.799
40.7125	-6.8625	55.785
40.7125	-6.8375	55.778
40.7125	-6.8125	55.775
40.7125	-6.7875	55.769
40.7125	-6.7625	55.783
40.7125	-6.7375	55.792
40.7125	-6.7125	55.807
40.7125	-6.6875	55.819
40.7125	-6.6625	55.838
40.7125	-6.6375	55.846
40.7125	-6.6125	55.876
40.7125	-6.5875	55.9
40.7125	-6.5625	55.926
40.7125	-6.5375	55.944
40.7125	-6.5125	55.959
40.7125	-6.4875	55.978
40.7125	-6.4625	55.984
40.7125	-6.4375	55.994
40.7125	-6.4125	55.993
40.7125	-6.3875	55.998
40.7125	-6.3625	56
40.7125	-6.3375	56.002
40.7125	-6.3125	55.999
40.7125	-6.2875	56.006
40.7125	-6.2625	56.007
40.7125	-6.2375	56.011
40.7125	-6.2125	56.008
40.7125	-6.1875	56.012
40.7125	-6.1625	56.019
40.7125	-6.1375	56.023
40.7125	-6.1125	56.027
40.7125	-6.0875	56.026
40.7125	-6.0625	56.03
40.7125	-6.0375	56.035
40.7125	-6.0125	56.04
40.7125	-5.9875	56.04
40.7375	-10.0125	49.001
40.7375	-9.9875	49.041
40.7375	-9.9625	49.069
40.7375	-9.9375	49.095
40.7375	-9.9125	49.126
40.7375	-9.8875	49.164
40.7375	-9.8625	49.21
40.7375	-9.8375	49.266
40.7375	-9.8125	49.33
40.7375	-9.7875	49.405
40.7375	-9.7625	49.494
40.7375	-9.7375	49.597
40.7375	-9.7125	49.709
40.7375	-9.6875	49.824
40.7375	-9.6625	49.941
40.7375	-9.6375	50.059
40.7375	-9.6125	50.183
40.7375	-9.5875	50.319
40.7375	-9.5625	50.469
40.7375	-9.5375	50.63
40.7375	-9.5125	50.807
40.7375	-9.4875	50.999
40.7375	-9.4625	51.208
40.7375	-9.4375	51.433
40.7375	-9.4125	51.673
40.7375	-9.3875	51.929
40.7375	-9.3625	52.18
40.7375	-9.3375	52.419
40.7375	-9.3125	52.648
40.7375	-9.2875	52.871
40.7375	-9.2625	53.065
40.7375	-9.2375	53.215
40.7375	-9.2125	53.331
40.7375	-9.1875	53.436
40.7375	-9.1625	53.535
40.7375	-9.1375	53.629
40.7375	-9.1125	53.72
40.7375	-9.0875	53.808
40.7375	-9.0625	53.895
40.7375	-9.0375	53.977
40.7375	-9.0125	54.055
40.7375	-8.9875	54.127
40.7375	-8.9625	54.193
40.7375	-8.9375	54.254
40.7375	-8.9125	54.311
40.7375	-8.8875	54.374
40.7375	-8.8625	54.426
40.7375	-8.8375	54.487
40.7375	-8.8125	54.538
40.7375	-8.7875	54.6
40.7375	-8.7625	54.663
40.7375	-8.7375	54.726
40.7375	-8.7125	54.779
40.7375	-8.6875	54.806
40.7375	-8.6625	54.825
40.7375	-8.6375	54.834
40.7375	-8.6125	54.838
40.7375	-8.5875	54.844
40.7375	-8.5625	54.882
40.7375	-8.5375	54.956
40.7375	-8.5125	55.063
40.7375	-8.4875	55.18
40.7375	-8.4625	55.273
40.7375	-8.4375	55.352
40.7375	-8.4125	55.401
40.7375	-8.3875	55.449
40.7375	-8.3625	55.473
40.7375	-8.3375	55.471
40.7375	-8.3125	55.497
40.7375	-8.2875	55.516
40.7375	-8.2625	55.514
40.7375	-8.2375	55.497
40.7375	-8.2125	55.468
40.7375	-8.1875	55.449
40.7375	-8.1625	55.463
40.7375	-8.1375	55.505
40.7375	-8.1125	55.557
40.7375	-8.0875	55.585
40.7375	-8.0625	55.634
40.7375	-8.0375	55.673
40.7375	-8.0125	55.7
40.7375	-7.9875	55.755
40.7375	-7.9625	55.774
40.7375	-7.9375	55.796
40.7375	-7.9125	55.806
40.7375	-7.8875	55.828
40.7375	-7.8625	55.828
40.7375	-7.8375	55.841
40.7375	-7.8125	55.852
40.7375	-7.7875	55.843
40.7375	-7.7625	55.837
40.7375	-7.7375	55.829
40.7375	-7.7125	55.847
40.7375	-7.6875	55.871
40.7375	-7.6625	55.886
40.7375	-7.6375	55.902
40.7375	-7.6125	55.933
40.7375	-7.5875	55.955
40.7375	-7.5625	55.974
40.7375	-7.5375	56.006
40.7375	-7.5125	56.033
40.7375	-7.4875	56.057
40.7375	-7.4625	56.073
40.7375	-7.4375	56.1
40.7375	-7.4125	56.13
40.7375	-7.3875	56.133
40.7375	-7.3625	56.138
40.7375	-7.3375	56.131
40.7375	-7.3125	56.103
40.7375	-7.2875	56.097
40.7375	-7.2625	56.048
40.7375	-7.2375	55.992
40.7375	-7.2125	55.947
40.7375	-7.1875	55.919
40.7375	-7.1625	55.911
40.7375	-7.1375	55.895
40.7375	-7.1125	55.886
40.7375	-7.0875	55.873
40.7375	-7.0625	55.888
40.7375	-7.0375	55.88
40.7375	-7.0125	55.866
40.7375	-6.9875	55.854
40.7375	-6.9625	55.829
40.7375	-6.9375	55.799
40.7375	-6.9125	55.786
40.7375	-6.8875	55.774
40.7375	-6.8625	55.768
40.7375	-6.8375	55.757
40.7375	-6.8125	55.756
40.7375	-6.7875	55.753
40.7375	-6.7625	55.756
40.7375	-6.7375	55.764
40.7375	-6.7125	55.78
40.7375	-6.6875	55.788
40.7375	-6.6625	55.801
40.7375	-6.6375	55.827
40.7375	-6.6125	55.862
40.7375	-6.5875	55.871
40.7375	-6.5625	55.907
40.7375	-6.5375	55.922
40.7375	-6.5125	55.936
40.7375	-6.4875	55.95
40.7375	-6.4625	55.965
40.7375	-6.4375	55.967
40.7375	-6.4125	55.969
40.7375	-6.3875	55.973
40.7375	-6.3625	55.976
40.7375	-6.3375	55.979
40.7375	-6.3125	55.987
40.7375	-6.2875	55.996
40.7375	-6.2625	55.999
40.7375	-6.2375	55.995
40.7375	-6.2125	55.993
40.7375	-6.1875	55.988
40.7375	-6.1625	55.989
40.7375	-6.1375	55.991
40.7375	-6.1125	55.989
40.7375	-6.0875	55.996
40.7375	-6.0625	56
40.7375	-6.0375	56.008
40.7375	-6.0125	56.006
40.7375	-5.9875	56.008
40.7625	-10.0125	48.993
40.7625	-9.9875	49.03
40.7625	-9.9625	49.061
40.7625	-9.9375	49.094
40.7625	-9.9125	49.131
40.7625	-9.8875	49.175
40.7625	-9.8625	49.229
40.7625	-9.8375	49.292
40.7625	-9.8125	49.362
40.7625	-9.7875	49.441
40.7625	-9.7625	49.532
40.7625	-9.7375	49.635
40.7625	-9.7125	49.745
40.7625	-9.6875	49.859
40.7625	-9.6625	49.975
40.7625	-9.6375	50.096
40.7625	-9.6125	50.223
40.7625	-9.5875	50.361
40.7625	-9.5625	50.512
40.7625	-9.5375	50.676
40.7625	-9.5125	50.853
40.7625	-9.4875	51.046
40.7625	-9.4625	51.256
40.7625	-9.4375	51.488
40.7625	-9.4125	51.74
40.7625	-9.3875	52.002
40.7625	-9.3625	52.237
40.7625	-9.3375	52.455
40.7625	-9.3125	52.669
40.7625	-9.2875	52.884
40.7625	-9.2625	53.075
40.7625	-9.2375	53.229
40.7625	-9.2125	53.353
40.7625	-9.1875	53.462
40.7625	-9.1625	53.562
40.7625	-9.1375	53.657
40.7625	-9.1125	53.747
40.7625	-9.0875	53.834
40.7625	-9.0625	53.921
40.7625	-9.0375	54.004
40.7625	-9.0125	54.083
40.7625	-8.9875	54.157
40.7625	-8.9625	54.222
40.7625	-8.9375	54.284
40.7625	-8.9125	54.342
40.7625	-8.8875	54.407
40.7625	-8.8625	54.458
40.7625	-8.8375	54.52
40.7625	-8.8125	54.582
40.7625	-8.7875	54.645
40.7625	-8.7625	54.707
40.7625	-8.7375	54.768
40.7625	-8.7125	54.82
40.7625	-8.6875	54.858
40.7625	-8.6625	54.863
40.7625	-8.6375	54.862
40.7625	-8.6125	54.853
40.7625	-8.5875	54.856
40.7625	-8.5625	54.869
40.7625	-8.5375	54.929
40.7625	-8.5125	55.031
40.7625	-8.4875	55.153
40.7625	-8.4625	55.266
40.7625	-8.4375	55.353
40.7625	-8.4125	55.428
40.7625	-8.3875	55.499
40.7625	-8.3625	55.553
40.7625	-8.3375	55.568
40.7625	-8.3125	55.568
40.7625	-8.2875	55.557
40.7625	-8.2625	55.543
40.7625	-8.2375	55.543
40.7625	-8.2125	55.552
40.7625	-8.1875	55.548
40.7625	-8.1625	55.541
40.7625	-8.1375	55.557
40.7625	-8.1125	55.593
40.7625	-8.0875	55.625
40.7625	-8.0625	55.646
40.7625	-8.0375	55.686
40.7625	-8.0125	55.733
40.7625	-7.9875	55.77
40.7625	-7.9625	55.798
40.7625	-7.9375	55.83
40.7625	-7.9125	55.863
40.7625	-7.8875	55.885
40.7625	-7.8625	55.899
40.7625	-7.8375	55.91
40.7625	-7.8125	55.915
40.7625	-7.7875	55.916
40.7625	-7.7625	55.909
40.7625	-7.7375	55.901
40.7625	-7.7125	55.904
40.7625	-7.6875	55.913
40.7625	-7.6625	55.938
40.7625	-7.6375	55.956
40.7625	-7.6125	55.965
40.7625	-7.5875	55.984
40.7625	-7.5625	56.005
40.7625	-7.5375	56.026
40.7625	-7.5125	56.055
40.7625	-7.4875	56.075
40.7625	-7.4625	56.074
40.7625	-7.4375	56.095
40.7625	-7.4125	56.116
40.7625	-7.3875	56.114
40.7625	-7.3625	56.11
40.7625	-7.3375	56.107
40.7625	-7.3125	56.069
40.7625	-7.2875	56.039
40.7625	-7.2625	55.997
40.7625	-7.2375	55.948
40.7625	-7.2125	55.915
40.7625	-7.1875	55.893
40.7625	-7.1625	55.88
40.7625	-7.1375	55.864
40.7625	-7.1125	55.854
40.7625	-7.0875	55.842
40.7625	-7.0625	55.851
40.7625	-7.0375	55.847
40.7625	-7.0125	55.83
40.7625	-6.9875	55.816
40.7625	-6.9625	55.793
40.7625	-6.9375	55.785
40.7625	-6.9125	55.768
40.7625	-6.8875	55.75
40.7625	-6.8625	55.738
40.7625	-6.8375	55.727
40.7625	-6.8125	55.723
40.7625	-6.7875	55.721
40.7625	-6.7625	55.731
40.7625	-6.7375	55.739
40.7625	-6.7125	55.753
40.7625	-6.6875	55.765
40.7625	-6.6625	55.773
40.7625	-6.6375	55.801
40.7625	-6.6125	55.833
40.7625	-6.5875	55.849
40.7625	-6.5625	55.876
40.7625	-6.5375	55.894
40.7625	-6.5125	55.908
40.7625	-6.4875	55.92
40.7625	-6.4625	55.937
40.7625	-6.4375	55.942
40.7625	-6.4125	55.946
40.7625	-6.3875	55.95
40.7625	-6.3625	55.954
40.7625	-6.3375	55.962
40.7625	-6.3125	55.959
40.7625	-6.2875	55.966
40.7625	-6.2625	55.969
40.7625	-6.2375	55.966
40.7625	-6.2125	55.964
40.7625	-6.1875	55.961
40.7625	-6.1625	55.959
40.7625	-6.1375	55.958
40.7625	-6.1125	55.958
40.7625	-6.0875	55.96
40.7625	-6.0625	55.964
40.7625	-6.0375	55.967
40.7625	-6.0125	55.962
40.7625	-5.9875	55.966
40.7875	-10.0125	48.972
40.7875	-9.9875	49.01
40.7875	-9.9625	49.048
40.7875	-9.9375	49.089
40.7875	-9.9125	49.136
40.7875	-9.8875	49.192
40.7875	-9.8625	49.257
40.7875	-9.8375	49.329
40.7875	-9.8125	49.405
40.7875	-9.7875	49.491
40.7875	-9.7625	49.586
40.7875	-9.7375	49.69
40.7875	-9.7125	49.801
40.7875	-9.6875	49.917
40.7875	-9.6625	50.035
40.7875	-9.6375	50.159
40.7875	-9.6125	50.289
40.7875	-9.5875	50.429
40.7875	-9.5625	50.581
40.7875	-9.5375	50.747
40.7875	-9.5125	50.928
40.7875	-9.4875	51.122
40.7875	-9.4625	51.332
40.7875	-9.4375	51.564
40.7875	-9.4125	51.817
40.7875	-9.3875	52.075
40.7875	-9.3625	52.304
40.7875	-9.3375	52.511
40.7875	-9.3125	52.711
40.7875	-9.2875	52.913
40.7875	-9.2625	53.097
40.7875	-9.2375	53.251
40.7875	-9.2125	53.376
40.7875	-9.1875	53.486
40.7875	-9.1625	53.586
40.7875	-9.1375	53.68
40.7875	-9.1125	53.771
40.7875	-9.0875	53.859
40.7875	-9.0625	53.944
40.7875	-9.0375	54.028
40.7875	-9.0125	54.108
40.7875	-8.9875	54.182
40.7875	-8.9625	54.25
40.7875	-8.9375	54.313
40.7875	-8.9125	54.372
40.7875	-8.8875	54.437
40.7875	-8.8625	54.49
40.7875	-8.8375	54.541
40.7875	-8.8125	54.603
40.7875	-8.7875	54.663
40.7875	-8.7625	54.725
40.7875	-8.7375	54.785
40.7875	-8.7125	54.844
40.7875	-8.6875	54.882
40.7875	-8.6625	54.898
40.7875	-8.6375	54.905
40.7875	-8.6125	54.906
40.7875	-8.5875	54.897
40.7875	-8.5625	54.907
40.7875	-8.5375	54.944
40.7875	-8.5125	55.026
40.7875	-8.4875	55.128
40.7875	-8.4625	55.227
40.7875	-8.4375	55.329
40.7875	-8.4125	55.419
40.7875	-8.3875	55.506
40.7875	-8.3625	55.581
40.7875	-8.3375	55.62
40.7875	-8.3125	55.635
40.7875	-8.2875	55.628
40.7875	-8.2625	55.634
40.7875	-8.2375	55.662
40.7875	-8.2125	55.694
40.7875	-8.1875	55.694
40.7875	-8.1625	55.691
40.7875	-8.1375	55.681
40.7875	-8.1125	55.676
40.7875	-8.0875	55.69
40.7875	-8.0625	55.701
40.7875	-8.0375	55.749
40.7875	-8.0125	55.787
40.7875	-7.9875	55.829
40.7875	-7.9625	55.852
40.7875	-7.9375	55.869
40.7875	-7.9125	55.903
40.7875	-7.8875	55.94
40.7875	-7.8625	55.969
40.7875	-7.8375	55.985
40.7875	-7.8125	55.981
40.7875	-7.7875	55.977
40.7875	-7.7625	55.967
40.7875	-7.7375	55.959
40.7875	-7.7125	55.96
40.7875	-7.6875	55.966
40.7875	-7.6625	55.971
40.7875	-7.6375	55.994
40.7875	-7.6125	56.006
40.7875	-7.5875	56.027
40.7875	-7.5625	56.033
40.7875	-7.5375	56.042
40.7875	-7.5125	56.066
40.7875	-7.4875	56.072
40.7875	-7.4625	56.081
40.7875	-7.4375	56.091
40.7875	-7.4125	56.1
40.7875	-7.3875	56.099
40.7875	-7.3625	56.091
40.7875	-7.3375	56.066
40.7875	-7.3125	56.04
40.7875	-7.2875	55.98
40.7875	-7.2625	55.943
40.7875	-7.2375	55.895
40.7875	-7.2125	55.871
40.7875	-7.1875	55.86
40.7875	-7.1625	55.85
40.7875	-7.1375	55.826
40.7875	-7.1125	55.816
40.7875	-7.0875	55.803
40.7875	-7.0625	55.802
40.7875	-7.0375	55.801
40.7875	-7.0125	55.787
40.7875	-6.9875	55.783
40.7875	-6.9625	55.786
40.7875	-6.9375	55.77
40.7875	-6.9125	55.745
40.7875	-6.8875	55.735
40.7875	-6.8625	55.704
40.7875	-6.8375	55.701
40.7875	-6.8125	55.69
40.7875	-6.7875	55.692
40.7875	-6.7625	55.698
40.7875	-6.7375	55.706
40.7875	-6.7125	55.717
40.7875	-6.6875	55.732
40.7875	-6.6625	55.749
40.7875	-6.6375	55.777
40.7875	-6.6125	55.81
40.7875	-6.5875	55.828
40.7875	-6.5625	55.846
40.7875	-6.5375	55.861
40.7875	-6.5125	55.881
40.7875	-6.4875	55.893
40.7875	-6.4625	55.902
40.7875	-6.4375	55.916
40.7875	-6.4125	55.923
40.7875	-6.3875	55.932
40.7875	-6.3625	55.938
40.7875	-6.3375	55.942
40.7875	-6.3125	55.943
40.7875	-6.2875	55.945
40.7875	-6.2625	55.933
40.7875	-6.2375	55.937
40.7875	-6.2125	55.924
40.7875	-6.1875	55.925
40.7875	-6.1625	55.924
40.7875	-6.1375	55.922
40.7875	-6.1125	55.923
40.7875	-6.0875	55.921
40.7875	-6.0625	55.922
40.7875	-6.0375	55.923
40.7875	-6.0125	55.923
40.7875	-5.9875	55.92
40.8125	-10.0125	48.961
40.8125	-9.9875	49.002
40.8125	-9.9625	49.045
40.8125	-9.9375	49.096
40.8125	-9.9125	49.153
40.8125	-9.8875	49.22
40.8125	-9.8625	49.294
40.8125	-9.8375	49.377
40.8125	-9.8125	49.464
40.8125	-9.7875	49.556
40.8125	-9.7625	49.658
40.8125	-9.7375	49.766
40.8125	-9.7125	49.881
40.8125	-9.6875	49.998
40.8125	-9.6625	50.12
40.8125	-9.6375	50.245
40.8125	-9.6125	50.377
40.8125	-9.5875	50.518
40.8125	-9.5625	50.672
40.8125	-9.5375	50.84
40.8125	-9.5125	51.023
40.8125	-9.4875	51.219
40.8125	-9.4625	51.429
40.8125	-9.4375	51.658
40.8125	-9.4125	51.904
40.8125	-9.3875	52.156
40.8125	-9.3625	52.384
40.8125	-9.3375	52.589
40.8125	-9.3125	52.778
40.8125	-9.2875	52.96
40.8125	-9.2625	53.128
40.8125	-9.2375	53.273
40.8125	-9.2125	53.399
40.8125	-9.1875	53.508
40.8125	-9.1625	53.608
40.8125	-9.1375	53.701
40.8125	-9.1125	53.792
40.8125	-9.0875	53.881
40.8125	-9.0625	53.968
40.8125	-9.0375	54.052
40.8125	-9.0125	54.132
40.8125	-8.9875	54.207
40.8125	-8.9625	54.277
40.8125	-8.9375	54.342
40.8125	-8.9125	54.4
40.8125	-8.8875	54.456
40.8125	-8.8625	54.507
40.8125	-8.8375	54.557
40.8125	-8.8125	54.617
40.8125	-8.7875	54.666
40.8125	-8.7625	54.724
40.8125	-8.7375	54.782
40.8125	-8.7125	54.83
40.8125	-8.6875	54.89
40.8125	-8.6625	54.926
40.8125	-8.6375	54.964
40.8125	-8.6125	54.974
40.8125	-8.5875	54.973
40.8125	-8.5625	54.98
40.8125	-8.5375	54.995
40.8125	-8.5125	55.045
40.8125	-8.4875	55.104
40.8125	-8.4625	55.195
40.8125	-8.4375	55.276
40.8125	-8.4125	55.361
40.8125	-8.3875	55.462
40.8125	-8.3625	55.558
40.8125	-8.3375	55.625
40.8125	-8.3125	55.677
40.8125	-8.2875	55.718
40.8125	-8.2625	55.746
40.8125	-8.2375	55.767
40.8125	-8.2125	55.811
40.8125	-8.1875	55.821
40.8125	-8.1625	55.825
40.8125	-8.1375	55.808
40.8125	-8.1125	55.786
40.8125	-8.0875	55.784
40.8125	-8.0625	55.773
40.8125	-8.0375	55.794
40.8125	-8.0125	55.848
40.8125	-7.9875	55.893
40.8125	-7.9625	55.931
40.8125	-7.9375	55.942
40.8125	-7.9125	55.959
40.8125	-7.8875	55.999
40.8125	-7.8625	56.025
40.8125	-7.8375	56.04
40.8125	-7.8125	56.037
40.8125	-7.7875	56.031
40.8125	-7.7625	56.021
40.8125	-7.7375	56.011
40.8125	-7.7125	56.014
40.8125	-7.6875	56.022
40.8125	-7.6625	56.018
40.8125	-7.6375	56.039
40.8125	-7.6125	56.051
40.8125	-7.5875	56.064
40.8125	-7.5625	56.082
40.8125	-7.5375	56.085
40.8125	-7.5125	56.088
40.8125	-7.4875	56.08
40.8125	-7.4625	56.086
40.8125	-7.4375	56.096
40.8125	-7.4125	56.102
40.8125	-7.3875	56.091
40.8125	-7.3625	56.067
40.8125	-7.3375	56.037
40.8125	-7.3125	55.988
40.8125	-7.2875	55.934
40.8125	-7.2625	55.891
40.8125	-7.2375	55.863
40.8125	-7.2125	55.83
40.8125	-7.1875	55.825
40.8125	-7.1625	55.804
40.8125	-7.1375	55.794
40.8125	-7.1125	55.78
40.8125	-7.0875	55.778
40.8125	-7.0625	55.752
40.8125	-7.0375	55.761
40.8125	-7.0125	55.758
40.8125	-6.9875	55.774
40.8125	-6.9625	55.76
40.8125	-6.9375	55.749
40.8125	-6.9125	55.732
40.8125	-6.8875	55.716
40.8125	-6.8625	55.695
40.8125	-6.8375	55.678
40.8125	-6.8125	55.675
40.8125	-6.7875	55.678
40.8125	-6.7625	55.688
40.8125	-6.7375	55.693
40.8125	-6.7125	55.713
40.8125	-6.6875	55.73
40.8125	-6.6625	55.755
40.8125	-6.6375	55.777
40.8125	-6.6125	55.794
40.8125	-6.5875	55.811
40.8125	-6.5625	55.83
40.8125	-6.5375	55.84
40.8125	-6.5125	55.848
40.8125	-6.4875	55.867
40.8125	-6.4625	55.878
40.8125	-6.4375	55.894
40.8125	-6.4125	55.902
40.8125	-6.3875	55.914
40.8125	-6.3625	55.92
40.8125	-6.3375	55.911
40.8125	-6.3125	55.906
40.8125	-6.2875	55.907
40.8125	-6.2625	55.899
40.8125	-6.2375	55.892
40.8125	-6.2125	55.89
40.8125	-6.1875	55.891
40.8125	-6.1625	55.891
40.8125	-6.1375	55.882
40.8125	-6.1125	55.881
40.8125	-6.0875	55.878
40.8125	-6.0625	55.877
40.8125	-6.0375	55.876
40.8125	-6.0125	55.874
40.8125	-5.9875	55.867
40.8375	-10.0125	48.969
40.8375	-9.9875	49.014
40.8375	-9.9625	49.062
40.8375	-9.9375	49.12
40.8375	-9.9125	49.187
40.8375	-9.8875	49.263
40.8375	-9.8625	49.348
40.8375	-9.8375	49.441
40.8375	-9.8125	49.536
40.8375	-9.7875	49.638
40.8375	-9.7625	49.748
40.8375	-9.7375	49.863
40.8375	-9.7125	49.983
40.8375	-9.6875	50.104
40.8375	-9.6625	50.227
40.8375	-9.6375	50.355
40.8375	-9.6125	50.488
40.8375	-9.5875	50.627
40.8375	-9.5625	50.78
40.8375	-9.5375	50.948
40.8375	-9.5125	51.132
40.8375	-9.4875	51.331
40.8375	-9.4625	51.541
40.8375	-9.4375	51.765
40.8375	-9.4125	51.998
40.8375	-9.3875	52.235
40.8375	-9.3625	52.464
40.8375	-9.3375	52.67
40.8375	-9.3125	52.848
40.8375	-9.2875	53.011
40.8375	-9.2625	53.161
40.8375	-9.2375	53.294
40.8375	-9.2125	53.415
40.8375	-9.1875	53.526
40.8375	-9.1625	53.626
40.8375	-9.1375	53.72
40.8375	-9.1125	53.812
40.8375	-9.0875	53.901
40.8375	-9.0625	53.989
40.8375	-9.0375	54.073
40.8375	-9.0125	54.154
40.8375	-8.9875	54.23
40.8375	-8.9625	54.3
40.8375	-8.9375	54.356
40.8375	-8.9125	54.415
40.8375	-8.8875	54.47
40.8375	-8.8625	54.522
40.8375	-8.8375	54.572
40.8375	-8.8125	54.609
40.8375	-8.7875	54.655
40.8375	-8.7625	54.701
40.8375	-8.7375	54.754
40.8375	-8.7125	54.801
40.8375	-8.6875	54.872
40.8375	-8.6625	54.94
40.8375	-8.6375	55
40.8375	-8.6125	55.04
40.8375	-8.5875	55.048
40.8375	-8.5625	55.052
40.8375	-8.5375	55.056
40.8375	-8.5125	55.078
40.8375	-8.4875	55.11
40.8375	-8.4625	55.163
40.8375	-8.4375	55.236
40.8375	-8.4125	55.316
40.8375	-8.3875	55.402
40.8375	-8.3625	55.503
40.8375	-8.3375	55.605
40.8375	-8.3125	55.698
40.8375	-8.2875	55.782
40.8375	-8.2625	55.843
40.8375	-8.2375	55.867
40.8375	-8.2125	55.876
40.8375	-8.1875	55.884
40.8375	-8.1625	55.887
40.8375	-8.1375	55.884
40.8375	-8.1125	55.878
40.8375	-8.0875	55.867
40.8375	-8.0625	55.85
40.8375	-8.0375	55.861
40.8375	-8.0125	55.899
40.8375	-7.9875	55.95
40.8375	-7.9625	55.996
40.8375	-7.9375	56.017
40.8375	-7.9125	56.031
40.8375	-7.8875	56.058
40.8375	-7.8625	56.073
40.8375	-7.8375	56.082
40.8375	-7.8125	56.085
40.8375	-7.7875	56.081
40.8375	-7.7625	56.065
40.8375	-7.7375	56.07
40.8375	-7.7125	56.068
40.8375	-7.6875	56.072
40.8375	-7.6625	56.077
40.8375	-7.6375	56.088
40.8375	-7.6125	56.092
40.8375	-7.5875	56.106
40.8375	-7.5625	56.113
40.8375	-7.5375	56.101
40.8375	-7.5125	56.102
40.8375	-7.4875	56.098
40.8375	-7.4625	56.1
40.8375	-7.4375	56.103
40.8375	-7.4125	56.091
40.8375	-7.3875	56.09
40.8375	-7.3625	56.076
40.8375	-7.3375	56.03
40.8375	-7.3125	55.979
40.8375	-7.2875	55.916
40.8375	-7.2625	55.873
40.8375	-7.2375	55.823
40.8375	-7.2125	55.804
40.8375	-7.1875	55.79
40.8375	-7.1625	55.779
40.8375	-7.1375	55.763
40.8375	-7.1125	55.758
40.8375	-7.0875	55.746
40.8375	-7.0625	55.739
40.8375	-7.0375	55.722
40.8375	-7.0125	55.737
40.8375	-6.9875	55.738
40.8375	-6.9625	55.744
40.8375	-6.9375	55.739
40.8375	-6.9125	55.709
40.8375	-6.8875	55.691
40.8375	-6.8625	55.672
40.8375	-6.8375	55.667
40.8375	-6.8125	55.66
40.8375	-6.7875	55.656
40.8375	-6.7625	55.673
40.8375	-6.7375	55.689
40.8375	-6.7125	55.718
40.8375	-6.6875	55.743
40.8375	-6.6625	55.758
40.8375	-6.6375	55.778
40.8375	-6.6125	55.797
40.8375	-6.5875	55.808
40.8375	-6.5625	55.823
40.8375	-6.5375	55.828
40.8375	-6.5125	55.835
40.8375	-6.4875	55.844
40.8375	-6.4625	55.855
40.8375	-6.4375	55.871
40.8375	-6.4125	55.885
40.8375	-6.3875	55.89
40.8375	-6.3625	55.892
40.8375	-6.3375	55.887
40.8375	-6.3125	55.876
40.8375	-6.2875	55.866
40.8375	-6.2625	55.857
40.8375	-6.2375	55.849
40.8375	-6.2125	55.847
40.8375	-6.1875	55.847
40.8375	-6.1625	55.847
40.8375	-6.1375	55.84
40.8375	-6.1125	55.838
40.8375	-6.0875	55.838
40.8375	-6.0625	55.84
40.8375	-6.0375	55.838
40.8375	-6.0125	55.831
40.8375	-5.9875	55.82
40.8625	-10.0125	48.996
40.8625	-9.9875	49.043
40.8625	-9.9625	49.098
40.8625	-9.9375	49.164
40.8625	-9.9125	49.242
40.8625	-9.8875	49.328
40.8625	-9.8625	49.422
40.8625	-9.8375	49.521
40.8625	-9.8125	49.624
40.8625	-9.7875	49.734
40.8625	-9.7625	49.851
40.8625	-9.7375	49.976
40.8625	-9.7125	50.1
40.8625	-9.6875	50.225
40.8625	-9.6625	50.351
40.8625	-9.6375	50.481
40.8625	-9.6125	50.612
40.8625	-9.5875	50.75
40.8625	-9.5625	50.902
40.8625	-9.5375	51.069
40.8625	-9.5125	51.254
40.8625	-9.4875	51.452
40.8625	-9.4625	51.662
40.8625	-9.4375	51.88
40.8625	-9.4125	52.105
40.8625	-9.3875	52.334
40.8625	-9.3625	52.55
40.8625	-9.3375	52.741
40.8625	-9.3125	52.911
40.8625	-9.2875	53.062
40.8625	-9.2625	53.2
40.8625	-9.2375	53.324
40.8625	-9.2125	53.44
40.8625	-9.1875	53.546
40.8625	-9.1625	53.645
40.8625	-9.1375	53.738
40.8625	-9.1125	53.83
40.8625	-9.0875	53.919
40.8625	-9.0625	54.007
40.8625	-9.0375	54.092
40.8625	-9.0125	54.173
40.8625	-8.9875	54.251
40.8625	-8.9625	54.313
40.8625	-8.9375	54.379
40.8625	-8.9125	54.439
40.8625	-8.8875	54.483
40.8625	-8.8625	54.535
40.8625	-8.8375	54.574
40.8625	-8.8125	54.608
40.8625	-8.7875	54.642
40.8625	-8.7625	54.674
40.8625	-8.7375	54.706
40.8625	-8.7125	54.75
40.8625	-8.6875	54.81
40.8625	-8.6625	54.902
40.8625	-8.6375	55.005
40.8625	-8.6125	55.064
40.8625	-8.5875	55.09
40.8625	-8.5625	55.083
40.8625	-8.5375	55.084
40.8625	-8.5125	55.096
40.8625	-8.4875	55.112
40.8625	-8.4625	55.164
40.8625	-8.4375	55.226
40.8625	-8.4125	55.284
40.8625	-8.3875	55.368
40.8625	-8.3625	55.477
40.8625	-8.3375	55.584
40.8625	-8.3125	55.702
40.8625	-8.2875	55.813
40.8625	-8.2625	55.873
40.8625	-8.2375	55.897
40.8625	-8.2125	55.875
40.8625	-8.1875	55.858
40.8625	-8.1625	55.857
40.8625	-8.1375	55.88
40.8625	-8.1125	55.911
40.8625	-8.0875	55.945
40.8625	-8.0625	55.952
40.8625	-8.0375	55.942
40.8625	-8.0125	55.973
40.8625	-7.9875	56.017
40.8625	-7.9625	56.062
40.8625	-7.9375	56.08
40.8625	-7.9125	56.091
40.8625	-7.8875	56.092
40.8625	-7.8625	56.108
40.8625	-7.8375	56.131
40.8625	-7.8125	56.137
40.8625	-7.7875	56.142
40.8625	-7.7625	56.128
40.8625	-7.7375	56.127
40.8625	-7.7125	56.133
40.8625	-7.6875	56.119
40.8625	-7.6625	56.121
40.8625	-7.6375	56.123
40.8625	-7.6125	56.108
40.8625	-7.5875	56.112
40.8625	-7.5625	56.107
40.8625	-7.5375	56.1
40.8625	-7.5125	56.116
40.8625	-7.4875	56.12
40.8625	-7.4625	56.121
40.8625	-7.4375	56.127
40.8625	-7.4125	56.114
40.8625	-7.3875	56.105
40.8625	-7.3625	56.072
40.8625	-7.3375	56.033
40.8625	-7.3125	55.976
40.8625	-7.2875	55.916
40.8625	-7.2625	55.862
40.8625	-7.2375	55.814
40.8625	-7.2125	55.787
40.8625	-7.1875	55.76
40.8625	-7.1625	55.753
40.8625	-7.1375	55.747
40.8625	-7.1125	55.724
40.8625	-7.0875	55.738
40.8625	-7.0625	55.728
40.8625	-7.0375	55.723
40.8625	-7.0125	55.708
40.8625	-6.9875	55.709
40.8625	-6.9625	55.701
40.8625	-6.9375	55.691
40.8625	-6.9125	55.689
40.8625	-6.8875	55.669
40.8625	-6.8625	55.654
40.8625	-6.8375	55.648
40.8625	-6.8125	55.637
40.8625	-6.7875	55.642
40.8625	-6.7625	55.663
40.8625	-6.7375	55.693
40.8625	-6.7125	55.713
40.8625	-6.6875	55.739
40.8625	-6.6625	55.767
40.8625	-6.6375	55.776
40.8625	-6.6125	55.793
40.8625	-6.5875	55.8
40.8625	-6.5625	55.814
40.8625	-6.5375	55.817
40.8625	-6.5125	55.811
40.8625	-6.4875	55.823
40.8625	-6.4625	55.84
40.8625	-6.4375	55.843
40.8625	-6.4125	55.854
40.8625	-6.3875	55.863
40.8625	-6.3625	55.862
40.8625	-6.3375	55.851
40.8625	-6.3125	55.837
40.8625	-6.2875	55.829
40.8625	-6.2625	55.819
40.8625	-6.2375	55.813
40.8625	-6.2125	55.811
40.8625	-6.1875	55.8
40.8625	-6.1625	55.801
40.8625	-6.1375	55.802
40.8625	-6.1125	55.812
40.8625	-6.0875	55.816
40.8625	-6.0625	55.814
40.8625	-6.0375	55.806
40.8625	-6.0125	55.796
40.8625	-5.9875	55.784
40.8875	-10.0125	49.034
40.8875	-9.9875	49.089
40.8875	-9.9625	49.151
40.8875	-9.9375	49.225
40.8875	-9.9125	49.312
40.8875	-9.8875	49.41
40.8875	-9.8625	49.513
40.8875	-9.8375	49.618
40.8875	-9.8125	49.724
40.8875	-9.7875	49.839
40.8875	-9.7625	49.962
40.8875	-9.7375	50.09
40.8875	-9.7125	50.22
40.8875	-9.6875	50.349
40.8875	-9.6625	50.478
40.8875	-9.6375	50.61
40.8875	-9.6125	50.742
40.8875	-9.5875	50.878
40.8875	-9.5625	51.028
40.8875	-9.5375	51.196
40.8875	-9.5125	51.381
40.8875	-9.4875	51.577
40.8875	-9.4625	51.778
40.8875	-9.4375	51.991
40.8875	-9.4125	52.213
40.8875	-9.3875	52.437
40.8875	-9.3625	52.643
40.8875	-9.3375	52.823
40.8875	-9.3125	52.978
40.8875	-9.2875	53.114
40.8875	-9.2625	53.239
40.8875	-9.2375	53.355
40.8875	-9.2125	53.464
40.8875	-9.1875	53.566
40.8875	-9.1625	53.661
40.8875	-9.1375	53.754
40.8875	-9.1125	53.845
40.8875	-9.0875	53.933
40.8875	-9.0625	54.021
40.8875	-9.0375	54.107
40.8875	-9.0125	54.19
40.8875	-8.9875	54.259
40.8875	-8.9625	54.332
40.8875	-8.9375	54.399
40.8875	-8.9125	54.45
40.8875	-8.8875	54.495
40.8875	-8.8625	54.547
40.8875	-8.8375	54.574
40.8875	-8.8125	54.609
40.8875	-8.7875	54.631
40.8875	-8.7625	54.651
40.8875	-8.7375	54.671
40.8875	-8.7125	54.704
40.8875	-8.6875	54.743
40.8875	-8.6625	54.826
40.8875	-8.6375	54.929
40.8875	-8.6125	55.019
40.8875	-8.5875	55.07
40.8875	-8.5625	55.079
40.8875	-8.5375	55.09
40.8875	-8.5125	55.112
40.8875	-8.4875	55.122
40.8875	-8.4625	55.163
40.8875	-8.4375	55.216
40.8875	-8.4125	55.28
40.8875	-8.3875	55.36
40.8875	-8.3625	55.441
40.8875	-8.3375	55.537
40.8875	-8.3125	55.651
40.8875	-8.2875	55.741
40.8875	-8.2625	55.814
40.8875	-8.2375	55.822
40.8875	-8.2125	55.811
40.8875	-8.1875	55.793
40.8875	-8.1625	55.816
40.8875	-8.1375	55.867
40.8875	-8.1125	55.91
40.8875	-8.0875	55.961
40.8875	-8.0625	55.992
40.8875	-8.0375	56.017
40.8875	-8.0125	56.046
40.8875	-7.9875	56.085
40.8875	-7.9625	56.1
40.8875	-7.9375	56.115
40.8875	-7.9125	56.122
40.8875	-7.8875	56.13
40.8875	-7.8625	56.161
40.8875	-7.8375	56.186
40.8875	-7.8125	56.205
40.8875	-7.7875	56.209
40.8875	-7.7625	56.205
40.8875	-7.7375	56.2
40.8875	-7.7125	56.198
40.8875	-7.6875	56.185
40.8875	-7.6625	56.17
40.8875	-7.6375	56.154
40.8875	-7.6125	56.136
40.8875	-7.5875	56.122
40.8875	-7.5625	56.112
40.8875	-7.5375	56.115
40.8875	-7.5125	56.12
40.8875	-7.4875	56.142
40.8875	-7.4625	56.153
40.8875	-7.4375	56.145
40.8875	-7.4125	56.129
40.8875	-7.3875	56.111
40.8875	-7.3625	56.068
40.8875	-7.3375	56.026
40.8875	-7.3125	55.987
40.8875	-7.2875	55.937
40.8875	-7.2625	55.862
40.8875	-7.2375	55.818
40.8875	-7.2125	55.772
40.8875	-7.1875	55.742
40.8875	-7.1625	55.725
40.8875	-7.1375	55.725
40.8875	-7.1125	55.704
40.8875	-7.0875	55.711
40.8875	-7.0625	55.702
40.8875	-7.0375	55.693
40.8875	-7.0125	55.686
40.8875	-6.9875	55.677
40.8875	-6.9625	55.659
40.8875	-6.9375	55.652
40.8875	-6.9125	55.634
40.8875	-6.8875	55.631
40.8875	-6.8625	55.612
40.8875	-6.8375	55.601
40.8875	-6.8125	55.619
40.8875	-6.7875	55.645
40.8875	-6.7625	55.664
40.8875	-6.7375	55.686
40.8875	-6.7125	55.711
40.8875	-6.6875	55.738
40.8875	-6.6625	55.758
40.8875	-6.6375	55.769
40.8875	-6.6125	55.785
40.8875	-6.5875	55.793
40.8875	-6.5625	55.806
40.8875	-6.5375	55.805
40.8875	-6.5125	55.797
40.8875	-6.4875	55.799
40.8875	-6.4625	55.81
40.8875	-6.4375	55.814
40.8875	-6.4125	55.83
40.8875	-6.3875	55.833
40.8875	-6.3625	55.833
40.8875	-6.3375	55.816
40.8875	-6.3125	55.808
40.8875	-6.2875	55.797
40.8875	-6.2625	55.792
40.8875	-6.2375	55.788
40.8875	-6.2125	55.786
40.8875	-6.1875	55.786
40.8875	-6.1625	55.785
40.8875	-6.1375	55.782
40.8875	-6.1125	55.787
40.8875	-6.0875	55.79
40.8875	-6.0625	55.793
40.8875	-6.0375	55.783
40.8875	-6.0125	55.769
40.8875	-5.9875	55.756
40.9125	-10.0125	49.084
40.9125	-9.9875	49.146
40.9125	-9.9625	49.215
40.9125	-9.9375	49.298
40.9125	-9.9125	49.395
40.9125	-9.8875	49.502
40.9125	-9.8625	49.612
40.9125	-9.8375	49.721
40.9125	-9.8125	49.829
40.9125	-9.7875	49.942
40.9125	-9.7625	50.064
40.9125	-9.7375	50.195
40.9125	-9.7125	50.33
40.9125	-9.6875	50.463
40.9125	-9.6625	50.597
40.9125	-9.6375	50.73
40.9125	-9.6125	50.865
40.9125	-9.5875	51.003
40.9125	-9.5625	51.153
40.9125	-9.5375	51.321
40.9125	-9.5125	51.505
40.9125	-9.4875	51.694
40.9125	-9.4625	51.889
40.9125	-9.4375	52.097
40.9125	-9.4125	52.318
40.9125	-9.3875	52.533
40.9125	-9.3625	52.727
40.9125	-9.3375	52.893
40.9125	-9.3125	53.036
40.9125	-9.2875	53.161
40.9125	-9.2625	53.277
40.9125	-9.2375	53.384
40.9125	-9.2125	53.485
40.9125	-9.1875	53.581
40.9125	-9.1625	53.673
40.9125	-9.1375	53.762
40.9125	-9.1125	53.852
40.9125	-9.0875	53.942
40.9125	-9.0625	54.03
40.9125	-9.0375	54.118
40.9125	-9.0125	54.192
40.9125	-8.9875	54.273
40.9125	-8.9625	54.347
40.9125	-8.9375	54.406
40.9125	-8.9125	54.468
40.9125	-8.8875	54.516
40.9125	-8.8625	54.558
40.9125	-8.8375	54.586
40.9125	-8.8125	54.62
40.9125	-8.7875	54.64
40.9125	-8.7625	54.652
40.9125	-8.7375	54.662
40.9125	-8.7125	54.685
40.9125	-8.6875	54.722
40.9125	-8.6625	54.783
40.9125	-8.6375	54.883
40.9125	-8.6125	54.969
40.9125	-8.5875	55.031
40.9125	-8.5625	55.074
40.9125	-8.5375	55.102
40.9125	-8.5125	55.115
40.9125	-8.4875	55.143
40.9125	-8.4625	55.184
40.9125	-8.4375	55.218
40.9125	-8.4125	55.284
40.9125	-8.3875	55.349
40.9125	-8.3625	55.392
40.9125	-8.3375	55.461
40.9125	-8.3125	55.527
40.9125	-8.2875	55.612
40.9125	-8.2625	55.658
40.9125	-8.2375	55.691
40.9125	-8.2125	55.709
40.9125	-8.1875	55.725
40.9125	-8.1625	55.777
40.9125	-8.1375	55.837
40.9125	-8.1125	55.89
40.9125	-8.0875	55.974
40.9125	-8.0625	56.013
40.9125	-8.0375	56.059
40.9125	-8.0125	56.101
40.9125	-7.9875	56.118
40.9125	-7.9625	56.129
40.9125	-7.9375	56.154
40.9125	-7.9125	56.167
40.9125	-7.8875	56.188
40.9125	-7.8625	56.217
40.9125	-7.8375	56.244
40.9125	-7.8125	56.266
40.9125	-7.7875	56.271
40.9125	-7.7625	56.274
40.9125	-7.7375	56.275
40.9125	-7.7125	56.261
40.9125	-7.6875	56.249
40.9125	-7.6625	56.23
40.9125	-7.6375	56.195
40.9125	-7.6125	56.171
40.9125	-7.5875	56.138
40.9125	-7.5625	56.123
40.9125	-7.5375	56.113
40.9125	-7.5125	56.13
40.9125	-7.4875	56.136
40.9125	-7.4625	56.145
40.9125	-7.4375	56.148
40.9125	-7.4125	56.132
40.9125	-7.3875	56.106
40.9125	-7.3625	56.071
40.9125	-7.3375	56.03
40.9125	-7.3125	55.985
40.9125	-7.2875	55.94
40.9125	-7.2625	55.883
40.9125	-7.2375	55.813
40.9125	-7.2125	55.767
40.9125	-7.1875	55.729
40.9125	-7.1625	55.708
40.9125	-7.1375	55.68
40.9125	-7.1125	55.68
40.9125	-7.0875	55.681
40.9125	-7.0625	55.667
40.9125	-7.0375	55.666
40.9125	-7.0125	55.653
40.9125	-6.9875	55.635
40.9125	-6.9625	55.617
40.9125	-6.9375	55.604
40.9125	-6.9125	55.589
40.9125	-6.8875	55.584
40.9125	-6.8625	55.573
40.9125	-6.8375	55.591
40.9125	-6.8125	55.614
40.9125	-6.7875	55.619
40.9125	-6.7625	55.642
40.9125	-6.7375	55.665
40.9125	-6.7125	55.694
40.9125	-6.6875	55.721
40.9125	-6.6625	55.744
40.9125	-6.6375	55.756
40.9125	-6.6125	55.776
40.9125	-6.5875	55.782
40.9125	-6.5625	55.79
40.9125	-6.5375	55.786
40.9125	-6.5125	55.777
40.9125	-6.4875	55.774
40.9125	-6.4625	55.795
40.9125	-6.4375	55.8
40.9125	-6.4125	55.808
40.9125	-6.3875	55.809
40.9125	-6.3625	55.812
40.9125	-6.3375	55.813
40.9125	-6.3125	55.797
40.9125	-6.2875	55.786
40.9125	-6.2625	55.78
40.9125	-6.2375	55.776
40.9125	-6.2125	55.767
40.9125	-6.1875	55.771
40.9125	-6.1625	55.771
40.9125	-6.1375	55.771
40.9125	-6.1125	55.775
40.9125	-6.0875	55.778
40.9125	-6.0625	55.774
40.9125	-6.0375	55.761
40.9125	-6.0125	55.748
40.9125	-5.9875	55.732
40.9375	-10.0125	49.145
40.9375	-9.9875	49.213
40.9375	-9.9625	49.29
40.9375	-9.9375	49.379
40.9375	-9.9125	49.482
40.9375	-9.8875	49.594
40.9375	-9.8625	49.707
40.9375	-9.8375	49.818
40.9375	-9.8125	49.927
40.9375	-9.7875	50.041
40.9375	-9.7625	50.162
40.9375	-9.7375	50.293
40.9375	-9.7125	50.428
40.9375	-9.6875	50.564
40.9375	-9.6625	50.7
40.9375	-9.6375	50.835
40.9375	-9.6125	50.972
40.9375	-9.5875	51.113
40.9375	-9.5625	51.268
40.9375	-9.5375	51.437
40.9375	-9.5125	51.615
40.9375	-9.4875	51.795
40.9375	-9.4625	51.988
40.9375	-9.4375	52.193
40.9375	-9.4125	52.408
40.9375	-9.3875	52.614
40.9375	-9.3625	52.794
40.9375	-9.3375	52.949
40.9375	-9.3125	53.082
40.9375	-9.2875	53.202
40.9375	-9.2625	53.311
40.9375	-9.2375	53.411
40.9375	-9.2125	53.506
40.9375	-9.1875	53.595
40.9375	-9.1625	53.681
40.9375	-9.1375	53.766
40.9375	-9.1125	53.854
40.9375	-9.0875	53.945
40.9375	-9.0625	54.034
40.9375	-9.0375	54.123
40.9375	-9.0125	54.201
40.9375	-8.9875	54.283
40.9375	-8.9625	54.361
40.9375	-8.9375	54.421
40.9375	-8.9125	54.484
40.9375	-8.8875	54.533
40.9375	-8.8625	54.566
40.9375	-8.8375	54.605
40.9375	-8.8125	54.629
40.9375	-8.7875	54.651
40.9375	-8.7625	54.672
40.9375	-8.7375	54.683
40.9375	-8.7125	54.704
40.9375	-8.6875	54.736
40.9375	-8.6625	54.793
40.9375	-8.6375	54.859
40.9375	-8.6125	54.944
40.9375	-8.5875	55.011
40.9375	-8.5625	55.051
40.9375	-8.5375	55.108
40.9375	-8.5125	55.147
40.9375	-8.4875	55.176
40.9375	-8.4625	55.204
40.9375	-8.4375	55.243
40.9375	-8.4125	55.308
40.9375	-8.3875	55.354
40.9375	-8.3625	55.378
40.9375	-8.3375	55.416
40.9375	-8.3125	55.477
40.9375	-8.2875	55.523
40.9375	-8.2625	55.551
40.9375	-8.2375	55.594
40.9375	-8.2125	55.644
40.9375	-8.1875	55.679
40.9375	-8.1625	55.75
40.9375	-8.1375	55.819
40.9375	-8.1125	55.887
40.9375	-8.0875	55.98
40.9375	-8.0625	56.082
40.9375	-8.0375	56.155
40.9375	-8.0125	56.222
40.9375	-7.9875	56.244
40.9375	-7.9625	56.248
40.9375	-7.9375	56.26
40.9375	-7.9125	56.26
40.9375	-7.8875	56.269
40.9375	-7.8625	56.297
40.9375	-7.8375	56.319
40.9375	-7.8125	56.323
40.9375	-7.7875	56.33
40.9375	-7.7625	56.331
40.9375	-7.7375	56.33
40.9375	-7.7125	56.321
40.9375	-7.6875	56.302
40.9375	-7.6625	56.276
40.9375	-7.6375	56.236
40.9375	-7.6125	56.191
40.9375	-7.5875	56.157
40.9375	-7.5625	56.133
40.9375	-7.5375	56.123
40.9375	-7.5125	56.139
40.9375	-7.4875	56.143
40.9375	-7.4625	56.142
40.9375	-7.4375	56.129
40.9375	-7.4125	56.122
40.9375	-7.3875	56.095
40.9375	-7.3625	56.073
40.9375	-7.3375	56.029
40.9375	-7.3125	55.992
40.9375	-7.2875	55.948
40.9375	-7.2625	55.901
40.9375	-7.2375	55.823
40.9375	-7.2125	55.76
40.9375	-7.1875	55.705
40.9375	-7.1625	55.67
40.9375	-7.1375	55.632
40.9375	-7.1125	55.64
40.9375	-7.0875	55.63
40.9375	-7.0625	55.634
40.9375	-7.0375	55.633
40.9375	-7.0125	55.614
40.9375	-6.9875	55.58
40.9375	-6.9625	55.562
40.9375	-6.9375	55.556
40.9375	-6.9125	55.559
40.9375	-6.8875	55.543
40.9375	-6.8625	55.534
40.9375	-6.8375	55.548
40.9375	-6.8125	55.575
40.9375	-6.7875	55.607
40.9375	-6.7625	55.619
40.9375	-6.7375	55.646
40.9375	-6.7125	55.677
40.9375	-6.6875	55.705
40.9375	-6.6625	55.728
40.9375	-6.6375	55.738
40.9375	-6.6125	55.757
40.9375	-6.5875	55.763
40.9375	-6.5625	55.774
40.9375	-6.5375	55.766
40.9375	-6.5125	55.764
40.9375	-6.4875	55.771
40.9375	-6.4625	55.786
40.9375	-6.4375	55.794
40.9375	-6.4125	55.804
40.9375	-6.3875	55.808
40.9375	-6.3625	55.805
40.9375	-6.3375	55.801
40.9375	-6.3125	55.791
40.9375	-6.2875	55.785
40.9375	-6.2625	55.778
40.9375	-6.2375	55.772
40.9375	-6.2125	55.77
40.9375	-6.1875	55.766
40.9375	-6.1625	55.768
40.9375	-6.1375	55.767
40.9375	-6.1125	55.768
40.9375	-6.0875	55.764
40.9375	-6.0625	55.757
40.9375	-6.0375	55.745
40.9375	-6.0125	55.732
40.9375	-5.9875	55.715
40.9625	-10.0125	49.216
40.9625	-9.9875	49.292
40.9625	-9.9625	49.373
40.9625	-9.9375	49.466
40.9625	-9.9125	49.571
40.9625	-9.8875	49.684
40.9625	-9.8625	49.798
40.9625	-9.8375	49.912
40.9625	-9.8125	50.024
40.9625	-9.7875	50.14
40.9625	-9.7625	50.262
40.9625	-9.7375	50.389
40.9625	-9.7125	50.52
40.9625	-9.6875	50.654
40.9625	-9.6625	50.789
40.9625	-9.6375	50.924
40.9625	-9.6125	51.062
40.9625	-9.5875	51.208
40.9625	-9.5625	51.363
40.9625	-9.5375	51.528
40.9625	-9.5125	51.699
40.9625	-9.4875	51.876
40.9625	-9.4625	52.063
40.9625	-9.4375	52.265
40.9625	-9.4125	52.476
40.9625	-9.3875	52.675
40.9625	-9.3625	52.846
40.9625	-9.3375	52.993
40.9625	-9.3125	53.122
40.9625	-9.2875	53.237
40.9625	-9.2625	53.34
40.9625	-9.2375	53.433
40.9625	-9.2125	53.521
40.9625	-9.1875	53.604
40.9625	-9.1625	53.685
40.9625	-9.1375	53.766
40.9625	-9.1125	53.852
40.9625	-9.0875	53.943
40.9625	-9.0625	54.034
40.9625	-9.0375	54.125
40.9625	-9.0125	54.204
40.9625	-8.9875	54.289
40.9625	-8.9625	54.369
40.9625	-8.9375	54.432
40.9625	-8.9125	54.497
40.9625	-8.8875	54.547
40.9625	-8.8625	54.591
40.9625	-8.8375	54.621
40.9625	-8.8125	54.656
40.9625	-8.7875	54.68
40.9625	-8.7625	54.7
40.9625	-8.7375	54.719
40.9625	-8.7125	54.737
40.9625	-8.6875	54.765
40.9625	-8.6625	54.819
40.9625	-8.6375	54.868
40.9625	-8.6125	54.929
40.9625	-8.5875	54.977
40.9625	-8.5625	55.032
40.9625	-8.5375	55.103
40.9625	-8.5125	55.14
40.9625	-8.4875	55.179
40.9625	-8.4625	55.229
40.9625	-8.4375	55.271
40.9625	-8.4125	55.332
40.9625	-8.3875	55.361
40.9625	-8.3625	55.396
40.9625	-8.3375	55.409
40.9625	-8.3125	55.445
40.9625	-8.2875	55.465
40.9625	-8.2625	55.485
40.9625	-8.2375	55.533
40.9625	-8.2125	55.589
40.9625	-8.1875	55.66
40.9625	-8.1625	55.733
40.9625	-8.1375	55.841
40.9625	-8.1125	55.946
40.9625	-8.0875	56.057
40.9625	-8.0625	56.156
40.9625	-8.0375	56.251
40.9625	-8.0125	56.331
40.9625	-7.9875	56.37
40.9625	-7.9625	56.383
40.9625	-7.9375	56.361
40.9625	-7.9125	56.347
40.9625	-7.8875	56.352
40.9625	-7.8625	56.36
40.9625	-7.8375	56.372
40.9625	-7.8125	56.386
40.9625	-7.7875	56.385
40.9625	-7.7625	56.374
40.9625	-7.7375	56.355
40.9625	-7.7125	56.34
40.9625	-7.6875	56.329
40.9625	-7.6625	56.297
40.9625	-7.6375	56.248
40.9625	-7.6125	56.2
40.9625	-7.5875	56.168
40.9625	-7.5625	56.156
40.9625	-7.5375	56.134
40.9625	-7.5125	56.149
40.9625	-7.4875	56.142
40.9625	-7.4625	56.135
40.9625	-7.4375	56.128
40.9625	-7.4125	56.107
40.9625	-7.3875	56.102
40.9625	-7.3625	56.076
40.9625	-7.3375	56.035
40.9625	-7.3125	55.987
40.9625	-7.2875	55.959
40.9625	-7.2625	55.902
40.9625	-7.2375	55.817
40.9625	-7.2125	55.721
40.9625	-7.1875	55.647
40.9625	-7.1625	55.623
40.9625	-7.1375	55.586
40.9625	-7.1125	55.563
40.9625	-7.0875	55.57
40.9625	-7.0625	55.582
40.9625	-7.0375	55.564
40.9625	-7.0125	55.547
40.9625	-6.9875	55.534
40.9625	-6.9625	55.524
40.9625	-6.9375	55.513
40.9625	-6.9125	55.507
40.9625	-6.8875	55.5
40.9625	-6.8625	55.51
40.9625	-6.8375	55.521
40.9625	-6.8125	55.547
40.9625	-6.7875	55.58
40.9625	-6.7625	55.6
40.9625	-6.7375	55.622
40.9625	-6.7125	55.653
40.9625	-6.6875	55.683
40.9625	-6.6625	55.699
40.9625	-6.6375	55.721
40.9625	-6.6125	55.734
40.9625	-6.5875	55.75
40.9625	-6.5625	55.748
40.9625	-6.5375	55.759
40.9625	-6.5125	55.768
40.9625	-6.4875	55.773
40.9625	-6.4625	55.78
40.9625	-6.4375	55.798
40.9625	-6.4125	55.805
40.9625	-6.3875	55.81
40.9625	-6.3625	55.803
40.9625	-6.3375	55.804
40.9625	-6.3125	55.795
40.9625	-6.2875	55.78
40.9625	-6.2625	55.769
40.9625	-6.2375	55.765
40.9625	-6.2125	55.769
40.9625	-6.1875	55.767
40.9625	-6.1625	55.759
40.9625	-6.1375	55.761
40.9625	-6.1125	55.759
40.9625	-6.0875	55.755
40.9625	-6.0625	55.748
40.9625	-6.0375	55.737
40.9625	-6.0125	55.723
40.9625	-5.9875	55.705
40.9875	-10.0125	49.296
40.9875	-9.9875	49.375
40.9875	-9.9625	49.463
40.9875	-9.9375	49.557
40.9875	-9.9125	49.663
40.9875	-9.8875	49.775
40.9875	-9.8625	49.89
40.9875	-9.8375	50.006
40.9875	-9.8125	50.122
40.9875	-9.7875	50.242
40.9875	-9.7625	50.363
40.9875	-9.7375	50.486
40.9875	-9.7125	50.612
40.9875	-9.6875	50.74
40.9875	-9.6625	50.869
40.9875	-9.6375	51.002
40.9875	-9.6125	51.139
40.9875	-9.5875	51.283
40.9875	-9.5625	51.436
40.9875	-9.5375	51.594
40.9875	-9.5125	51.76
40.9875	-9.4875	51.936
40.9875	-9.4625	52.118
40.9875	-9.4375	52.315
40.9875	-9.4125	52.521
40.9875	-9.3875	52.716
40.9875	-9.3625	52.887
40.9875	-9.3375	53.03
40.9875	-9.3125	53.155
40.9875	-9.2875	53.266
40.9875	-9.2625	53.363
40.9875	-9.2375	53.452
40.9875	-9.2125	53.535
40.9875	-9.1875	53.613
40.9875	-9.1625	53.689
40.9875	-9.1375	53.768
40.9875	-9.1125	53.852
40.9875	-9.0875	53.942
40.9875	-9.0625	54.036
40.9875	-9.0375	54.128
40.9875	-9.0125	54.209
40.9875	-8.9875	54.294
40.9875	-8.9625	54.374
40.9875	-8.9375	54.438
40.9875	-8.9125	54.506
40.9875	-8.8875	54.557
40.9875	-8.8625	54.604
40.9875	-8.8375	54.646
40.9875	-8.8125	54.683
40.9875	-8.7875	54.705
40.9875	-8.7625	54.724
40.9875	-8.7375	54.752
40.9875	-8.7125	54.776
40.9875	-8.6875	54.801
40.9875	-8.6625	54.84
40.9875	-8.6375	54.875
40.9875	-8.6125	54.918
40.9875	-8.5875	54.958
40.9875	-8.5625	55.012
40.9875	-8.5375	55.069
40.9875	-8.5125	55.117
40.9875	-8.4875	55.186
40.9875	-8.4625	55.24
40.9875	-8.4375	55.304
40.9875	-8.4125	55.353
40.9875	-8.3875	55.407
40.9875	-8.3625	55.41
40.9875	-8.3375	55.417
40.9875	-8.3125	55.439
40.9875	-8.2875	55.449
40.9875	-8.2625	55.468
40.9875	-8.2375	55.489
40.9875	-8.2125	55.549
40.9875	-8.1875	55.638
40.9875	-8.1625	55.746
40.9875	-8.1375	55.858
40.9875	-8.1125	55.988
40.9875	-8.0875	56.101
40.9875	-8.0625	56.193
40.9875	-8.0375	56.282
40.9875	-8.0125	56.354
40.9875	-7.9875	56.411
40.9875	-7.9625	56.43
40.9875	-7.9375	56.428
40.9875	-7.9125	56.411
40.9875	-7.8875	56.384
40.9875	-7.8625	56.391
40.9875	-7.8375	56.41
40.9875	-7.8125	56.405
40.9875	-7.7875	56.398
40.9875	-7.7625	56.369
40.9875	-7.7375	56.352
40.9875	-7.7125	56.339
40.9875	-7.6875	56.309
40.9875	-7.6625	56.275
40.9875	-7.6375	56.23
40.9875	-7.6125	56.199
40.9875	-7.5875	56.172
40.9875	-7.5625	56.159
40.9875	-7.5375	56.138
40.9875	-7.5125	56.139
40.9875	-7.4875	56.142
40.9875	-7.4625	56.133
40.9875	-7.4375	56.124
40.9875	-7.4125	56.11
40.9875	-7.3875	56.097
40.9875	-7.3625	56.065
40.9875	-7.3375	56.024
40.9875	-7.3125	55.983
40.9875	-7.2875	55.943
40.9875	-7.2625	55.883
40.9875	-7.2375	55.785
40.9875	-7.2125	55.68
40.9875	-7.1875	55.592
40.9875	-7.1625	55.56
40.9875	-7.1375	55.533
40.9875	-7.1125	55.519
40.9875	-7.0875	55.521
40.9875	-7.0625	55.523
40.9875	-7.0375	55.52
40.9875	-7.0125	55.492
40.9875	-6.9875	55.475
40.9875	-6.9625	55.468
40.9875	-6.9375	55.482
40.9875	-6.9125	55.463
40.9875	-6.8875	55.459
40.9875	-6.8625	55.479
40.9875	-6.8375	55.503
40.9875	-6.8125	55.514
40.9875	-6.7875	55.544
40.9875	-6.7625	55.57
40.9875	-6.7375	55.597
40.9875	-6.7125	55.618
40.9875	-6.6875	55.645
40.9875	-6.6625	55.676
40.9875	-6.6375	55.7
40.9875	-6.6125	55.718
40.9875	-6.5875	55.736
40.9875	-6.5625	55.743
40.9875	-6.5375	55.761
40.9875	-6.5125	55.768
40.9875	-6.4875	55.777
40.9875	-6.4625	55.784
40.9875	-6.4375	55.804
40.9875	-6.4125	55.801
40.9875	-6.3875	55.802
40.9875	-6.3625	55.801
40.9875	-6.3375	55.8
40.9875	-6.3125	55.794
40.9875	-6.2875	55.79
40.9875	-6.2625	55.774
40.9875	-6.2375	55.767
40.9875	-6.2125	55.762
40.9875	-6.1875	55.762
40.9875	-6.1625	55.756
40.9875	-6.1375	55.753
40.9875	-6.1125	55.751
40.9875	-6.0875	55.747
40.9875	-6.0625	55.742
40.9875	-6.0375	55.734
40.9875	-6.0125	55.722
40.9875	-5.9875	55.71
41.0125	-10.0125	49.381
41.0125	-9.9875	49.464
41.0125	-9.9625	49.553
41.0125	-9.9375	49.649
41.0125	-9.9125	49.754
41.0125	-9.8875	49.864
41.0125	-9.8625	49.979
41.0125	-9.8375	50.095
41.0125	-9.8125	50.214
41.0125	-9.7875	50.334
41.0125	-9.7625	50.454
41.0125	-9.7375	50.572
41.0125	-9.7125	50.692
41.0125	-9.6875	50.814
41.0125	-9.6625	50.939
41.0125	-9.6375	51.066
41.0125	-9.6125	51.197
41.0125	-9.5875	51.337
41.0125	-9.5625	51.487
41.0125	-9.5375	51.645
41.0125	-9.5125	51.811
41.0125	-9.4875	51.984
41.0125	-9.4625	52.164
41.0125	-9.4375	52.352
41.0125	-9.4125	52.552
41.0125	-9.3875	52.745
41.0125	-9.3625	52.915
41.0125	-9.3375	53.058
41.0125	-9.3125	53.182
41.0125	-9.2875	53.288
41.0125	-9.2625	53.384
41.0125	-9.2375	53.469
41.0125	-9.2125	53.549
41.0125	-9.1875	53.625
41.0125	-9.1625	53.698
41.0125	-9.1375	53.776
41.0125	-9.1125	53.86
41.0125	-9.0875	53.952
41.0125	-9.0625	54.045
41.0125	-9.0375	54.137
41.0125	-9.0125	54.215
41.0125	-8.9875	54.299
41.0125	-8.9625	54.377
41.0125	-8.9375	54.448
41.0125	-8.9125	54.505
41.0125	-8.8875	54.56
41.0125	-8.8625	54.625
41.0125	-8.8375	54.667
41.0125	-8.8125	54.706
41.0125	-8.7875	54.728
41.0125	-8.7625	54.756
41.0125	-8.7375	54.78
41.0125	-8.7125	54.801
41.0125	-8.6875	54.821
41.0125	-8.6625	54.855
41.0125	-8.6375	54.888
41.0125	-8.6125	54.918
41.0125	-8.5875	54.96
41.0125	-8.5625	55.008
41.0125	-8.5375	55.054
41.0125	-8.5125	55.117
41.0125	-8.4875	55.191
41.0125	-8.4625	55.265
41.0125	-8.4375	55.309
41.0125	-8.4125	55.375
41.0125	-8.3875	55.424
41.0125	-8.3625	55.415
41.0125	-8.3375	55.442
41.0125	-8.3125	55.441
41.0125	-8.2875	55.44
41.0125	-8.2625	55.461
41.0125	-8.2375	55.489
41.0125	-8.2125	55.57
41.0125	-8.1875	55.664
41.0125	-8.1625	55.78
41.0125	-8.1375	55.886
41.0125	-8.1125	56.001
41.0125	-8.0875	56.088
41.0125	-8.0625	56.158
41.0125	-8.0375	56.23
41.0125	-8.0125	56.305
41.0125	-7.9875	56.37
41.0125	-7.9625	56.415
41.0125	-7.9375	56.417
41.0125	-7.9125	56.418
41.0125	-7.8875	56.401
41.0125	-7.8625	56.389
41.0125	-7.8375	56.386
41.0125	-7.8125	56.396
41.0125	-7.7875	56.377
41.0125	-7.7625	56.35
41.0125	-7.7375	56.322
41.0125	-7.7125	56.3
41.0125	-7.6875	56.281
41.0125	-7.6625	56.255
41.0125	-7.6375	56.214
41.0125	-7.6125	56.193
41.0125	-7.5875	56.18
41.0125	-7.5625	56.159
41.0125	-7.5375	56.14
41.0125	-7.5125	56.132
41.0125	-7.4875	56.118
41.0125	-7.4625	56.121
41.0125	-7.4375	56.113
41.0125	-7.4125	56.1
41.0125	-7.3875	56.084
41.0125	-7.3625	56.049
41.0125	-7.3375	56.01
41.0125	-7.3125	55.958
41.0125	-7.2875	55.902
41.0125	-7.2625	55.831
41.0125	-7.2375	55.74
41.0125	-7.2125	55.633
41.0125	-7.1875	55.542
41.0125	-7.1625	55.495
41.0125	-7.1375	55.482
41.0125	-7.1125	55.466
41.0125	-7.0875	55.476
41.0125	-7.0625	55.475
41.0125	-7.0375	55.466
41.0125	-7.0125	55.45
41.0125	-6.9875	55.437
41.0125	-6.9625	55.445
41.0125	-6.9375	55.441
41.0125	-6.9125	55.444
41.0125	-6.8875	55.453
41.0125	-6.8625	55.469
41.0125	-6.8375	55.487
41.0125	-6.8125	55.478
41.0125	-6.7875	55.502
41.0125	-6.7625	55.526
41.0125	-6.7375	55.552
41.0125	-6.7125	55.603
41.0125	-6.6875	55.622
41.0125	-6.6625	55.656
41.0125	-6.6375	55.68
41.0125	-6.6125	55.706
41.0125	-6.5875	55.72
41.0125	-6.5625	55.735
41.0125	-6.5375	55.747
41.0125	-6.5125	55.769
41.0125	-6.4875	55.777
41.0125	-6.4625	55.786
41.0125	-6.4375	55.791
41.0125	-6.4125	55.795
41.0125	-6.3875	55.8
41.0125	-6.3625	55.798
41.0125	-6.3375	55.788
41.0125	-6.3125	55.787
41.0125	-6.2875	55.783
41.0125	-6.2625	55.777
41.0125	-6.2375	55.769
41.0125	-6.2125	55.766
41.0125	-6.1875	55.762
41.0125	-6.1625	55.758
41.0125	-6.1375	55.752
41.0125	-6.1125	55.745
41.0125	-6.0875	55.744
41.0125	-6.0625	55.735
41.0125	-6.0375	55.733
41.0125	-6.0125	55.725
41.0125	-5.9875	55.715
41.0375	-10.0125	49.468
41.0375	-9.9875	49.552
41.0375	-9.9625	49.642
41.0375	-9.9375	49.738
41.0375	-9.9125	49.841
41.0375	-9.8875	49.949
41.0375	-9.8625	50.061
41.0375	-9.8375	50.174
41.0375	-9.8125	50.289
41.0375	-9.7875	50.405
41.0375	-9.7625	50.52
41.0375	-9.7375	50.636
41.0375	-9.7125	50.752
41.0375	-9.6875	50.871
41.0375	-9.6625	50.992
41.0375	-9.6375	51.114
41.0375	-9.6125	51.241
41.0375	-9.5875	51.38
41.0375	-9.5625	51.533
41.0375	-9.5375	51.693
41.0375	-9.5125	51.857
41.0375	-9.4875	52.03
41.0375	-9.4625	52.207
41.0375	-9.4375	52.39
41.0375	-9.4125	52.58
41.0375	-9.3875	52.764
41.0375	-9.3625	52.932
41.0375	-9.3375	53.075
41.0375	-9.3125	53.2
41.0375	-9.2875	53.31
41.0375	-9.2625	53.404
41.0375	-9.2375	53.49
41.0375	-9.2125	53.568
41.0375	-9.1875	53.645
41.0375	-9.1625	53.717
41.0375	-9.1375	53.796
41.0375	-9.1125	53.88
41.0375	-9.0875	53.97
41.0375	-9.0625	54.062
41.0375	-9.0375	54.153
41.0375	-9.0125	54.24
41.0375	-8.9875	54.311
41.0375	-8.9625	54.385
41.0375	-8.9375	54.455
41.0375	-8.9125	54.511
41.0375	-8.8875	54.574
41.0375	-8.8625	54.626
41.0375	-8.8375	54.691
41.0375	-8.8125	54.726
41.0375	-8.7875	54.756
41.0375	-8.7625	54.781
41.0375	-8.7375	54.803
41.0375	-8.7125	54.828
41.0375	-8.6875	54.844
41.0375	-8.6625	54.875
41.0375	-8.6375	54.897
41.0375	-8.6125	54.927
41.0375	-8.5875	54.969
41.0375	-8.5625	55.017
41.0375	-8.5375	55.069
41.0375	-8.5125	55.137
41.0375	-8.4875	55.198
41.0375	-8.4625	55.267
41.0375	-8.4375	55.321
41.0375	-8.4125	55.368
41.0375	-8.3875	55.41
41.0375	-8.3625	55.406
41.0375	-8.3375	55.425
41.0375	-8.3125	55.432
41.0375	-8.2875	55.44
41.0375	-8.2625	55.474
41.0375	-8.2375	55.504
41.0375	-8.2125	55.587
41.0375	-8.1875	55.698
41.0375	-8.1625	55.794
41.0375	-8.1375	55.871
41.0375	-8.1125	55.966
41.0375	-8.0875	56.02
41.0375	-8.0625	56.079
41.0375	-8.0375	56.142
41.0375	-8.0125	56.224
41.0375	-7.9875	56.294
41.0375	-7.9625	56.343
41.0375	-7.9375	56.36
41.0375	-7.9125	56.379
41.0375	-7.8875	56.375
41.0375	-7.8625	56.371
41.0375	-7.8375	56.368
41.0375	-7.8125	56.37
41.0375	-7.7875	56.331
41.0375	-7.7625	56.298
41.0375	-7.7375	56.273
41.0375	-7.7125	56.254
41.0375	-7.6875	56.242
41.0375	-7.6625	56.221
41.0375	-7.6375	56.19
41.0375	-7.6125	56.176
41.0375	-7.5875	56.179
41.0375	-7.5625	56.171
41.0375	-7.5375	56.141
41.0375	-7.5125	56.112
41.0375	-7.4875	56.092
41.0375	-7.4625	56.084
41.0375	-7.4375	56.083
41.0375	-7.4125	56.065
41.0375	-7.3875	56.038
41.0375	-7.3625	56.018
41.0375	-7.3375	55.97
41.0375	-7.3125	55.921
41.0375	-7.2875	55.855
41.0375	-7.2625	55.77
41.0375	-7.2375	55.689
41.0375	-7.2125	55.596
41.0375	-7.1875	55.515
41.0375	-7.1625	55.469
41.0375	-7.1375	55.462
41.0375	-7.1125	55.447
41.0375	-7.0875	55.474
41.0375	-7.0625	55.472
41.0375	-7.0375	55.452
41.0375	-7.0125	55.455
41.0375	-6.9875	55.454
41.0375	-6.9625	55.455
41.0375	-6.9375	55.451
41.0375	-6.9125	55.441
41.0375	-6.8875	55.448
41.0375	-6.8625	55.449
41.0375	-6.8375	55.453
41.0375	-6.8125	55.445
41.0375	-6.7875	55.477
41.0375	-6.7625	55.5
41.0375	-6.7375	55.518
41.0375	-6.7125	55.571
41.0375	-6.6875	55.616
41.0375	-6.6625	55.653
41.0375	-6.6375	55.689
41.0375	-6.6125	55.698
41.0375	-6.5875	55.719
41.0375	-6.5625	55.737
41.0375	-6.5375	55.749
41.0375	-6.5125	55.771
41.0375	-6.4875	55.778
41.0375	-6.4625	55.78
41.0375	-6.4375	55.783
41.0375	-6.4125	55.789
41.0375	-6.3875	55.786
41.0375	-6.3625	55.784
41.0375	-6.3375	55.777
41.0375	-6.3125	55.778
41.0375	-6.2875	55.777
41.0375	-6.2625	55.775
41.0375	-6.2375	55.771
41.0375	-6.2125	55.769
41.0375	-6.1875	55.764
41.0375	-6.1625	55.758
41.0375	-6.1375	55.752
41.0375	-6.1125	55.743
41.0375	-6.0875	55.738
41.0375	-6.0625	55.725
41.0375	-6.0375	55.723
41.0375	-6.0125	55.717
41.0375	-5.9875	55.708
41.0625	-10.0125	49.553
41.0625	-9.9875	49.636
41.0625	-9.9625	49.725
41.0625	-9.9375	49.819
41.0625	-9.9125	49.919
41.0625	-9.8875	50.023
41.0625	-9.8625	50.129
41.0625	-9.8375	50.238
41.0625	-9.8125	50.348
41.0625	-9.7875	50.459
41.0625	-9.7625	50.57
41.0625	-9.7375	50.682
41.0625	-9.7125	50.796
41.0625	-9.6875	50.914
41.0625	-9.6625	51.034
41.0625	-9.6375	51.157
41.0625	-9.6125	51.286
41.0625	-9.5875	51.427
41.0625	-9.5625	51.586
41.0625	-9.5375	51.747
41.0625	-9.5125	51.904
41.0625	-9.4875	52.07
41.0625	-9.4625	52.244
41.0625	-9.4375	52.42
41.0625	-9.4125	52.599
41.0625	-9.3875	52.774
41.0625	-9.3625	52.934
41.0625	-9.3375	53.081
41.0625	-9.3125	53.214
41.0625	-9.2875	53.331
41.0625	-9.2625	53.431
41.0625	-9.2375	53.517
41.0625	-9.2125	53.596
41.0625	-9.1875	53.672
41.0625	-9.1625	53.746
41.0625	-9.1375	53.824
41.0625	-9.1125	53.909
41.0625	-9.0875	53.998
41.0625	-9.0625	54.088
41.0625	-9.0375	54.176
41.0625	-9.0125	54.26
41.0625	-8.9875	54.328
41.0625	-8.9625	54.399
41.0625	-8.9375	54.466
41.0625	-8.9125	54.531
41.0625	-8.8875	54.584
41.0625	-8.8625	54.646
41.0625	-8.8375	54.705
41.0625	-8.8125	54.75
41.0625	-8.7875	54.775
41.0625	-8.7625	54.805
41.0625	-8.7375	54.82
41.0625	-8.7125	54.84
41.0625	-8.6875	54.856
41.0625	-8.6625	54.883
41.0625	-8.6375	54.913
41.0625	-8.6125	54.945
41.0625	-8.5875	54.98
41.0625	-8.5625	55.024
41.0625	-8.5375	55.084
41.0625	-8.5125	55.143
41.0625	-8.4875	55.188
41.0625	-8.4625	55.253
41.0625	-8.4375	55.319
41.0625	-8.4125	55.356
41.0625	-8.3875	55.398
41.0625	-8.3625	55.417
41.0625	-8.3375	55.435
41.0625	-8.3125	55.411
41.0625	-8.2875	55.427
41.0625	-8.2625	55.449
41.0625	-8.2375	55.509
41.0625	-8.2125	55.581
41.0625	-8.1875	55.658
41.0625	-8.1625	55.73
41.0625	-8.1375	55.793
41.0625	-8.1125	55.865
41.0625	-8.0875	55.919
41.0625	-8.0625	55.941
41.0625	-8.0375	56.023
41.0625	-8.0125	56.086
41.0625	-7.9875	56.166
41.0625	-7.9625	56.225
41.0625	-7.9375	56.267
41.0625	-7.9125	56.3
41.0625	-7.8875	56.325
41.0625	-7.8625	56.366
41.0625	-7.8375	56.382
41.0625	-7.8125	56.374
41.0625	-7.7875	56.312
41.0625	-7.7625	56.246
41.0625	-7.7375	56.21
41.0625	-7.7125	56.193
41.0625	-7.6875	56.175
41.0625	-7.6625	56.158
41.0625	-7.6375	56.142
41.0625	-7.6125	56.125
41.0625	-7.5875	56.157
41.0625	-7.5625	56.16
41.0625	-7.5375	56.118
41.0625	-7.5125	56.07
41.0625	-7.4875	56.044
41.0625	-7.4625	56.048
41.0625	-7.4375	56.034
41.0625	-7.4125	56.008
41.0625	-7.3875	55.987
41.0625	-7.3625	55.971
41.0625	-7.3375	55.94
41.0625	-7.3125	55.875
41.0625	-7.2875	55.81
41.0625	-7.2625	55.736
41.0625	-7.2375	55.664
41.0625	-7.2125	55.588
41.0625	-7.1875	55.527
41.0625	-7.1625	55.488
41.0625	-7.1375	55.474
41.0625	-7.1125	55.461
41.0625	-7.0875	55.462
41.0625	-7.0625	55.455
41.0625	-7.0375	55.473
41.0625	-7.0125	55.503
41.0625	-6.9875	55.509
41.0625	-6.9625	55.509
41.0625	-6.9375	55.481
41.0625	-6.9125	55.465
41.0625	-6.8875	55.475
41.0625	-6.8625	55.473
41.0625	-6.8375	55.468
41.0625	-6.8125	55.455
41.0625	-6.7875	55.44
41.0625	-6.7625	55.467
41.0625	-6.7375	55.512
41.0625	-6.7125	55.567
41.0625	-6.6875	55.616
41.0625	-6.6625	55.657
41.0625	-6.6375	55.68
41.0625	-6.6125	55.701
41.0625	-6.5875	55.722
41.0625	-6.5625	55.73
41.0625	-6.5375	55.75
41.0625	-6.5125	55.758
41.0625	-6.4875	55.774
41.0625	-6.4625	55.772
41.0625	-6.4375	55.773
41.0625	-6.4125	55.773
41.0625	-6.3875	55.778
41.0625	-6.3625	55.774
41.0625	-6.3375	55.764
41.0625	-6.3125	55.768
41.0625	-6.2875	55.77
41.0625	-6.2625	55.774
41.0625	-6.2375	55.775
41.0625	-6.2125	55.769
41.0625	-6.1875	55.757
41.0625	-6.1625	55.749
41.0625	-6.1375	55.745
41.0625	-6.1125	55.738
41.0625	-6.0875	55.729
41.0625	-6.0625	55.728
41.0625	-6.0375	55.716
41.0625	-6.0125	55.708
41.0625	-5.9875	55.7
41.0875	-10.0125	49.632
41.0875	-9.9875	49.713
41.0875	-9.9625	49.8
41.0875	-9.9375	49.89
41.0875	-9.9125	49.985
41.0875	-9.8875	50.083
41.0875	-9.8625	50.185
41.0875	-9.8375	50.289
41.0875	-9.8125	50.396
41.0875	-9.7875	50.503
41.0875	-9.7625	50.612
41.0875	-9.7375	50.724
41.0875	-9.7125	50.839
41.0875	-9.6875	50.958
41.0875	-9.6625	51.082
41.0875	-9.6375	51.21
41.0875	-9.6125	51.342
41.0875	-9.5875	51.486
41.0875	-9.5625	51.642
41.0875	-9.5375	51.799
41.0875	-9.5125	51.95
41.0875	-9.4875	52.106
41.0875	-9.4625	52.269
41.0875	-9.4375	52.436
41.0875	-9.4125	52.606
41.0875	-9.3875	52.775
41.0875	-9.3625	52.933
41.0875	-9.3375	53.084
41.0875	-9.3125	53.23
41.0875	-9.2875	53.361
41.0875	-9.2625	53.467
41.0875	-9.2375	53.555
41.0875	-9.2125	53.635
41.0875	-9.1875	53.712
41.0875	-9.1625	53.786
41.0875	-9.1375	53.863
41.0875	-9.1125	53.946
41.0875	-9.0875	54.034
41.0875	-9.0625	54.121
41.0875	-9.0375	54.206
41.0875	-9.0125	54.286
41.0875	-8.9875	54.361
41.0875	-8.9625	54.419
41.0875	-8.9375	54.484
41.0875	-8.9125	54.548
41.0875	-8.8875	54.612
41.0875	-8.8625	54.673
41.0875	-8.8375	54.72
41.0875	-8.8125	54.774
41.0875	-8.7875	54.806
41.0875	-8.7625	54.815
41.0875	-8.7375	54.834
41.0875	-8.7125	54.853
41.0875	-8.6875	54.867
41.0875	-8.6625	54.89
41.0875	-8.6375	54.92
41.0875	-8.6125	54.967
41.0875	-8.5875	55.011
41.0875	-8.5625	55.052
41.0875	-8.5375	55.091
41.0875	-8.5125	55.134
41.0875	-8.4875	55.196
41.0875	-8.4625	55.25
41.0875	-8.4375	55.334
41.0875	-8.4125	55.374
41.0875	-8.3875	55.413
41.0875	-8.3625	55.43
41.0875	-8.3375	55.434
41.0875	-8.3125	55.437
41.0875	-8.2875	55.419
41.0875	-8.2625	55.451
41.0875	-8.2375	55.499
41.0875	-8.2125	55.527
41.0875	-8.1875	55.593
41.0875	-8.1625	55.65
41.0875	-8.1375	55.701
41.0875	-8.1125	55.754
41.0875	-8.0875	55.799
41.0875	-8.0625	55.825
41.0875	-8.0375	55.873
41.0875	-8.0125	55.934
41.0875	-7.9875	56.019
41.0875	-7.9625	56.083
41.0875	-7.9375	56.136
41.0875	-7.9125	56.205
41.0875	-7.8875	56.272
41.0875	-7.8625	56.34
41.0875	-7.8375	56.369
41.0875	-7.8125	56.363
41.0875	-7.7875	56.273
41.0875	-7.7625	56.167
41.0875	-7.7375	56.143
41.0875	-7.7125	56.122
41.0875	-7.6875	56.098
41.0875	-7.6625	56.074
41.0875	-7.6375	56.076
41.0875	-7.6125	56.079
41.0875	-7.5875	56.1
41.0875	-7.5625	56.084
41.0875	-7.5375	56.049
41.0875	-7.5125	55.996
41.0875	-7.4875	55.987
41.0875	-7.4625	55.977
41.0875	-7.4375	55.969
41.0875	-7.4125	55.942
41.0875	-7.3875	55.928
41.0875	-7.3625	55.918
41.0875	-7.3375	55.888
41.0875	-7.3125	55.84
41.0875	-7.2875	55.79
41.0875	-7.2625	55.726
41.0875	-7.2375	55.643
41.0875	-7.2125	55.602
41.0875	-7.1875	55.55
41.0875	-7.1625	55.514
41.0875	-7.1375	55.483
41.0875	-7.1125	55.471
41.0875	-7.0875	55.468
41.0875	-7.0625	55.474
41.0875	-7.0375	55.491
41.0875	-7.0125	55.493
41.0875	-6.9875	55.513
41.0875	-6.9625	55.523
41.0875	-6.9375	55.51
41.0875	-6.9125	55.488
41.0875	-6.8875	55.484
41.0875	-6.8625	55.484
41.0875	-6.8375	55.478
41.0875	-6.8125	55.471
41.0875	-6.7875	55.45
41.0875	-6.7625	55.464
41.0875	-6.7375	55.514
41.0875	-6.7125	55.568
41.0875	-6.6875	55.613
41.0875	-6.6625	55.648
41.0875	-6.6375	55.675
41.0875	-6.6125	55.693
41.0875	-6.5875	55.715
41.0875	-6.5625	55.73
41.0875	-6.5375	55.745
41.0875	-6.5125	55.75
41.0875	-6.4875	55.764
41.0875	-6.4625	55.766
41.0875	-6.4375	55.766
41.0875	-6.4125	55.766
41.0875	-6.3875	55.765
41.0875	-6.3625	55.771
41.0875	-6.3375	55.761
41.0875	-6.3125	55.764
41.0875	-6.2875	55.769
41.0875	-6.2625	55.771
41.0875	-6.2375	55.774
41.0875	-6.2125	55.769
41.0875	-6.1875	55.765
41.0875	-6.1625	55.754
41.0875	-6.1375	55.743
41.0875	-6.1125	55.736
41.0875	-6.0875	55.738
41.0875	-6.0625	55.727
41.0875	-6.0375	55.71
41.0875	-6.0125	55.711
41.0875	-5.9875	55.699
41.1125	-10.0125	49.71
41.1125	-9.9875	49.788
41.1125	-9.9625	49.87
41.1125	-9.9375	49.956
41.1125	-9.9125	50.045
41.1125	-9.8875	50.139
41.1125	-9.8625	50.237
41.1125	-9.8375	50.338
41.1125	-9.8125	50.441
41.1125	-9.7875	50.547
41.1125	-9.7625	50.656
41.1125	-9.7375	50.768
41.1125	-9.7125	50.887
41.1125	-9.6875	51.012
41.1125	-9.6625	51.142
41.1125	-9.6375	51.277
41.1125	-9.6125	51.414
41.1125	-9.5875	51.557
41.1125	-9.5625	51.708
41.1125	-9.5375	51.858
41.1125	-9.5125	51.998
41.1125	-9.4875	52.142
41.1125	-9.4625	52.292
41.1125	-9.4375	52.449
41.1125	-9.4125	52.615
41.1125	-9.3875	52.785
41.1125	-9.3625	52.948
41.1125	-9.3375	53.105
41.1125	-9.3125	53.255
41.1125	-9.2875	53.389
41.1125	-9.2625	53.5
41.1125	-9.2375	53.592
41.1125	-9.2125	53.673
41.1125	-9.1875	53.752
41.1125	-9.1625	53.829
41.1125	-9.1375	53.907
41.1125	-9.1125	53.988
41.1125	-9.0875	54.074
41.1125	-9.0625	54.158
41.1125	-9.0375	54.24
41.1125	-9.0125	54.317
41.1125	-8.9875	54.391
41.1125	-8.9625	54.458
41.1125	-8.9375	54.511
41.1125	-8.9125	54.574
41.1125	-8.8875	54.635
41.1125	-8.8625	54.691
41.1125	-8.8375	54.744
41.1125	-8.8125	54.794
41.1125	-8.7875	54.826
41.1125	-8.7625	54.847
41.1125	-8.7375	54.861
41.1125	-8.7125	54.871
41.1125	-8.6875	54.88
41.1125	-8.6625	54.914
41.1125	-8.6375	54.947
41.1125	-8.6125	54.984
41.1125	-8.5875	55.034
41.1125	-8.5625	55.068
41.1125	-8.5375	55.098
41.1125	-8.5125	55.149
41.1125	-8.4875	55.18
41.1125	-8.4625	55.231
41.1125	-8.4375	55.283
41.1125	-8.4125	55.335
41.1125	-8.3875	55.382
41.1125	-8.3625	55.393
41.1125	-8.3375	55.422
41.1125	-8.3125	55.423
41.1125	-8.2875	55.435
41.1125	-8.2625	55.457
41.1125	-8.2375	55.486
41.1125	-8.2125	55.538
41.1125	-8.1875	55.591
41.1125	-8.1625	55.637
41.1125	-8.1375	55.693
41.1125	-8.1125	55.715
41.1125	-8.0875	55.732
41.1125	-8.0625	55.747
41.1125	-8.0375	55.782
41.1125	-8.0125	55.823
41.1125	-7.9875	55.855
41.1125	-7.9625	55.919
41.1125	-7.9375	55.994
41.1125	-7.9125	56.057
41.1125	-7.8875	56.148
41.1125	-7.8625	56.243
41.1125	-7.8375	56.272
41.1125	-7.8125	56.244
41.1125	-7.7875	56.142
41.1125	-7.7625	56.077
41.1125	-7.7375	56.049
41.1125	-7.7125	56.03
41.1125	-7.6875	55.999
41.1125	-7.6625	55.975
41.1125	-7.6375	55.977
41.1125	-7.6125	55.993
41.1125	-7.5875	56
41.1125	-7.5625	55.968
41.1125	-7.5375	55.934
41.1125	-7.5125	55.934
41.1125	-7.4875	55.931
41.1125	-7.4625	55.919
41.1125	-7.4375	55.9
41.1125	-7.4125	55.883
41.1125	-7.3875	55.868
41.1125	-7.3625	55.825
41.1125	-7.3375	55.805
41.1125	-7.3125	55.764
41.1125	-7.2875	55.744
41.1125	-7.2625	55.684
41.1125	-7.2375	55.642
41.1125	-7.2125	55.595
41.1125	-7.1875	55.552
41.1125	-7.1625	55.508
41.1125	-7.1375	55.469
41.1125	-7.1125	55.459
41.1125	-7.0875	55.454
41.1125	-7.0625	55.477
41.1125	-7.0375	55.478
41.1125	-7.0125	55.483
41.1125	-6.9875	55.511
41.1125	-6.9625	55.523
41.1125	-6.9375	55.517
41.1125	-6.9125	55.521
41.1125	-6.8875	55.517
41.1125	-6.8625	55.506
41.1125	-6.8375	55.504
41.1125	-6.8125	55.497
41.1125	-6.7875	55.485
41.1125	-6.7625	55.463
41.1125	-6.7375	55.515
41.1125	-6.7125	55.567
41.1125	-6.6875	55.605
41.1125	-6.6625	55.641
41.1125	-6.6375	55.666
41.1125	-6.6125	55.692
41.1125	-6.5875	55.708
41.1125	-6.5625	55.729
41.1125	-6.5375	55.739
41.1125	-6.5125	55.75
41.1125	-6.4875	55.754
41.1125	-6.4625	55.767
41.1125	-6.4375	55.768
41.1125	-6.4125	55.769
41.1125	-6.3875	55.767
41.1125	-6.3625	55.772
41.1125	-6.3375	55.761
41.1125	-6.3125	55.768
41.1125	-6.2875	55.77
41.1125	-6.2625	55.772
41.1125	-6.2375	55.773
41.1125	-6.2125	55.771
41.1125	-6.1875	55.759
41.1125	-6.1625	55.756
41.1125	-6.1375	55.75
41.1125	-6.1125	55.738
41.1125	-6.0875	55.733
41.1125	-6.0625	55.732
41.1125	-6.0375	55.718
41.1125	-6.0125	55.713
41.1125	-5.9875	55.711
41.1375	-10.0125	49.791
41.1375	-9.9875	49.865
41.1375	-9.9625	49.943
41.1375	-9.9375	50.024
41.1375	-9.9125	50.108
41.1375	-9.8875	50.199
41.1375	-9.8625	50.292
41.1375	-9.8375	50.39
41.1375	-9.8125	50.491
41.1375	-9.7875	50.595
41.1375	-9.7625	50.704
41.1375	-9.7375	50.819
41.1375	-9.7125	50.941
41.1375	-9.6875	51.071
41.1375	-9.6625	51.21
41.1375	-9.6375	51.353
41.1375	-9.6125	51.498
41.1375	-9.5875	51.643
41.1375	-9.5625	51.785
41.1375	-9.5375	51.921
41.1375	-9.5125	52.053
41.1375	-9.4875	52.183
41.1375	-9.4625	52.322
41.1375	-9.4375	52.473
41.1375	-9.4125	52.632
41.1375	-9.3875	52.798
41.1375	-9.3625	52.959
41.1375	-9.3375	53.114
41.1375	-9.3125	53.269
41.1375	-9.2875	53.411
41.1375	-9.2625	53.527
41.1375	-9.2375	53.623
41.1375	-9.2125	53.709
41.1375	-9.1875	53.791
41.1375	-9.1625	53.868
41.1375	-9.1375	53.947
41.1375	-9.1125	54.03
41.1375	-9.0875	54.114
41.1375	-9.0625	54.196
41.1375	-9.0375	54.276
41.1375	-9.0125	54.353
41.1375	-8.9875	54.425
41.1375	-8.9625	54.491
41.1375	-8.9375	54.553
41.1375	-8.9125	54.603
41.1375	-8.8875	54.659
41.1375	-8.8625	54.711
41.1375	-8.8375	54.768
41.1375	-8.8125	54.811
41.1375	-8.7875	54.841
41.1375	-8.7625	54.861
41.1375	-8.7375	54.874
41.1375	-8.7125	54.886
41.1375	-8.6875	54.902
41.1375	-8.6625	54.924
41.1375	-8.6375	54.967
41.1375	-8.6125	55.003
41.1375	-8.5875	55.043
41.1375	-8.5625	55.093
41.1375	-8.5375	55.123
41.1375	-8.5125	55.144
41.1375	-8.4875	55.166
41.1375	-8.4625	55.217
41.1375	-8.4375	55.258
41.1375	-8.4125	55.295
41.1375	-8.3875	55.325
41.1375	-8.3625	55.368
41.1375	-8.3375	55.395
41.1375	-8.3125	55.405
41.1375	-8.2875	55.431
41.1375	-8.2625	55.462
41.1375	-8.2375	55.485
41.1375	-8.2125	55.526
41.1375	-8.1875	55.58
41.1375	-8.1625	55.628
41.1375	-8.1375	55.66
41.1375	-8.1125	55.681
41.1375	-8.0875	55.721
41.1375	-8.0625	55.743
41.1375	-8.0375	55.771
41.1375	-8.0125	55.805
41.1375	-7.9875	55.845
41.1375	-7.9625	55.888
41.1375	-7.9375	55.93
41.1375	-7.9125	55.979
41.1375	-7.8875	56
41.1375	-7.8625	56.08
41.1375	-7.8375	56.088
41.1375	-7.8125	56.061
41.1375	-7.7875	56.011
41.1375	-7.7625	55.977
41.1375	-7.7375	55.949
41.1375	-7.7125	55.936
41.1375	-7.6875	55.895
41.1375	-7.6625	55.881
41.1375	-7.6375	55.86
41.1375	-7.6125	55.901
41.1375	-7.5875	55.904
41.1375	-7.5625	55.85
41.1375	-7.5375	55.856
41.1375	-7.5125	55.867
41.1375	-7.4875	55.855
41.1375	-7.4625	55.874
41.1375	-7.4375	55.862
41.1375	-7.4125	55.833
41.1375	-7.3875	55.799
41.1375	-7.3625	55.748
41.1375	-7.3375	55.714
41.1375	-7.3125	55.71
41.1375	-7.2875	55.681
41.1375	-7.2625	55.664
41.1375	-7.2375	55.62
41.1375	-7.2125	55.583
41.1375	-7.1875	55.57
41.1375	-7.1625	55.508
41.1375	-7.1375	55.464
41.1375	-7.1125	55.445
41.1375	-7.0875	55.462
41.1375	-7.0625	55.466
41.1375	-7.0375	55.486
41.1375	-7.0125	55.516
41.1375	-6.9875	55.531
41.1375	-6.9625	55.526
41.1375	-6.9375	55.521
41.1375	-6.9125	55.531
41.1375	-6.8875	55.518
41.1375	-6.8625	55.532
41.1375	-6.8375	55.545
41.1375	-6.8125	55.544
41.1375	-6.7875	55.516
41.1375	-6.7625	55.495
41.1375	-6.7375	55.527
41.1375	-6.7125	55.574
41.1375	-6.6875	55.605
41.1375	-6.6625	55.634
41.1375	-6.6375	55.671
41.1375	-6.6125	55.688
41.1375	-6.5875	55.701
41.1375	-6.5625	55.721
41.1375	-6.5375	55.737
41.1375	-6.5125	55.751
41.1375	-6.4875	55.751
41.1375	-6.4625	55.767
41.1375	-6.4375	55.771
41.1375	-6.4125	55.773
41.1375	-6.3875	55.772
41.1375	-6.3625	55.76
41.1375	-6.3375	55.768
41.1375	-6.3125	55.77
41.1375	-6.2875	55.772
41.1375	-6.2625	55.774
41.1375	-6.2375	55.771
41.1375	-6.2125	55.771
41.1375	-6.1875	55.763
41.1375	-6.1625	55.759
41.1375	-6.1375	55.748
41.1375	-6.1125	55.748
41.1375	-6.0875	55.735
41.1375	-6.0625	55.739
41.1375	-6.0375	55.733
41.1375	-6.0125	55.721
41.1375	-5.9875	55.717
41.1625	-10.0125	49.878
41.1625	-9.9875	49.949
41.1625	-9.9625	50.023
41.1625	-9.9375	50.1
41.1625	-9.9125	50.181
41.1625	-9.8875	50.267
41.1625	-9.8625	50.357
41.1625	-9.8375	50.451
41.1625	-9.8125	50.549
41.1625	-9.7875	50.651
41.1625	-9.7625	50.758
41.1625	-9.7375	50.872
41.1625	-9.7125	50.997
41.1625	-9.6875	51.133
41.1625	-9.6625	51.276
41.1625	-9.6375	51.428
41.1625	-9.6125	51.578
41.1625	-9.5875	51.723
41.1625	-9.5625	51.857
41.1625	-9.5375	51.984
41.1625	-9.5125	52.11
41.1625	-9.4875	52.231
41.1625	-9.4625	52.36
41.1625	-9.4375	52.501
41.1625	-9.4125	52.655
41.1625	-9.3875	52.814
41.1625	-9.3625	52.967
41.1625	-9.3375	53.121
41.1625	-9.3125	53.276
41.1625	-9.2875	53.419
41.1625	-9.2625	53.539
41.1625	-9.2375	53.643
41.1625	-9.2125	53.735
41.1625	-9.1875	53.821
41.1625	-9.1625	53.902
41.1625	-9.1375	53.982
41.1625	-9.1125	54.065
41.1625	-9.0875	54.149
41.1625	-9.0625	54.231
41.1625	-9.0375	54.31
41.1625	-9.0125	54.386
41.1625	-8.9875	54.459
41.1625	-8.9625	54.525
41.1625	-8.9375	54.576
41.1625	-8.9125	54.633
41.1625	-8.8875	54.685
41.1625	-8.8625	54.744
41.1625	-8.8375	54.788
41.1625	-8.8125	54.822
41.1625	-8.7875	54.857
41.1625	-8.7625	54.876
41.1625	-8.7375	54.887
41.1625	-8.7125	54.9
41.1625	-8.6875	54.914
41.1625	-8.6625	54.949
41.1625	-8.6375	54.981
41.1625	-8.6125	55.03
41.1625	-8.5875	55.069
41.1625	-8.5625	55.096
41.1625	-8.5375	55.128
41.1625	-8.5125	55.155
41.1625	-8.4875	55.178
41.1625	-8.4625	55.208
41.1625	-8.4375	55.253
41.1625	-8.4125	55.284
41.1625	-8.3875	55.318
41.1625	-8.3625	55.323
41.1625	-8.3375	55.352
41.1625	-8.3125	55.388
41.1625	-8.2875	55.434
41.1625	-8.2625	55.478
41.1625	-8.2375	55.495
41.1625	-8.2125	55.509
41.1625	-8.1875	55.525
41.1625	-8.1625	55.561
41.1625	-8.1375	55.601
41.1625	-8.1125	55.656
41.1625	-8.0875	55.731
41.1625	-8.0625	55.789
41.1625	-8.0375	55.815
41.1625	-8.0125	55.843
41.1625	-7.9875	55.88
41.1625	-7.9625	55.92
41.1625	-7.9375	55.944
41.1625	-7.9125	55.967
41.1625	-7.8875	55.97
41.1625	-7.8625	55.958
41.1625	-7.8375	55.963
41.1625	-7.8125	55.941
41.1625	-7.7875	55.899
41.1625	-7.7625	55.887
41.1625	-7.7375	55.909
41.1625	-7.7125	55.897
41.1625	-7.6875	55.845
41.1625	-7.6625	55.821
41.1625	-7.6375	55.837
41.1625	-7.6125	55.84
41.1625	-7.5875	55.857
41.1625	-7.5625	55.83
41.1625	-7.5375	55.803
41.1625	-7.5125	55.81
41.1625	-7.4875	55.84
41.1625	-7.4625	55.846
41.1625	-7.4375	55.833
41.1625	-7.4125	55.788
41.1625	-7.3875	55.744
41.1625	-7.3625	55.713
41.1625	-7.3375	55.706
41.1625	-7.3125	55.716
41.1625	-7.2875	55.712
41.1625	-7.2625	55.692
41.1625	-7.2375	55.662
41.1625	-7.2125	55.645
41.1625	-7.1875	55.624
41.1625	-7.1625	55.569
41.1625	-7.1375	55.496
41.1625	-7.1125	55.456
41.1625	-7.0875	55.474
41.1625	-7.0625	55.502
41.1625	-7.0375	55.514
41.1625	-7.0125	55.529
41.1625	-6.9875	55.536
41.1625	-6.9625	55.547
41.1625	-6.9375	55.563
41.1625	-6.9125	55.565
41.1625	-6.8875	55.552
41.1625	-6.8625	55.561
41.1625	-6.8375	55.565
41.1625	-6.8125	55.577
41.1625	-6.7875	55.57
41.1625	-6.7625	55.562
41.1625	-6.7375	55.563
41.1625	-6.7125	55.58
41.1625	-6.6875	55.615
41.1625	-6.6625	55.645
41.1625	-6.6375	55.678
41.1625	-6.6125	55.699
41.1625	-6.5875	55.708
41.1625	-6.5625	55.718
41.1625	-6.5375	55.734
41.1625	-6.5125	55.74
41.1625	-6.4875	55.751
41.1625	-6.4625	55.758
41.1625	-6.4375	55.776
41.1625	-6.4125	55.777
41.1625	-6.3875	55.778
41.1625	-6.3625	55.768
41.1625	-6.3375	55.765
41.1625	-6.3125	55.773
41.1625	-6.2875	55.773
41.1625	-6.2625	55.78
41.1625	-6.2375	55.778
41.1625	-6.2125	55.776
41.1625	-6.1875	55.77
41.1625	-6.1625	55.762
41.1625	-6.1375	55.751
41.1625	-6.1125	55.747
41.1625	-6.0875	55.748
41.1625	-6.0625	55.75
41.1625	-6.0375	55.741
41.1625	-6.0125	55.745
41.1625	-5.9875	55.732
41.1875	-10.0125	49.975
41.1875	-9.9875	50.043
41.1875	-9.9625	50.114
41.1875	-9.9375	50.188
41.1875	-9.9125	50.265
41.1875	-9.8875	50.348
41.1875	-9.8625	50.435
41.1875	-9.8375	50.525
41.1875	-9.8125	50.617
41.1875	-9.7875	50.714
41.1875	-9.7625	50.818
41.1875	-9.7375	50.931
41.1875	-9.7125	51.056
41.1875	-9.6875	51.192
41.1875	-9.6625	51.339
41.1875	-9.6375	51.493
41.1875	-9.6125	51.646
41.1875	-9.5875	51.791
41.1875	-9.5625	51.922
41.1875	-9.5375	52.044
41.1875	-9.5125	52.159
41.1875	-9.4875	52.275
41.1875	-9.4625	52.398
41.1875	-9.4375	52.532
41.1875	-9.4125	52.678
41.1875	-9.3875	52.829
41.1875	-9.3625	52.979
41.1875	-9.3375	53.129
41.1875	-9.3125	53.28
41.1875	-9.2875	53.422
41.1875	-9.2625	53.549
41.1875	-9.2375	53.658
41.1875	-9.2125	53.756
41.1875	-9.1875	53.847
41.1875	-9.1625	53.932
41.1875	-9.1375	54.014
41.1875	-9.1125	54.097
41.1875	-9.0875	54.18
41.1875	-9.0625	54.261
41.1875	-9.0375	54.339
41.1875	-9.0125	54.412
41.1875	-8.9875	54.474
41.1875	-8.9625	54.539
41.1875	-8.9375	54.598
41.1875	-8.9125	54.653
41.1875	-8.8875	54.703
41.1875	-8.8625	54.746
41.1875	-8.8375	54.794
41.1875	-8.8125	54.823
41.1875	-8.7875	54.855
41.1875	-8.7625	54.871
41.1875	-8.7375	54.895
41.1875	-8.7125	54.911
41.1875	-8.6875	54.926
41.1875	-8.6625	54.958
41.1875	-8.6375	54.991
41.1875	-8.6125	55.023
41.1875	-8.5875	55.068
41.1875	-8.5625	55.102
41.1875	-8.5375	55.137
41.1875	-8.5125	55.184
41.1875	-8.4875	55.197
41.1875	-8.4625	55.229
41.1875	-8.4375	55.259
41.1875	-8.4125	55.3
41.1875	-8.3875	55.318
41.1875	-8.3625	55.306
41.1875	-8.3375	55.296
41.1875	-8.3125	55.347
41.1875	-8.2875	55.402
41.1875	-8.2625	55.464
41.1875	-8.2375	55.501
41.1875	-8.2125	55.501
41.1875	-8.1875	55.498
41.1875	-8.1625	55.513
41.1875	-8.1375	55.551
41.1875	-8.1125	55.628
41.1875	-8.0875	55.722
41.1875	-8.0625	55.804
41.1875	-8.0375	55.85
41.1875	-8.0125	55.876
41.1875	-7.9875	55.901
41.1875	-7.9625	55.937
41.1875	-7.9375	55.973
41.1875	-7.9125	56.013
41.1875	-7.8875	56.025
41.1875	-7.8625	55.987
41.1875	-7.8375	55.953
41.1875	-7.8125	55.921
41.1875	-7.7875	55.874
41.1875	-7.7625	55.846
41.1875	-7.7375	55.869
41.1875	-7.7125	55.888
41.1875	-7.6875	55.887
41.1875	-7.6625	55.879
41.1875	-7.6375	55.879
41.1875	-7.6125	55.908
41.1875	-7.5875	55.889
41.1875	-7.5625	55.862
41.1875	-7.5375	55.807
41.1875	-7.5125	55.806
41.1875	-7.4875	55.819
41.1875	-7.4625	55.801
41.1875	-7.4375	55.789
41.1875	-7.4125	55.726
41.1875	-7.3875	55.692
41.1875	-7.3625	55.713
41.1875	-7.3375	55.73
41.1875	-7.3125	55.736
41.1875	-7.2875	55.729
41.1875	-7.2625	55.72
41.1875	-7.2375	55.706
41.1875	-7.2125	55.692
41.1875	-7.1875	55.666
41.1875	-7.1625	55.622
41.1875	-7.1375	55.537
41.1875	-7.1125	55.475
41.1875	-7.0875	55.465
41.1875	-7.0625	55.474
41.1875	-7.0375	55.486
41.1875	-7.0125	55.513
41.1875	-6.9875	55.531
41.1875	-6.9625	55.55
41.1875	-6.9375	55.565
41.1875	-6.9125	55.576
41.1875	-6.8875	55.584
41.1875	-6.8625	55.592
41.1875	-6.8375	55.606
41.1875	-6.8125	55.629
41.1875	-6.7875	55.63
41.1875	-6.7625	55.634
41.1875	-6.7375	55.629
41.1875	-6.7125	55.641
41.1875	-6.6875	55.637
41.1875	-6.6625	55.673
41.1875	-6.6375	55.695
41.1875	-6.6125	55.715
41.1875	-6.5875	55.716
41.1875	-6.5625	55.727
41.1875	-6.5375	55.74
41.1875	-6.5125	55.737
41.1875	-6.4875	55.753
41.1875	-6.4625	55.762
41.1875	-6.4375	55.769
41.1875	-6.4125	55.781
41.1875	-6.3875	55.775
41.1875	-6.3625	55.784
41.1875	-6.3375	55.769
41.1875	-6.3125	55.769
41.1875	-6.2875	55.779
41.1875	-6.2625	55.778
41.1875	-6.2375	55.774
41.1875	-6.2125	55.776
41.1875	-6.1875	55.769
41.1875	-6.1625	55.765
41.1875	-6.1375	55.755
41.1875	-6.1125	55.754
41.1875	-6.0875	55.749
41.1875	-6.0625	55.75
41.1875	-6.0375	55.754
41.1875	-6.0125	55.753
41.1875	-5.9875	55.752
41.2125	-10.0125	50.08
41.2125	-9.9875	50.146
41.2125	-9.9625	50.215
41.2125	-9.9375	50.287
41.2125	-9.9125	50.364
41.2125	-9.8875	50.443
41.2125	-9.8625	50.527
41.2125	-9.8375	50.61
41.2125	-9.8125	50.697
41.2125	-9.7875	50.787
41.2125	-9.7625	50.885
41.2125	-9.7375	50.994
41.2125	-9.7125	51.114
41.2125	-9.6875	51.248
41.2125	-9.6625	51.394
41.2125	-9.6375	51.546
41.2125	-9.6125	51.695
41.2125	-9.5875	51.836
41.2125	-9.5625	51.965
41.2125	-9.5375	52.081
41.2125	-9.5125	52.191
41.2125	-9.4875	52.306
41.2125	-9.4625	52.428
41.2125	-9.4375	52.556
41.2125	-9.4125	52.691
41.2125	-9.3875	52.836
41.2125	-9.3625	52.982
41.2125	-9.3375	53.131
41.2125	-9.3125	53.287
41.2125	-9.2875	53.439
41.2125	-9.2625	53.573
41.2125	-9.2375	53.688
41.2125	-9.2125	53.79
41.2125	-9.1875	53.884
41.2125	-9.1625	53.969
41.2125	-9.1375	54.051
41.2125	-9.1125	54.132
41.2125	-9.0875	54.213
41.2125	-9.0625	54.289
41.2125	-9.0375	54.363
41.2125	-9.0125	54.422
41.2125	-8.9875	54.488
41.2125	-8.9625	54.55
41.2125	-8.9375	54.606
41.2125	-8.9125	54.657
41.2125	-8.8875	54.702
41.2125	-8.8625	54.743
41.2125	-8.8375	54.778
41.2125	-8.8125	54.806
41.2125	-8.7875	54.84
41.2125	-8.7625	54.865
41.2125	-8.7375	54.88
41.2125	-8.7125	54.912
41.2125	-8.6875	54.938
41.2125	-8.6625	54.957
41.2125	-8.6375	54.99
41.2125	-8.6125	55.012
41.2125	-8.5875	55.041
41.2125	-8.5625	55.097
41.2125	-8.5375	55.145
41.2125	-8.5125	55.182
41.2125	-8.4875	55.215
41.2125	-8.4625	55.231
41.2125	-8.4375	55.267
41.2125	-8.4125	55.294
41.2125	-8.3875	55.292
41.2125	-8.3625	55.258
41.2125	-8.3375	55.236
41.2125	-8.3125	55.271
41.2125	-8.2875	55.348
41.2125	-8.2625	55.415
41.2125	-8.2375	55.469
41.2125	-8.2125	55.478
41.2125	-8.1875	55.478
41.2125	-8.1625	55.503
41.2125	-8.1375	55.55
41.2125	-8.1125	55.602
41.2125	-8.0875	55.675
41.2125	-8.0625	55.765
41.2125	-8.0375	55.831
41.2125	-8.0125	55.868
41.2125	-7.9875	55.894
41.2125	-7.9625	55.961
41.2125	-7.9375	56.024
41.2125	-7.9125	56.071
41.2125	-7.8875	56.082
41.2125	-7.8625	56.042
41.2125	-7.8375	55.984
41.2125	-7.8125	55.931
41.2125	-7.7875	55.877
41.2125	-7.7625	55.854
41.2125	-7.7375	55.887
41.2125	-7.7125	55.895
41.2125	-7.6875	55.927
41.2125	-7.6625	55.939
41.2125	-7.6375	55.958
41.2125	-7.6125	55.963
41.2125	-7.5875	55.95
41.2125	-7.5625	55.911
41.2125	-7.5375	55.859
41.2125	-7.5125	55.837
41.2125	-7.4875	55.828
41.2125	-7.4625	55.764
41.2125	-7.4375	55.719
41.2125	-7.4125	55.708
41.2125	-7.3875	55.706
41.2125	-7.3625	55.715
41.2125	-7.3375	55.715
41.2125	-7.3125	55.736
41.2125	-7.2875	55.74
41.2125	-7.2625	55.747
41.2125	-7.2375	55.735
41.2125	-7.2125	55.712
41.2125	-7.1875	55.677
41.2125	-7.1625	55.626
41.2125	-7.1375	55.535
41.2125	-7.1125	55.477
41.2125	-7.0875	55.462
41.2125	-7.0625	55.469
41.2125	-7.0375	55.488
41.2125	-7.0125	55.511
41.2125	-6.9875	55.525
41.2125	-6.9625	55.554
41.2125	-6.9375	55.574
41.2125	-6.9125	55.592
41.2125	-6.8875	55.6
41.2125	-6.8625	55.612
41.2125	-6.8375	55.638
41.2125	-6.8125	55.666
41.2125	-6.7875	55.693
41.2125	-6.7625	55.71
41.2125	-6.7375	55.712
41.2125	-6.7125	55.698
41.2125	-6.6875	55.678
41.2125	-6.6625	55.716
41.2125	-6.6375	55.734
41.2125	-6.6125	55.735
41.2125	-6.5875	55.732
41.2125	-6.5625	55.738
41.2125	-6.5375	55.747
41.2125	-6.5125	55.753
41.2125	-6.4875	55.754
41.2125	-6.4625	55.771
41.2125	-6.4375	55.772
41.2125	-6.4125	55.773
41.2125	-6.3875	55.784
41.2125	-6.3625	55.783
41.2125	-6.3375	55.768
41.2125	-6.3125	55.765
41.2125	-6.2875	55.762
41.2125	-6.2625	55.766
41.2125	-6.2375	55.76
41.2125	-6.2125	55.774
41.2125	-6.1875	55.77
41.2125	-6.1625	55.772
41.2125	-6.1375	55.769
41.2125	-6.1125	55.766
41.2125	-6.0875	55.759
41.2125	-6.0625	55.76
41.2125	-6.0375	55.76
41.2125	-6.0125	55.762
41.2125	-5.9875	55.765
41.2375	-10.0125	50.193
41.2375	-9.9875	50.259
41.2375	-9.9625	50.327
41.2375	-9.9375	50.398
41.2375	-9.9125	50.473
41.2375	-9.8875	50.55
41.2375	-9.8625	50.629
41.2375	-9.8375	50.708
41.2375	-9.8125	50.788
41.2375	-9.7875	50.872
41.2375	-9.7625	50.963
41.2375	-9.7375	51.064
41.2375	-9.7125	51.176
41.2375	-9.6875	51.301
41.2375	-9.6625	51.436
41.2375	-9.6375	51.575
41.2375	-9.6125	51.717
41.2375	-9.5875	51.851
41.2375	-9.5625	51.981
41.2375	-9.5375	52.1
41.2375	-9.5125	52.213
41.2375	-9.4875	52.33
41.2375	-9.4625	52.451
41.2375	-9.4375	52.571
41.2375	-9.4125	52.696
41.2375	-9.3875	52.835
41.2375	-9.3625	52.977
41.2375	-9.3375	53.127
41.2375	-9.3125	53.286
41.2375	-9.2875	53.444
41.2375	-9.2625	53.584
41.2375	-9.2375	53.707
41.2375	-9.2125	53.817
41.2375	-9.1875	53.915
41.2375	-9.1625	54.003
41.2375	-9.1375	54.085
41.2375	-9.1125	54.163
41.2375	-9.0875	54.24
41.2375	-9.0625	54.313
41.2375	-9.0375	54.37
41.2375	-9.0125	54.433
41.2375	-8.9875	54.491
41.2375	-8.9625	54.545
41.2375	-8.9375	54.599
41.2375	-8.9125	54.637
41.2375	-8.8875	54.686
41.2375	-8.8625	54.726
41.2375	-8.8375	54.76
41.2375	-8.8125	54.79
41.2375	-8.7875	54.813
41.2375	-8.7625	54.839
41.2375	-8.7375	54.873
41.2375	-8.7125	54.898
41.2375	-8.6875	54.928
41.2375	-8.6625	54.96
41.2375	-8.6375	54.98
41.2375	-8.6125	55.006
41.2375	-8.5875	55.047
41.2375	-8.5625	55.097
41.2375	-8.5375	55.138
41.2375	-8.5125	55.182
41.2375	-8.4875	55.213
41.2375	-8.4625	55.228
41.2375	-8.4375	55.251
41.2375	-8.4125	55.252
41.2375	-8.3875	55.246
41.2375	-8.3625	55.23
41.2375	-8.3375	55.203
41.2375	-8.3125	55.231
41.2375	-8.2875	55.294
41.2375	-8.2625	55.384
41.2375	-8.2375	55.442
41.2375	-8.2125	55.478
41.2375	-8.1875	55.495
41.2375	-8.1625	55.534
41.2375	-8.1375	55.584
41.2375	-8.1125	55.604
41.2375	-8.0875	55.675
41.2375	-8.0625	55.717
41.2375	-8.0375	55.78
41.2375	-8.0125	55.805
41.2375	-7.9875	55.886
41.2375	-7.9625	55.952
41.2375	-7.9375	56.032
41.2375	-7.9125	56.097
41.2375	-7.8875	56.123
41.2375	-7.8625	56.093
41.2375	-7.8375	56.029
41.2375	-7.8125	55.965
41.2375	-7.7875	55.919
41.2375	-7.7625	55.899
41.2375	-7.7375	55.913
41.2375	-7.7125	55.926
41.2375	-7.6875	55.956
41.2375	-7.6625	55.982
41.2375	-7.6375	55.992
41.2375	-7.6125	55.996
41.2375	-7.5875	55.974
41.2375	-7.5625	55.94
41.2375	-7.5375	55.881
41.2375	-7.5125	55.868
41.2375	-7.4875	55.844
41.2375	-7.4625	55.802
41.2375	-7.4375	55.749
41.2375	-7.4125	55.715
41.2375	-7.3875	55.688
41.2375	-7.3625	55.698
41.2375	-7.3375	55.705
41.2375	-7.3125	55.718
41.2375	-7.2875	55.729
41.2375	-7.2625	55.745
41.2375	-7.2375	55.732
41.2375	-7.2125	55.711
41.2375	-7.1875	55.667
41.2375	-7.1625	55.605
41.2375	-7.1375	55.532
41.2375	-7.1125	55.482
41.2375	-7.0875	55.468
41.2375	-7.0625	55.505
41.2375	-7.0375	55.508
41.2375	-7.0125	55.512
41.2375	-6.9875	55.518
41.2375	-6.9625	55.541
41.2375	-6.9375	55.567
41.2375	-6.9125	55.583
41.2375	-6.8875	55.602
41.2375	-6.8625	55.62
41.2375	-6.8375	55.65
41.2375	-6.8125	55.685
41.2375	-6.7875	55.73
41.2375	-6.7625	55.749
41.2375	-6.7375	55.766
41.2375	-6.7125	55.765
41.2375	-6.6875	55.762
41.2375	-6.6625	55.765
41.2375	-6.6375	55.766
41.2375	-6.6125	55.766
41.2375	-6.5875	55.743
41.2375	-6.5625	55.746
41.2375	-6.5375	55.75
41.2375	-6.5125	55.758
41.2375	-6.4875	55.763
41.2375	-6.4625	55.762
41.2375	-6.4375	55.771
41.2375	-6.4125	55.769
41.2375	-6.3875	55.77
41.2375	-6.3625	55.77
41.2375	-6.3375	55.776
41.2375	-6.3125	55.769
41.2375	-6.2875	55.764
41.2375	-6.2625	55.764
41.2375	-6.2375	55.767
41.2375	-6.2125	55.776
41.2375	-6.1875	55.785
41.2375	-6.1625	55.785
41.2375	-6.1375	55.782
41.2375	-6.1125	55.779
41.2375	-6.0875	55.777
41.2375	-6.0625	55.768
41.2375	-6.0375	55.774
41.2375	-6.0125	55.776
41.2375	-5.9875	55.774
41.2625	-10.0125	50.309
41.2625	-9.9875	50.377
41.2625	-9.9625	50.446
41.2625	-9.9375	50.517
41.2625	-9.9125	50.591
41.2625	-9.8875	50.666
41.2625	-9.8625	50.741
41.2625	-9.8375	50.817
41.2625	-9.8125	50.892
41.2625	-9.7875	50.97
41.2625	-9.7625	51.052
41.2625	-9.7375	51.143
41.2625	-9.7125	51.243
41.2625	-9.6875	51.353
41.2625	-9.6625	51.473
41.2625	-9.6375	51.597
41.2625	-9.6125	51.725
41.2625	-9.5875	51.854
41.2625	-9.5625	51.981
41.2625	-9.5375	52.103
41.2625	-9.5125	52.22
41.2625	-9.4875	52.341
41.2625	-9.4625	52.464
41.2625	-9.4375	52.579
41.2625	-9.4125	52.695
41.2625	-9.3875	52.823
41.2625	-9.3625	52.958
41.2625	-9.3375	53.105
41.2625	-9.3125	53.26
41.2625	-9.2875	53.416
41.2625	-9.2625	53.556
41.2625	-9.2375	53.681
41.2625	-9.2125	53.804
41.2625	-9.1875	53.916
41.2625	-9.1625	54.014
41.2625	-9.1375	54.101
41.2625	-9.1125	54.179
41.2625	-9.0875	54.254
41.2625	-9.0625	54.323
41.2625	-9.0375	54.375
41.2625	-9.0125	54.431
41.2625	-8.9875	54.48
41.2625	-8.9625	54.527
41.2625	-8.9375	54.566
41.2625	-8.9125	54.612
41.2625	-8.8875	54.649
41.2625	-8.8625	54.696
41.2625	-8.8375	54.723
41.2625	-8.8125	54.756
41.2625	-8.7875	54.779
41.2625	-8.7625	54.802
41.2625	-8.7375	54.842
41.2625	-8.7125	54.884
41.2625	-8.6875	54.924
41.2625	-8.6625	54.959
41.2625	-8.6375	54.998
41.2625	-8.6125	55.031
41.2625	-8.5875	55.062
41.2625	-8.5625	55.106
41.2625	-8.5375	55.152
41.2625	-8.5125	55.175
41.2625	-8.4875	55.186
41.2625	-8.4625	55.207
41.2625	-8.4375	55.222
41.2625	-8.4125	55.242
41.2625	-8.3875	55.243
41.2625	-8.3625	55.23
41.2625	-8.3375	55.24
41.2625	-8.3125	55.251
41.2625	-8.2875	55.31
41.2625	-8.2625	55.365
41.2625	-8.2375	55.423
41.2625	-8.2125	55.476
41.2625	-8.1875	55.514
41.2625	-8.1625	55.575
41.2625	-8.1375	55.623
41.2625	-8.1125	55.65
41.2625	-8.0875	55.655
41.2625	-8.0625	55.689
41.2625	-8.0375	55.737
41.2625	-8.0125	55.789
41.2625	-7.9875	55.849
41.2625	-7.9625	55.944
41.2625	-7.9375	56.019
41.2625	-7.9125	56.093
41.2625	-7.8875	56.119
41.2625	-7.8625	56.086
41.2625	-7.8375	56.045
41.2625	-7.8125	56.023
41.2625	-7.7875	56.002
41.2625	-7.7625	55.967
41.2625	-7.7375	55.978
41.2625	-7.7125	55.981
41.2625	-7.6875	55.991
41.2625	-7.6625	55.993
41.2625	-7.6375	56.002
41.2625	-7.6125	56.007
41.2625	-7.5875	55.984
41.2625	-7.5625	55.946
41.2625	-7.5375	55.903
41.2625	-7.5125	55.889
41.2625	-7.4875	55.86
41.2625	-7.4625	55.818
41.2625	-7.4375	55.768
41.2625	-7.4125	55.721
41.2625	-7.3875	55.674
41.2625	-7.3625	55.678
41.2625	-7.3375	55.684
41.2625	-7.3125	55.693
41.2625	-7.2875	55.707
41.2625	-7.2625	55.707
41.2625	-7.2375	55.688
41.2625	-7.2125	55.677
41.2625	-7.1875	55.645
41.2625	-7.1625	55.594
41.2625	-7.1375	55.534
41.2625	-7.1125	55.493
41.2625	-7.0875	55.477
41.2625	-7.0625	55.531
41.2625	-7.0375	55.553
41.2625	-7.0125	55.555
41.2625	-6.9875	55.586
41.2625	-6.9625	55.597
41.2625	-6.9375	55.595
41.2625	-6.9125	55.605
41.2625	-6.8875	55.637
41.2625	-6.8625	55.666
41.2625	-6.8375	55.702
41.2625	-6.8125	55.73
41.2625	-6.7875	55.77
41.2625	-6.7625	55.79
41.2625	-6.7375	55.808
41.2625	-6.7125	55.832
41.2625	-6.6875	55.829
41.2625	-6.6625	55.833
41.2625	-6.6375	55.834
41.2625	-6.6125	55.824
41.2625	-6.5875	55.804
41.2625	-6.5625	55.792
41.2625	-6.5375	55.753
41.2625	-6.5125	55.743
41.2625	-6.4875	55.759
41.2625	-6.4625	55.752
41.2625	-6.4375	55.75
41.2625	-6.4125	55.754
41.2625	-6.3875	55.761
41.2625	-6.3625	55.761
41.2625	-6.3375	55.763
41.2625	-6.3125	55.764
41.2625	-6.2875	55.774
41.2625	-6.2625	55.777
41.2625	-6.2375	55.785
41.2625	-6.2125	55.785
41.2625	-6.1875	55.789
41.2625	-6.1625	55.79
41.2625	-6.1375	55.789
41.2625	-6.1125	55.786
41.2625	-6.0875	55.783
41.2625	-6.0625	55.783
41.2625	-6.0375	55.785
41.2625	-6.0125	55.785
41.2625	-5.9875	55.783
41.2875	-10.0125	50.423
41.2875	-9.9875	50.495
41.2875	-9.9625	50.566
41.2875	-9.9375	50.64
41.2875	-9.9125	50.714
41.2875	-9.8875	50.788
41.2875	-9.8625	50.862
41.2875	-9.8375	50.934
41.2875	-9.8125	51.005
41.2875	-9.7875	51.077
41.2875	-9.7625	51.152
41.2875	-9.7375	51.231
41.2875	-9.7125	51.318
41.2875	-9.6875	51.414
41.2875	-9.6625	51.517
41.2875	-9.6375	51.627
41.2875	-9.6125	51.744
41.2875	-9.5875	51.863
41.2875	-9.5625	51.983
41.2875	-9.5375	52.101
41.2875	-9.5125	52.219
41.2875	-9.4875	52.341
41.2875	-9.4625	52.463
41.2875	-9.4375	52.577
41.2875	-9.4125	52.683
41.2875	-9.3875	52.8
41.2875	-9.3625	52.929
41.2875	-9.3375	53.071
41.2875	-9.3125	53.22
41.2875	-9.2875	53.37
41.2875	-9.2625	53.511
41.2875	-9.2375	53.644
41.2875	-9.2125	53.778
41.2875	-9.1875	53.907
41.2875	-9.1625	54.017
41.2875	-9.1375	54.109
41.2875	-9.1125	54.19
41.2875	-9.0875	54.263
41.2875	-9.0625	54.319
41.2875	-9.0375	54.375
41.2875	-9.0125	54.423
41.2875	-8.9875	54.463
41.2875	-8.9625	54.493
41.2875	-8.9375	54.534
41.2875	-8.9125	54.565
41.2875	-8.8875	54.601
41.2875	-8.8625	54.635
41.2875	-8.8375	54.673
41.2875	-8.8125	54.715
41.2875	-8.7875	54.736
41.2875	-8.7625	54.775
41.2875	-8.7375	54.821
41.2875	-8.7125	54.866
41.2875	-8.6875	54.917
41.2875	-8.6625	54.963
41.2875	-8.6375	55.017
41.2875	-8.6125	55.058
41.2875	-8.5875	55.099
41.2875	-8.5625	55.126
41.2875	-8.5375	55.143
41.2875	-8.5125	55.16
41.2875	-8.4875	55.173
41.2875	-8.4625	55.167
41.2875	-8.4375	55.208
41.2875	-8.4125	55.226
41.2875	-8.3875	55.247
41.2875	-8.3625	55.253
41.2875	-8.3375	55.277
41.2875	-8.3125	55.297
41.2875	-8.2875	55.351
41.2875	-8.2625	55.395
41.2875	-8.2375	55.445
41.2875	-8.2125	55.506
41.2875	-8.1875	55.554
41.2875	-8.1625	55.61
41.2875	-8.1375	55.651
41.2875	-8.1125	55.68
41.2875	-8.0875	55.676
41.2875	-8.0625	55.688
41.2875	-8.0375	55.739
41.2875	-8.0125	55.79
41.2875	-7.9875	55.846
41.2875	-7.9625	55.941
41.2875	-7.9375	56.012
41.2875	-7.9125	56.07
41.2875	-7.8875	56.097
41.2875	-7.8625	56.103
41.2875	-7.8375	56.096
41.2875	-7.8125	56.079
41.2875	-7.7875	56.046
41.2875	-7.7625	56.014
41.2875	-7.7375	56.021
41.2875	-7.7125	56.024
41.2875	-7.6875	56.019
41.2875	-7.6625	56.012
41.2875	-7.6375	56.008
41.2875	-7.6125	56.004
41.2875	-7.5875	55.99
41.2875	-7.5625	55.943
41.2875	-7.5375	55.94
41.2875	-7.5125	55.92
41.2875	-7.4875	55.891
41.2875	-7.4625	55.854
41.2875	-7.4375	55.796
41.2875	-7.4125	55.746
41.2875	-7.3875	55.683
41.2875	-7.3625	55.672
41.2875	-7.3375	55.681
41.2875	-7.3125	55.687
41.2875	-7.2875	55.674
41.2875	-7.2625	55.65
41.2875	-7.2375	55.653
41.2875	-7.2125	55.644
41.2875	-7.1875	55.634
41.2875	-7.1625	55.601
41.2875	-7.1375	55.561
41.2875	-7.1125	55.516
41.2875	-7.0875	55.5
41.2875	-7.0625	55.533
41.2875	-7.0375	55.571
41.2875	-7.0125	55.609
41.2875	-6.9875	55.631
41.2875	-6.9625	55.632
41.2875	-6.9375	55.629
41.2875	-6.9125	55.647
41.2875	-6.8875	55.681
41.2875	-6.8625	55.693
41.2875	-6.8375	55.719
41.2875	-6.8125	55.766
41.2875	-6.7875	55.807
41.2875	-6.7625	55.826
41.2875	-6.7375	55.856
41.2875	-6.7125	55.872
41.2875	-6.6875	55.888
41.2875	-6.6625	55.902
41.2875	-6.6375	55.901
41.2875	-6.6125	55.89
41.2875	-6.5875	55.867
41.2875	-6.5625	55.847
41.2875	-6.5375	55.813
41.2875	-6.5125	55.79
41.2875	-6.4875	55.762
41.2875	-6.4625	55.737
41.2875	-6.4375	55.746
41.2875	-6.4125	55.747
41.2875	-6.3875	55.76
41.2875	-6.3625	55.761
41.2875	-6.3375	55.776
41.2875	-6.3125	55.78
41.2875	-6.2875	55.788
41.2875	-6.2625	55.789
41.2875	-6.2375	55.8
41.2875	-6.2125	55.801
41.2875	-6.1875	55.803
41.2875	-6.1625	55.796
41.2875	-6.1375	55.798
41.2875	-6.1125	55.799
41.2875	-6.0875	55.806
41.2875	-6.0625	55.806
41.2875	-6.0375	55.8
41.2875	-6.0125	55.797
41.2875	-5.9875	55.794
41.3125	-10.0125	50.531
41.3125	-9.9875	50.606
41.3125	-9.9625	50.683
41.3125	-9.9375	50.76
41.3125	-9.9125	50.838
41.3125	-9.8875	50.914
41.3125	-9.8625	50.986
41.3125	-9.8375	51.057
41.3125	-9.8125	51.125
41.3125	-9.7875	51.193
41.3125	-9.7625	51.261
41.3125	-9.7375	51.33
41.3125	-9.7125	51.405
41.3125	-9.6875	51.487
41.3125	-9.6625	51.577
41.3125	-9.6375	51.674
41.3125	-9.6125	51.779
41.3125	-9.5875	51.887
41.3125	-9.5625	51.996
41.3125	-9.5375	52.106
41.3125	-9.5125	52.22
41.3125	-9.4875	52.339
41.3125	-9.4625	52.458
41.3125	-9.4375	52.565
41.3125	-9.4125	52.666
41.3125	-9.3875	52.777
41.3125	-9.3625	52.901
41.3125	-9.3375	53.036
41.3125	-9.3125	53.181
41.3125	-9.2875	53.328
41.3125	-9.2625	53.473
41.3125	-9.2375	53.613
41.3125	-9.2125	53.756
41.3125	-9.1875	53.898
41.3125	-9.1625	54.02
41.3125	-9.1375	54.121
41.3125	-9.1125	54.204
41.3125	-9.0875	54.275
41.3125	-9.0625	54.326
41.3125	-9.0375	54.377
41.3125	-9.0125	54.419
41.3125	-8.9875	54.442
41.3125	-8.9625	54.474
41.3125	-8.9375	54.497
41.3125	-8.9125	54.531
41.3125	-8.8875	54.562
41.3125	-8.8625	54.596
41.3125	-8.8375	54.629
41.3125	-8.8125	54.671
41.3125	-8.7875	54.713
41.3125	-8.7625	54.746
41.3125	-8.7375	54.799
41.3125	-8.7125	54.856
41.3125	-8.6875	54.913
41.3125	-8.6625	54.975
41.3125	-8.6375	55.032
41.3125	-8.6125	55.069
41.3125	-8.5875	55.109
41.3125	-8.5625	55.118
41.3125	-8.5375	55.133
41.3125	-8.5125	55.13
41.3125	-8.4875	55.124
41.3125	-8.4625	55.136
41.3125	-8.4375	55.167
41.3125	-8.4125	55.203
41.3125	-8.3875	55.235
41.3125	-8.3625	55.261
41.3125	-8.3375	55.294
41.3125	-8.3125	55.342
41.3125	-8.2875	55.396
41.3125	-8.2625	55.435
41.3125	-8.2375	55.48
41.3125	-8.2125	55.531
41.3125	-8.1875	55.58
41.3125	-8.1625	55.638
41.3125	-8.1375	55.685
41.3125	-8.1125	55.704
41.3125	-8.0875	55.722
41.3125	-8.0625	55.725
41.3125	-8.0375	55.749
41.3125	-8.0125	55.795
41.3125	-7.9875	55.851
41.3125	-7.9625	55.933
41.3125	-7.9375	56
41.3125	-7.9125	56.043
41.3125	-7.8875	56.095
41.3125	-7.8625	56.126
41.3125	-7.8375	56.14
41.3125	-7.8125	56.135
41.3125	-7.7875	56.103
41.3125	-7.7625	56.064
41.3125	-7.7375	56.061
41.3125	-7.7125	56.045
41.3125	-7.6875	56.04
41.3125	-7.6625	56.016
41.3125	-7.6375	56.006
41.3125	-7.6125	55.999
41.3125	-7.5875	56
41.3125	-7.5625	55.979
41.3125	-7.5375	55.944
41.3125	-7.5125	55.941
41.3125	-7.4875	55.913
41.3125	-7.4625	55.893
41.3125	-7.4375	55.846
41.3125	-7.4125	55.779
41.3125	-7.3875	55.715
41.3125	-7.3625	55.679
41.3125	-7.3375	55.67
41.3125	-7.3125	55.666
41.3125	-7.2875	55.652
41.3125	-7.2625	55.617
41.3125	-7.2375	55.616
41.3125	-7.2125	55.62
41.3125	-7.1875	55.611
41.3125	-7.1625	55.607
41.3125	-7.1375	55.587
41.3125	-7.1125	55.549
41.3125	-7.0875	55.535
41.3125	-7.0625	55.541
41.3125	-7.0375	55.582
41.3125	-7.0125	55.625
41.3125	-6.9875	55.652
41.3125	-6.9625	55.667
41.3125	-6.9375	55.674
41.3125	-6.9125	55.68
41.3125	-6.8875	55.707
41.3125	-6.8625	55.727
41.3125	-6.8375	55.747
41.3125	-6.8125	55.801
41.3125	-6.7875	55.852
41.3125	-6.7625	55.881
41.3125	-6.7375	55.91
41.3125	-6.7125	55.922
41.3125	-6.6875	55.947
41.3125	-6.6625	55.964
41.3125	-6.6375	55.966
41.3125	-6.6125	55.95
41.3125	-6.5875	55.924
41.3125	-6.5625	55.897
41.3125	-6.5375	55.867
41.3125	-6.5125	55.829
41.3125	-6.4875	55.804
41.3125	-6.4625	55.766
41.3125	-6.4375	55.76
41.3125	-6.4125	55.77
41.3125	-6.3875	55.776
41.3125	-6.3625	55.774
41.3125	-6.3375	55.794
41.3125	-6.3125	55.798
41.3125	-6.2875	55.812
41.3125	-6.2625	55.808
41.3125	-6.2375	55.807
41.3125	-6.2125	55.81
41.3125	-6.1875	55.819
41.3125	-6.1625	55.813
41.3125	-6.1375	55.814
41.3125	-6.1125	55.814
41.3125	-6.0875	55.812
41.3125	-6.0625	55.822
41.3125	-6.0375	55.819
41.3125	-6.0125	55.813
41.3125	-5.9875	55.804
41.3375	-10.0125	50.63
41.3375	-9.9875	50.711
41.3375	-9.9625	50.793
41.3375	-9.9375	50.876
41.3375	-9.9125	50.96
41.3375	-9.8875	51.037
41.3375	-9.8625	51.111
41.3375	-9.8375	51.181
41.3375	-9.8125	51.249
41.3375	-9.7875	51.315
41.3375	-9.7625	51.379
41.3375	-9.7375	51.441
41.3375	-9.7125	51.506
41.3375	-9.6875	51.576
41.3375	-9.6625	51.653
41.3375	-9.6375	51.737
41.3375	-9.6125	51.829
41.3375	-9.5875	51.926
41.3375	-9.5625	52.025
41.3375	-9.5375	52.127
41.3375	-9.5125	52.234
41.3375	-9.4875	52.347
41.3375	-9.4625	52.458
41.3375	-9.4375	52.561
41.3375	-9.4125	52.657
41.3375	-9.3875	52.761
41.3375	-9.3625	52.878
41.3375	-9.3375	53.008
41.3375	-9.3125	53.15
41.3375	-9.2875	53.298
41.3375	-9.2625	53.447
41.3375	-9.2375	53.594
41.3375	-9.2125	53.741
41.3375	-9.1875	53.895
41.3375	-9.1625	54.025
41.3375	-9.1375	54.133
41.3375	-9.1125	54.218
41.3375	-9.0875	54.278
41.3375	-9.0625	54.333
41.3375	-9.0375	54.381
41.3375	-9.0125	54.417
41.3375	-8.9875	54.435
41.3375	-8.9625	54.462
41.3375	-8.9375	54.477
41.3375	-8.9125	54.495
41.3375	-8.8875	54.518
41.3375	-8.8625	54.55
41.3375	-8.8375	54.59
41.3375	-8.8125	54.638
41.3375	-8.7875	54.686
41.3375	-8.7625	54.733
41.3375	-8.7375	54.801
41.3375	-8.7125	54.87
41.3375	-8.6875	54.929
41.3375	-8.6625	54.979
41.3375	-8.6375	55.032
41.3375	-8.6125	55.06
41.3375	-8.5875	55.081
41.3375	-8.5625	55.09
41.3375	-8.5375	55.088
41.3375	-8.5125	55.078
41.3375	-8.4875	55.072
41.3375	-8.4625	55.078
41.3375	-8.4375	55.121
41.3375	-8.4125	55.164
41.3375	-8.3875	55.207
41.3375	-8.3625	55.245
41.3375	-8.3375	55.296
41.3375	-8.3125	55.356
41.3375	-8.2875	55.402
41.3375	-8.2625	55.464
41.3375	-8.2375	55.508
41.3375	-8.2125	55.551
41.3375	-8.1875	55.599
41.3375	-8.1625	55.66
41.3375	-8.1375	55.712
41.3375	-8.1125	55.741
41.3375	-8.0875	55.772
41.3375	-8.0625	55.791
41.3375	-8.0375	55.813
41.3375	-8.0125	55.829
41.3375	-7.9875	55.873
41.3375	-7.9625	55.911
41.3375	-7.9375	55.988
41.3375	-7.9125	56.028
41.3375	-7.8875	56.064
41.3375	-7.8625	56.125
41.3375	-7.8375	56.153
41.3375	-7.8125	56.182
41.3375	-7.7875	56.169
41.3375	-7.7625	56.143
41.3375	-7.7375	56.112
41.3375	-7.7125	56.095
41.3375	-7.6875	56.081
41.3375	-7.6625	56.041
41.3375	-7.6375	56.017
41.3375	-7.6125	56.011
41.3375	-7.5875	56.011
41.3375	-7.5625	56.014
41.3375	-7.5375	55.99
41.3375	-7.5125	55.975
41.3375	-7.4875	55.958
41.3375	-7.4625	55.928
41.3375	-7.4375	55.868
41.3375	-7.4125	55.805
41.3375	-7.3875	55.746
41.3375	-7.3625	55.708
41.3375	-7.3375	55.668
41.3375	-7.3125	55.647
41.3375	-7.2875	55.639
41.3375	-7.2625	55.608
41.3375	-7.2375	55.596
41.3375	-7.2125	55.612
41.3375	-7.1875	55.616
41.3375	-7.1625	55.608
41.3375	-7.1375	55.594
41.3375	-7.1125	55.576
41.3375	-7.0875	55.576
41.3375	-7.0625	55.56
41.3375	-7.0375	55.595
41.3375	-7.0125	55.638
41.3375	-6.9875	55.673
41.3375	-6.9625	55.688
41.3375	-6.9375	55.699
41.3375	-6.9125	55.711
41.3375	-6.8875	55.75
41.3375	-6.8625	55.793
41.3375	-6.8375	55.821
41.3375	-6.8125	55.866
41.3375	-6.7875	55.918
41.3375	-6.7625	55.938
41.3375	-6.7375	55.955
41.3375	-6.7125	55.972
41.3375	-6.6875	55.991
41.3375	-6.6625	56.006
41.3375	-6.6375	56
41.3375	-6.6125	55.989
41.3375	-6.5875	55.966
41.3375	-6.5625	55.943
41.3375	-6.5375	55.907
41.3375	-6.5125	55.867
41.3375	-6.4875	55.832
41.3375	-6.4625	55.797
41.3375	-6.4375	55.778
41.3375	-6.4125	55.777
41.3375	-6.3875	55.774
41.3375	-6.3625	55.783
41.3375	-6.3375	55.795
41.3375	-6.3125	55.803
41.3375	-6.2875	55.815
41.3375	-6.2625	55.811
41.3375	-6.2375	55.823
41.3375	-6.2125	55.825
41.3375	-6.1875	55.819
41.3375	-6.1625	55.83
41.3375	-6.1375	55.842
41.3375	-6.1125	55.834
41.3375	-6.0875	55.835
41.3375	-6.0625	55.834
41.3375	-6.0375	55.828
41.3375	-6.0125	55.827
41.3375	-5.9875	55.814
41.3625	-10.0125	50.726
41.3625	-9.9875	50.809
41.3625	-9.9625	50.896
41.3625	-9.9375	50.984
41.3625	-9.9125	51.073
41.3625	-9.8875	51.155
41.3625	-9.8625	51.231
41.3625	-9.8375	51.305
41.3625	-9.8125	51.376
41.3625	-9.7875	51.444
41.3625	-9.7625	51.506
41.3625	-9.7375	51.564
41.3625	-9.7125	51.622
41.3625	-9.6875	51.681
41.3625	-9.6625	51.745
41.3625	-9.6375	51.816
41.3625	-9.6125	51.896
41.3625	-9.5875	51.982
41.3625	-9.5625	52.072
41.3625	-9.5375	52.167
41.3625	-9.5125	52.268
41.3625	-9.4875	52.372
41.3625	-9.4625	52.477
41.3625	-9.4375	52.572
41.3625	-9.4125	52.663
41.3625	-9.3875	52.76
41.3625	-9.3625	52.872
41.3625	-9.3375	53.001
41.3625	-9.3125	53.144
41.3625	-9.2875	53.294
41.3625	-9.2625	53.448
41.3625	-9.2375	53.602
41.3625	-9.2125	53.752
41.3625	-9.1875	53.901
41.3625	-9.1625	54.042
41.3625	-9.1375	54.15
41.3625	-9.1125	54.235
41.3625	-9.0875	54.29
41.3625	-9.0625	54.343
41.3625	-9.0375	54.388
41.3625	-9.0125	54.422
41.3625	-8.9875	54.437
41.3625	-8.9625	54.459
41.3625	-8.9375	54.47
41.3625	-8.9125	54.483
41.3625	-8.8875	54.502
41.3625	-8.8625	54.539
41.3625	-8.8375	54.578
41.3625	-8.8125	54.627
41.3625	-8.7875	54.695
41.3625	-8.7625	54.772
41.3625	-8.7375	54.847
41.3625	-8.7125	54.895
41.3625	-8.6875	54.941
41.3625	-8.6625	54.993
41.3625	-8.6375	55.019
41.3625	-8.6125	55.048
41.3625	-8.5875	55.055
41.3625	-8.5625	55.056
41.3625	-8.5375	55.051
41.3625	-8.5125	55.043
41.3625	-8.4875	55.033
41.3625	-8.4625	55.044
41.3625	-8.4375	55.056
41.3625	-8.4125	55.108
41.3625	-8.3875	55.151
41.3625	-8.3625	55.194
41.3625	-8.3375	55.263
41.3625	-8.3125	55.332
41.3625	-8.2875	55.385
41.3625	-8.2625	55.451
41.3625	-8.2375	55.509
41.3625	-8.2125	55.557
41.3625	-8.1875	55.611
41.3625	-8.1625	55.685
41.3625	-8.1375	55.753
41.3625	-8.1125	55.805
41.3625	-8.0875	55.853
41.3625	-8.0625	55.88
41.3625	-8.0375	55.898
41.3625	-8.0125	55.89
41.3625	-7.9875	55.894
41.3625	-7.9625	55.923
41.3625	-7.9375	55.96
41.3625	-7.9125	56.026
41.3625	-7.8875	56.066
41.3625	-7.8625	56.117
41.3625	-7.8375	56.183
41.3625	-7.8125	56.21
41.3625	-7.7875	56.225
41.3625	-7.7625	56.205
41.3625	-7.7375	56.176
41.3625	-7.7125	56.125
41.3625	-7.6875	56.109
41.3625	-7.6625	56.083
41.3625	-7.6375	56.059
41.3625	-7.6125	56.053
41.3625	-7.5875	56.054
41.3625	-7.5625	56.05
41.3625	-7.5375	56.029
41.3625	-7.5125	56.014
41.3625	-7.4875	55.986
41.3625	-7.4625	55.945
41.3625	-7.4375	55.889
41.3625	-7.4125	55.829
41.3625	-7.3875	55.791
41.3625	-7.3625	55.766
41.3625	-7.3375	55.723
41.3625	-7.3125	55.69
41.3625	-7.2875	55.664
41.3625	-7.2625	55.628
41.3625	-7.2375	55.593
41.3625	-7.2125	55.594
41.3625	-7.1875	55.589
41.3625	-7.1625	55.59
41.3625	-7.1375	55.597
41.3625	-7.1125	55.605
41.3625	-7.0875	55.602
41.3625	-7.0625	55.603
41.3625	-7.0375	55.632
41.3625	-7.0125	55.663
41.3625	-6.9875	55.723
41.3625	-6.9625	55.75
41.3625	-6.9375	55.754
41.3625	-6.9125	55.759
41.3625	-6.8875	55.809
41.3625	-6.8625	55.861
41.3625	-6.8375	55.895
41.3625	-6.8125	55.93
41.3625	-6.7875	55.976
41.3625	-6.7625	56.01
41.3625	-6.7375	56.032
41.3625	-6.7125	56.039
41.3625	-6.6875	56.046
41.3625	-6.6625	56.036
41.3625	-6.6375	56.036
41.3625	-6.6125	56.026
41.3625	-6.5875	56.001
41.3625	-6.5625	55.973
41.3625	-6.5375	55.935
41.3625	-6.5125	55.891
41.3625	-6.4875	55.847
41.3625	-6.4625	55.816
41.3625	-6.4375	55.799
41.3625	-6.4125	55.782
41.3625	-6.3875	55.777
41.3625	-6.3625	55.787
41.3625	-6.3375	55.797
41.3625	-6.3125	55.813
41.3625	-6.2875	55.815
41.3625	-6.2625	55.818
41.3625	-6.2375	55.827
41.3625	-6.2125	55.831
41.3625	-6.1875	55.835
41.3625	-6.1625	55.841
41.3625	-6.1375	55.844
41.3625	-6.1125	55.857
41.3625	-6.0875	55.858
41.3625	-6.0625	55.851
41.3625	-6.0375	55.844
41.3625	-6.0125	55.83
41.3625	-5.9875	55.832
41.3875	-10.0125	50.819
41.3875	-9.9875	50.903
41.3875	-9.9625	50.993
41.3875	-9.9375	51.085
41.3875	-9.9125	51.177
41.3875	-9.8875	51.263
41.3875	-9.8625	51.345
41.3875	-9.8375	51.425
41.3875	-9.8125	51.502
41.3875	-9.7875	51.576
41.3875	-9.7625	51.641
41.3875	-9.7375	51.698
41.3875	-9.7125	51.752
41.3875	-9.6875	51.805
41.3875	-9.6625	51.858
41.3875	-9.6375	51.918
41.3875	-9.6125	51.986
41.3875	-9.5875	52.061
41.3875	-9.5625	52.141
41.3875	-9.5375	52.228
41.3875	-9.5125	52.322
41.3875	-9.4875	52.421
41.3875	-9.4625	52.52
41.3875	-9.4375	52.614
41.3875	-9.4125	52.701
41.3875	-9.3875	52.792
41.3875	-9.3625	52.901
41.3875	-9.3375	53.029
41.3875	-9.3125	53.177
41.3875	-9.2875	53.335
41.3875	-9.2625	53.495
41.3875	-9.2375	53.648
41.3875	-9.2125	53.796
41.3875	-9.1875	53.94
41.3875	-9.1625	54.077
41.3875	-9.1375	54.18
41.3875	-9.1125	54.258
41.3875	-9.0875	54.308
41.3875	-9.0625	54.358
41.3875	-9.0375	54.4
41.3875	-9.0125	54.433
41.3875	-8.9875	54.448
41.3875	-8.9625	54.469
41.3875	-8.9375	54.48
41.3875	-8.9125	54.502
41.3875	-8.8875	54.52
41.3875	-8.8625	54.548
41.3875	-8.8375	54.598
41.3875	-8.8125	54.653
41.3875	-8.7875	54.739
41.3875	-8.7625	54.826
41.3875	-8.7375	54.893
41.3875	-8.7125	54.938
41.3875	-8.6875	54.968
41.3875	-8.6625	54.994
41.3875	-8.6375	55.018
41.3875	-8.6125	55.027
41.3875	-8.5875	55.032
41.3875	-8.5625	55.032
41.3875	-8.5375	55.026
41.3875	-8.5125	55.023
41.3875	-8.4875	55.014
41.3875	-8.4625	55.027
41.3875	-8.4375	55.055
41.3875	-8.4125	55.087
41.3875	-8.3875	55.135
41.3875	-8.3625	55.179
41.3875	-8.3375	55.245
41.3875	-8.3125	55.318
41.3875	-8.2875	55.395
41.3875	-8.2625	55.441
41.3875	-8.2375	55.487
41.3875	-8.2125	55.549
41.3875	-8.1875	55.609
41.3875	-8.1625	55.69
41.3875	-8.1375	55.774
41.3875	-8.1125	55.854
41.3875	-8.0875	55.912
41.3875	-8.0625	55.955
41.3875	-8.0375	55.959
41.3875	-8.0125	55.938
41.3875	-7.9875	55.936
41.3875	-7.9625	55.948
41.3875	-7.9375	55.987
41.3875	-7.9125	56.036
41.3875	-7.8875	56.075
41.3875	-7.8625	56.135
41.3875	-7.8375	56.186
41.3875	-7.8125	56.224
41.3875	-7.7875	56.253
41.3875	-7.7625	56.254
41.3875	-7.7375	56.222
41.3875	-7.7125	56.177
41.3875	-7.6875	56.134
41.3875	-7.6625	56.136
41.3875	-7.6375	56.129
41.3875	-7.6125	56.118
41.3875	-7.5875	56.109
41.3875	-7.5625	56.102
41.3875	-7.5375	56.085
41.3875	-7.5125	56.052
41.3875	-7.4875	56.006
41.3875	-7.4625	55.966
41.3875	-7.4375	55.927
41.3875	-7.4125	55.885
41.3875	-7.3875	55.86
41.3875	-7.3625	55.827
41.3875	-7.3375	55.787
41.3875	-7.3125	55.77
41.3875	-7.2875	55.722
41.3875	-7.2625	55.656
41.3875	-7.2375	55.616
41.3875	-7.2125	55.58
41.3875	-7.1875	55.556
41.3875	-7.1625	55.564
41.3875	-7.1375	55.595
41.3875	-7.1125	55.628
41.3875	-7.0875	55.642
41.3875	-7.0625	55.653
41.3875	-7.0375	55.675
41.3875	-7.0125	55.741
41.3875	-6.9875	55.787
41.3875	-6.9625	55.818
41.3875	-6.9375	55.831
41.3875	-6.9125	55.847
41.3875	-6.8875	55.889
41.3875	-6.8625	55.922
41.3875	-6.8375	55.952
41.3875	-6.8125	55.974
41.3875	-6.7875	56.018
41.3875	-6.7625	56.069
41.3875	-6.7375	56.083
41.3875	-6.7125	56.094
41.3875	-6.6875	56.084
41.3875	-6.6625	56.073
41.3875	-6.6375	56.078
41.3875	-6.6125	56.067
41.3875	-6.5875	56.031
41.3875	-6.5625	56.003
41.3875	-6.5375	55.958
41.3875	-6.5125	55.911
41.3875	-6.4875	55.869
41.3875	-6.4625	55.856
41.3875	-6.4375	55.84
41.3875	-6.4125	55.819
41.3875	-6.3875	55.808
41.3875	-6.3625	55.806
41.3875	-6.3375	55.812
41.3875	-6.3125	55.816
41.3875	-6.2875	55.813
41.3875	-6.2625	55.831
41.3875	-6.2375	55.838
41.3875	-6.2125	55.843
41.3875	-6.1875	55.849
41.3875	-6.1625	55.857
41.3875	-6.1375	55.87
41.3875	-6.1125	55.872
41.3875	-6.0875	55.867
41.3875	-6.0625	55.868
41.3875	-6.0375	55.856
41.3875	-6.0125	55.851
41.3875	-5.9875	55.835
41.4125	-10.0125	50.909
41.4125	-9.9875	50.994
41.4125	-9.9625	51.084
41.4125	-9.9375	51.177
41.4125	-9.9125	51.271
41.4125	-9.8875	51.362
41.4125	-9.8625	51.449
41.4125	-9.8375	51.537
41.4125	-9.8125	51.622
41.4125	-9.7875	51.703
41.4125	-9.7625	51.774
41.4125	-9.7375	51.835
41.4125	-9.7125	51.888
41.4125	-9.6875	51.938
41.4125	-9.6625	51.985
41.4125	-9.6375	52.039
41.4125	-9.6125	52.099
41.4125	-9.5875	52.162
41.4125	-9.5625	52.234
41.4125	-9.5375	52.313
41.4125	-9.5125	52.401
41.4125	-9.4875	52.496
41.4125	-9.4625	52.594
41.4125	-9.4375	52.688
41.4125	-9.4125	52.78
41.4125	-9.3875	52.866
41.4125	-9.3625	52.971
41.4125	-9.3375	53.096
41.4125	-9.3125	53.246
41.4125	-9.2875	53.416
41.4125	-9.2625	53.578
41.4125	-9.2375	53.727
41.4125	-9.2125	53.868
41.4125	-9.1875	54.003
41.4125	-9.1625	54.123
41.4125	-9.1375	54.217
41.4125	-9.1125	54.286
41.4125	-9.0875	54.331
41.4125	-9.0625	54.378
41.4125	-9.0375	54.419
41.4125	-9.0125	54.451
41.4125	-8.9875	54.469
41.4125	-8.9625	54.494
41.4125	-8.9375	54.507
41.4125	-8.9125	54.532
41.4125	-8.8875	54.552
41.4125	-8.8625	54.593
41.4125	-8.8375	54.636
41.4125	-8.8125	54.704
41.4125	-8.7875	54.794
41.4125	-8.7625	54.87
41.4125	-8.7375	54.932
41.4125	-8.7125	54.971
41.4125	-8.6875	54.997
41.4125	-8.6625	55.002
41.4125	-8.6375	55.008
41.4125	-8.6125	55.005
41.4125	-8.5875	55.012
41.4125	-8.5625	55.016
41.4125	-8.5375	55.012
41.4125	-8.5125	55.012
41.4125	-8.4875	55.03
41.4125	-8.4625	55.049
41.4125	-8.4375	55.073
41.4125	-8.4125	55.105
41.4125	-8.3875	55.135
41.4125	-8.3625	55.191
41.4125	-8.3375	55.264
41.4125	-8.3125	55.32
41.4125	-8.2875	55.393
41.4125	-8.2625	55.459
41.4125	-8.2375	55.495
41.4125	-8.2125	55.547
41.4125	-8.1875	55.61
41.4125	-8.1625	55.675
41.4125	-8.1375	55.762
41.4125	-8.1125	55.865
41.4125	-8.0875	55.96
41.4125	-8.0625	56.02
41.4125	-8.0375	56.024
41.4125	-8.0125	55.984
41.4125	-7.9875	55.971
41.4125	-7.9625	55.977
41.4125	-7.9375	56.022
41.4125	-7.9125	56.08
41.4125	-7.8875	56.1
41.4125	-7.8625	56.136
41.4125	-7.8375	56.189
41.4125	-7.8125	56.231
41.4125	-7.7875	56.26
41.4125	-7.7625	56.263
41.4125	-7.7375	56.248
41.4125	-7.7125	56.206
41.4125	-7.6875	56.172
41.4125	-7.6625	56.177
41.4125	-7.6375	56.178
41.4125	-7.6125	56.174
41.4125	-7.5875	56.162
41.4125	-7.5625	56.151
41.4125	-7.5375	56.124
41.4125	-7.5125	56.094
41.4125	-7.4875	56.05
41.4125	-7.4625	56.012
41.4125	-7.4375	55.973
41.4125	-7.4125	55.947
41.4125	-7.3875	55.924
41.4125	-7.3625	55.885
41.4125	-7.3375	55.853
41.4125	-7.3125	55.824
41.4125	-7.2875	55.765
41.4125	-7.2625	55.698
41.4125	-7.2375	55.64
41.4125	-7.2125	55.606
41.4125	-7.1875	55.594
41.4125	-7.1625	55.576
41.4125	-7.1375	55.61
41.4125	-7.1125	55.636
41.4125	-7.0875	55.672
41.4125	-7.0625	55.715
41.4125	-7.0375	55.752
41.4125	-7.0125	55.807
41.4125	-6.9875	55.854
41.4125	-6.9625	55.889
41.4125	-6.9375	55.908
41.4125	-6.9125	55.931
41.4125	-6.8875	55.971
41.4125	-6.8625	55.995
41.4125	-6.8375	56.007
41.4125	-6.8125	56.003
41.4125	-6.7875	56.038
41.4125	-6.7625	56.064
41.4125	-6.7375	56.095
41.4125	-6.7125	56.106
41.4125	-6.6875	56.107
41.4125	-6.6625	56.106
41.4125	-6.6375	56.089
41.4125	-6.6125	56.071
41.4125	-6.5875	56.053
41.4125	-6.5625	56.011
41.4125	-6.5375	55.974
41.4125	-6.5125	55.947
41.4125	-6.4875	55.917
41.4125	-6.4625	55.901
41.4125	-6.4375	55.881
41.4125	-6.4125	55.865
41.4125	-6.3875	55.841
41.4125	-6.3625	55.836
41.4125	-6.3375	55.832
41.4125	-6.3125	55.836
41.4125	-6.2875	55.833
41.4125	-6.2625	55.833
41.4125	-6.2375	55.849
41.4125	-6.2125	55.855
41.4125	-6.1875	55.874
41.4125	-6.1625	55.871
41.4125	-6.1375	55.885
41.4125	-6.1125	55.892
41.4125	-6.0875	55.883
41.4125	-6.0625	55.881
41.4125	-6.0375	55.877
41.4125	-6.0125	55.86
41.4125	-5.9875	55.841
41.4375	-10.0125	50.999
41.4375	-9.9875	51.083
41.4375	-9.9625	51.172
41.4375	-9.9375	51.263
41.4375	-9.9125	51.358
41.4375	-9.8875	51.451
41.4375	-9.8625	51.543
41.4375	-9.8375	51.637
41.4375	-9.8125	51.732
41.4375	-9.7875	51.82
41.4375	-9.7625	51.9
41.4375	-9.7375	51.966
41.4375	-9.7125	52.024
41.4375	-9.6875	52.074
41.4375	-9.6625	52.121
41.4375	-9.6375	52.172
41.4375	-9.6125	52.224
41.4375	-9.5875	52.28
41.4375	-9.5625	52.345
41.4375	-9.5375	52.418
41.4375	-9.5125	52.502
41.4375	-9.4875	52.595
41.4375	-9.4625	52.691
41.4375	-9.4375	52.789
41.4375	-9.4125	52.885
41.4375	-9.3875	52.972
41.4375	-9.3625	53.074
41.4375	-9.3375	53.195
41.4375	-9.3125	53.338
41.4375	-9.2875	53.503
41.4375	-9.2625	53.664
41.4375	-9.2375	53.815
41.4375	-9.2125	53.952
41.4375	-9.1875	54.078
41.4375	-9.1625	54.185
41.4375	-9.1375	54.262
41.4375	-9.1125	54.321
41.4375	-9.0875	54.361
41.4375	-9.0625	54.403
41.4375	-9.0375	54.443
41.4375	-9.0125	54.478
41.4375	-8.9875	54.5
41.4375	-8.9625	54.53
41.4375	-8.9375	54.548
41.4375	-8.9125	54.58
41.4375	-8.8875	54.615
41.4375	-8.8625	54.647
41.4375	-8.8375	54.703
41.4375	-8.8125	54.769
41.4375	-8.7875	54.843
41.4375	-8.7625	54.912
41.4375	-8.7375	54.961
41.4375	-8.7125	55.003
41.4375	-8.6875	55.017
41.4375	-8.6625	55.019
41.4375	-8.6375	55.019
41.4375	-8.6125	55.013
41.4375	-8.5875	55.01
41.4375	-8.5625	55.01
41.4375	-8.5375	55.02
41.4375	-8.5125	55.046
41.4375	-8.4875	55.061
41.4375	-8.4625	55.101
41.4375	-8.4375	55.117
41.4375	-8.4125	55.134
41.4375	-8.3875	55.161
41.4375	-8.3625	55.208
41.4375	-8.3375	55.263
41.4375	-8.3125	55.32
41.4375	-8.2875	55.397
41.4375	-8.2625	55.47
41.4375	-8.2375	55.509
41.4375	-8.2125	55.555
41.4375	-8.1875	55.608
41.4375	-8.1625	55.66
41.4375	-8.1375	55.757
41.4375	-8.1125	55.866
41.4375	-8.0875	55.965
41.4375	-8.0625	56.025
41.4375	-8.0375	56.031
41.4375	-8.0125	56.013
41.4375	-7.9875	56.006
41.4375	-7.9625	56.023
41.4375	-7.9375	56.046
41.4375	-7.9125	56.105
41.4375	-7.8875	56.149
41.4375	-7.8625	56.165
41.4375	-7.8375	56.173
41.4375	-7.8125	56.205
41.4375	-7.7875	56.25
41.4375	-7.7625	56.279
41.4375	-7.7375	56.274
41.4375	-7.7125	56.244
41.4375	-7.6875	56.209
41.4375	-7.6625	56.206
41.4375	-7.6375	56.216
41.4375	-7.6125	56.208
41.4375	-7.5875	56.212
41.4375	-7.5625	56.18
41.4375	-7.5375	56.164
41.4375	-7.5125	56.129
41.4375	-7.4875	56.083
41.4375	-7.4625	56.054
41.4375	-7.4375	56.031
41.4375	-7.4125	55.995
41.4375	-7.3875	55.971
41.4375	-7.3625	55.94
41.4375	-7.3375	55.911
41.4375	-7.3125	55.876
41.4375	-7.2875	55.816
41.4375	-7.2625	55.743
41.4375	-7.2375	55.681
41.4375	-7.2125	55.642
41.4375	-7.1875	55.621
41.4375	-7.1625	55.607
41.4375	-7.1375	55.632
41.4375	-7.1125	55.659
41.4375	-7.0875	55.712
41.4375	-7.0625	55.758
41.4375	-7.0375	55.81
41.4375	-7.0125	55.854
41.4375	-6.9875	55.92
41.4375	-6.9625	55.963
41.4375	-6.9375	55.987
41.4375	-6.9125	56.011
41.4375	-6.8875	56.028
41.4375	-6.8625	56.048
41.4375	-6.8375	56.048
41.4375	-6.8125	56.045
41.4375	-6.7875	56.07
41.4375	-6.7625	56.095
41.4375	-6.7375	56.103
41.4375	-6.7125	56.11
41.4375	-6.6875	56.099
41.4375	-6.6625	56.101
41.4375	-6.6375	56.082
41.4375	-6.6125	56.067
41.4375	-6.5875	56.04
41.4375	-6.5625	56.004
41.4375	-6.5375	55.987
41.4375	-6.5125	55.965
41.4375	-6.4875	55.959
41.4375	-6.4625	55.941
41.4375	-6.4375	55.931
41.4375	-6.4125	55.911
41.4375	-6.3875	55.891
41.4375	-6.3625	55.873
41.4375	-6.3375	55.855
41.4375	-6.3125	55.849
41.4375	-6.2875	55.844
41.4375	-6.2625	55.852
41.4375	-6.2375	55.855
41.4375	-6.2125	55.868
41.4375	-6.1875	55.886
41.4375	-6.1625	55.892
41.4375	-6.1375	55.901
41.4375	-6.1125	55.896
41.4375	-6.0875	55.899
41.4375	-6.0625	55.894
41.4375	-6.0375	55.876
41.4375	-6.0125	55.872
41.4375	-5.9875	55.856
41.4625	-10.0125	51.088
41.4625	-9.9875	51.169
41.4625	-9.9625	51.255
41.4625	-9.9375	51.344
41.4625	-9.9125	51.437
41.4625	-9.8875	51.531
41.4625	-9.8625	51.626
41.4625	-9.8375	51.724
41.4625	-9.8125	51.824
41.4625	-9.7875	51.922
41.4625	-9.7625	52.01
41.4625	-9.7375	52.085
41.4625	-9.7125	52.149
41.4625	-9.6875	52.205
41.4625	-9.6625	52.255
41.4625	-9.6375	52.305
41.4625	-9.6125	52.355
41.4625	-9.5875	52.408
41.4625	-9.5625	52.468
41.4625	-9.5375	52.537
41.4625	-9.5125	52.617
41.4625	-9.4875	52.704
41.4625	-9.4625	52.797
41.4625	-9.4375	52.896
41.4625	-9.4125	52.999
41.4625	-9.3875	53.098
41.4625	-9.3625	53.198
41.4625	-9.3375	53.317
41.4625	-9.3125	53.453
41.4625	-9.2875	53.606
41.4625	-9.2625	53.761
41.4625	-9.2375	53.908
41.4625	-9.2125	54.041
41.4625	-9.1875	54.159
41.4625	-9.1625	54.254
41.4625	-9.1375	54.322
41.4625	-9.1125	54.366
41.4625	-9.0875	54.396
41.4625	-9.0625	54.436
41.4625	-9.0375	54.474
41.4625	-9.0125	54.512
41.4625	-8.9875	54.54
41.4625	-8.9625	54.575
41.4625	-8.9375	54.602
41.4625	-8.9125	54.642
41.4625	-8.8875	54.676
41.4625	-8.8625	54.727
41.4625	-8.8375	54.78
41.4625	-8.8125	54.838
41.4625	-8.7875	54.886
41.4625	-8.7625	54.941
41.4625	-8.7375	54.98
41.4625	-8.7125	55.008
41.4625	-8.6875	55.027
41.4625	-8.6625	55.037
41.4625	-8.6375	55.044
41.4625	-8.6125	55.036
41.4625	-8.5875	55.052
41.4625	-8.5625	55.045
41.4625	-8.5375	55.06
41.4625	-8.5125	55.084
41.4625	-8.4875	55.12
41.4625	-8.4625	55.143
41.4625	-8.4375	55.162
41.4625	-8.4125	55.183
41.4625	-8.3875	55.214
41.4625	-8.3625	55.25
41.4625	-8.3375	55.28
41.4625	-8.3125	55.336
41.4625	-8.2875	55.392
41.4625	-8.2625	55.455
41.4625	-8.2375	55.52
41.4625	-8.2125	55.567
41.4625	-8.1875	55.608
41.4625	-8.1625	55.673
41.4625	-8.1375	55.761
41.4625	-8.1125	55.869
41.4625	-8.0875	55.951
41.4625	-8.0625	56.021
41.4625	-8.0375	56.043
41.4625	-8.0125	56.038
41.4625	-7.9875	56.056
41.4625	-7.9625	56.052
41.4625	-7.9375	56.061
41.4625	-7.9125	56.113
41.4625	-7.8875	56.134
41.4625	-7.8625	56.144
41.4625	-7.8375	56.15
41.4625	-7.8125	56.188
41.4625	-7.7875	56.246
41.4625	-7.7625	56.285
41.4625	-7.7375	56.294
41.4625	-7.7125	56.273
41.4625	-7.6875	56.244
41.4625	-7.6625	56.225
41.4625	-7.6375	56.225
41.4625	-7.6125	56.224
41.4625	-7.5875	56.233
41.4625	-7.5625	56.22
41.4625	-7.5375	56.195
41.4625	-7.5125	56.152
41.4625	-7.4875	56.117
41.4625	-7.4625	56.083
41.4625	-7.4375	56.06
41.4625	-7.4125	56.027
41.4625	-7.3875	56.003
41.4625	-7.3625	55.963
41.4625	-7.3375	55.941
41.4625	-7.3125	55.912
41.4625	-7.2875	55.859
41.4625	-7.2625	55.779
41.4625	-7.2375	55.719
41.4625	-7.2125	55.663
41.4625	-7.1875	55.639
41.4625	-7.1625	55.65
41.4625	-7.1375	55.677
41.4625	-7.1125	55.692
41.4625	-7.0875	55.727
41.4625	-7.0625	55.771
41.4625	-7.0375	55.825
41.4625	-7.0125	55.882
41.4625	-6.9875	55.946
41.4625	-6.9625	56.004
41.4625	-6.9375	56.053
41.4625	-6.9125	56.067
41.4625	-6.8875	56.078
41.4625	-6.8625	56.106
41.4625	-6.8375	56.109
41.4625	-6.8125	56.105
41.4625	-6.7875	56.128
41.4625	-6.7625	56.13
41.4625	-6.7375	56.123
41.4625	-6.7125	56.12
41.4625	-6.6875	56.108
41.4625	-6.6625	56.083
41.4625	-6.6375	56.073
41.4625	-6.6125	56.046
41.4625	-6.5875	56.027
41.4625	-6.5625	56.008
41.4625	-6.5375	55.997
41.4625	-6.5125	55.989
41.4625	-6.4875	55.973
41.4625	-6.4625	55.972
41.4625	-6.4375	55.962
41.4625	-6.4125	55.946
41.4625	-6.3875	55.927
41.4625	-6.3625	55.909
41.4625	-6.3375	55.888
41.4625	-6.3125	55.87
41.4625	-6.2875	55.86
41.4625	-6.2625	55.859
41.4625	-6.2375	55.864
41.4625	-6.2125	55.876
41.4625	-6.1875	55.894
41.4625	-6.1625	55.9
41.4625	-6.1375	55.9
41.4625	-6.1125	55.909
41.4625	-6.0875	55.906
41.4625	-6.0625	55.902
41.4625	-6.0375	55.881
41.4625	-6.0125	55.875
41.4625	-5.9875	55.86
41.4875	-10.0125	51.175
41.4875	-9.9875	51.253
41.4875	-9.9625	51.335
41.4875	-9.9375	51.419
41.4875	-9.9125	51.507
41.4875	-9.8875	51.6
41.4875	-9.8625	51.696
41.4875	-9.8375	51.796
41.4875	-9.8125	51.901
41.4875	-9.7875	52.004
41.4875	-9.7625	52.102
41.4875	-9.7375	52.186
41.4875	-9.7125	52.261
41.4875	-9.6875	52.323
41.4875	-9.6625	52.379
41.4875	-9.6375	52.431
41.4875	-9.6125	52.482
41.4875	-9.5875	52.534
41.4875	-9.5625	52.592
41.4875	-9.5375	52.66
41.4875	-9.5125	52.735
41.4875	-9.4875	52.818
41.4875	-9.4625	52.907
41.4875	-9.4375	53.005
41.4875	-9.4125	53.111
41.4875	-9.3875	53.22
41.4875	-9.3625	53.33
41.4875	-9.3375	53.454
41.4875	-9.3125	53.585
41.4875	-9.2875	53.725
41.4875	-9.2625	53.869
41.4875	-9.2375	54.007
41.4875	-9.2125	54.134
41.4875	-9.1875	54.244
41.4875	-9.1625	54.329
41.4875	-9.1375	54.388
41.4875	-9.1125	54.416
41.4875	-9.0875	54.44
41.4875	-9.0625	54.474
41.4875	-9.0375	54.512
41.4875	-9.0125	54.552
41.4875	-8.9875	54.583
41.4875	-8.9625	54.624
41.4875	-8.9375	54.66
41.4875	-8.9125	54.711
41.4875	-8.8875	54.754
41.4875	-8.8625	54.804
41.4875	-8.8375	54.856
41.4875	-8.8125	54.903
41.4875	-8.7875	54.932
41.4875	-8.7625	54.967
41.4875	-8.7375	54.994
41.4875	-8.7125	55.013
41.4875	-8.6875	55.03
41.4875	-8.6625	55.044
41.4875	-8.6375	55.058
41.4875	-8.6125	55.069
41.4875	-8.5875	55.078
41.4875	-8.5625	55.082
41.4875	-8.5375	55.099
41.4875	-8.5125	55.116
41.4875	-8.4875	55.152
41.4875	-8.4625	55.178
41.4875	-8.4375	55.199
41.4875	-8.4125	55.228
41.4875	-8.3875	55.272
41.4875	-8.3625	55.286
41.4875	-8.3375	55.32
41.4875	-8.3125	55.367
41.4875	-8.2875	55.416
41.4875	-8.2625	55.476
41.4875	-8.2375	55.531
41.4875	-8.2125	55.582
41.4875	-8.1875	55.629
41.4875	-8.1625	55.705
41.4875	-8.1375	55.796
41.4875	-8.1125	55.881
41.4875	-8.0875	55.952
41.4875	-8.0625	56.023
41.4875	-8.0375	56.043
41.4875	-8.0125	56.047
41.4875	-7.9875	56.048
41.4875	-7.9625	56.048
41.4875	-7.9375	56.069
41.4875	-7.9125	56.095
41.4875	-7.8875	56.13
41.4875	-7.8625	56.164
41.4875	-7.8375	56.191
41.4875	-7.8125	56.218
41.4875	-7.7875	56.248
41.4875	-7.7625	56.28
41.4875	-7.7375	56.298
41.4875	-7.7125	56.295
41.4875	-7.6875	56.264
41.4875	-7.6625	56.23
41.4875	-7.6375	56.213
41.4875	-7.6125	56.224
41.4875	-7.5875	56.221
41.4875	-7.5625	56.225
41.4875	-7.5375	56.211
41.4875	-7.5125	56.186
41.4875	-7.4875	56.153
41.4875	-7.4625	56.107
41.4875	-7.4375	56.072
41.4875	-7.4125	56.04
41.4875	-7.3875	55.992
41.4875	-7.3625	55.956
41.4875	-7.3375	55.921
41.4875	-7.3125	55.896
41.4875	-7.2875	55.842
41.4875	-7.2625	55.777
41.4875	-7.2375	55.716
41.4875	-7.2125	55.667
41.4875	-7.1875	55.654
41.4875	-7.1625	55.665
41.4875	-7.1375	55.682
41.4875	-7.1125	55.713
41.4875	-7.0875	55.757
41.4875	-7.0625	55.808
41.4875	-7.0375	55.854
41.4875	-7.0125	55.913
41.4875	-6.9875	55.977
41.4875	-6.9625	56.037
41.4875	-6.9375	56.079
41.4875	-6.9125	56.113
41.4875	-6.8875	56.141
41.4875	-6.8625	56.16
41.4875	-6.8375	56.186
41.4875	-6.8125	56.178
41.4875	-6.7875	56.191
41.4875	-6.7625	56.186
41.4875	-6.7375	56.17
41.4875	-6.7125	56.159
41.4875	-6.6875	56.133
41.4875	-6.6625	56.106
41.4875	-6.6375	56.087
41.4875	-6.6125	56.06
41.4875	-6.5875	56.042
41.4875	-6.5625	56.026
41.4875	-6.5375	56.005
41.4875	-6.5125	56.002
41.4875	-6.4875	56.011
41.4875	-6.4625	56.012
41.4875	-6.4375	55.995
41.4875	-6.4125	55.978
41.4875	-6.3875	55.966
41.4875	-6.3625	55.947
41.4875	-6.3375	55.928
41.4875	-6.3125	55.894
41.4875	-6.2875	55.868
41.4875	-6.2625	55.86
41.4875	-6.2375	55.865
41.4875	-6.2125	55.884
41.4875	-6.1875	55.902
41.4875	-6.1625	55.909
41.4875	-6.1375	55.923
41.4875	-6.1125	55.921
41.4875	-6.0875	55.909
41.4875	-6.0625	55.913
41.4875	-6.0375	55.902
41.4875	-6.0125	55.889
41.4875	-5.9875	55.887
41.5125	-10.0125	51.26
41.5125	-9.9875	51.333
41.5125	-9.9625	51.411
41.5125	-9.9375	51.49
41.5125	-9.9125	51.574
41.5125	-9.8875	51.662
41.5125	-9.8625	51.757
41.5125	-9.8375	51.857
41.5125	-9.8125	51.964
41.5125	-9.7875	52.071
41.5125	-9.7625	52.174
41.5125	-9.7375	52.268
41.5125	-9.7125	52.353
41.5125	-9.6875	52.425
41.5125	-9.6625	52.486
41.5125	-9.6375	52.542
41.5125	-9.6125	52.597
41.5125	-9.5875	52.651
41.5125	-9.5625	52.711
41.5125	-9.5375	52.778
41.5125	-9.5125	52.853
41.5125	-9.4875	52.934
41.5125	-9.4625	53.02
41.5125	-9.4375	53.113
41.5125	-9.4125	53.216
41.5125	-9.3875	53.328
41.5125	-9.3625	53.453
41.5125	-9.3375	53.586
41.5125	-9.3125	53.719
41.5125	-9.2875	53.85
41.5125	-9.2625	53.981
41.5125	-9.2375	54.108
41.5125	-9.2125	54.225
41.5125	-9.1875	54.327
41.5125	-9.1625	54.402
41.5125	-9.1375	54.453
41.5125	-9.1125	54.484
41.5125	-9.0875	54.489
41.5125	-9.0625	54.519
41.5125	-9.0375	54.557
41.5125	-9.0125	54.588
41.5125	-8.9875	54.632
41.5125	-8.9625	54.669
41.5125	-8.9375	54.722
41.5125	-8.9125	54.767
41.5125	-8.8875	54.809
41.5125	-8.8625	54.861
41.5125	-8.8375	54.9
41.5125	-8.8125	54.931
41.5125	-8.7875	54.963
41.5125	-8.7625	54.987
41.5125	-8.7375	55.005
41.5125	-8.7125	55.036
41.5125	-8.6875	55.049
41.5125	-8.6625	55.058
41.5125	-8.6375	55.06
41.5125	-8.6125	55.08
41.5125	-8.5875	55.084
41.5125	-8.5625	55.102
41.5125	-8.5375	55.135
41.5125	-8.5125	55.152
41.5125	-8.4875	55.169
41.5125	-8.4625	55.195
41.5125	-8.4375	55.233
41.5125	-8.4125	55.28
41.5125	-8.3875	55.329
41.5125	-8.3625	55.353
41.5125	-8.3375	55.375
41.5125	-8.3125	55.386
41.5125	-8.2875	55.424
41.5125	-8.2625	55.484
41.5125	-8.2375	55.533
41.5125	-8.2125	55.583
41.5125	-8.1875	55.646
41.5125	-8.1625	55.73
41.5125	-8.1375	55.814
41.5125	-8.1125	55.909
41.5125	-8.0875	55.972
41.5125	-8.0625	56.021
41.5125	-8.0375	56.064
41.5125	-8.0125	56.064
41.5125	-7.9875	56.074
41.5125	-7.9625	56.083
41.5125	-7.9375	56.097
41.5125	-7.9125	56.109
41.5125	-7.8875	56.15
41.5125	-7.8625	56.186
41.5125	-7.8375	56.206
41.5125	-7.8125	56.223
41.5125	-7.7875	56.245
41.5125	-7.7625	56.284
41.5125	-7.7375	56.291
41.5125	-7.7125	56.304
41.5125	-7.6875	56.287
41.5125	-7.6625	56.246
41.5125	-7.6375	56.214
41.5125	-7.6125	56.196
41.5125	-7.5875	56.21
41.5125	-7.5625	56.208
41.5125	-7.5375	56.197
41.5125	-7.5125	56.198
41.5125	-7.4875	56.175
41.5125	-7.4625	56.132
41.5125	-7.4375	56.089
41.5125	-7.4125	56.038
41.5125	-7.3875	55.985
41.5125	-7.3625	55.93
41.5125	-7.3375	55.881
41.5125	-7.3125	55.845
41.5125	-7.2875	55.804
41.5125	-7.2625	55.749
41.5125	-7.2375	55.706
41.5125	-7.2125	55.661
41.5125	-7.1875	55.645
41.5125	-7.1625	55.652
41.5125	-7.1375	55.687
41.5125	-7.1125	55.731
41.5125	-7.0875	55.778
41.5125	-7.0625	55.841
41.5125	-7.0375	55.886
41.5125	-7.0125	55.954
41.5125	-6.9875	56.008
41.5125	-6.9625	56.05
41.5125	-6.9375	56.104
41.5125	-6.9125	56.152
41.5125	-6.8875	56.183
41.5125	-6.8625	56.213
41.5125	-6.8375	56.245
41.5125	-6.8125	56.253
41.5125	-6.7875	56.248
41.5125	-6.7625	56.247
41.5125	-6.7375	56.222
41.5125	-6.7125	56.202
41.5125	-6.6875	56.171
41.5125	-6.6625	56.145
41.5125	-6.6375	56.115
41.5125	-6.6125	56.081
41.5125	-6.5875	56.044
41.5125	-6.5625	56.036
41.5125	-6.5375	56.035
41.5125	-6.5125	56.038
41.5125	-6.4875	56.048
41.5125	-6.4625	56.034
41.5125	-6.4375	56.035
41.5125	-6.4125	56.019
41.5125	-6.3875	55.999
41.5125	-6.3625	55.984
41.5125	-6.3375	55.955
41.5125	-6.3125	55.931
41.5125	-6.2875	55.905
41.5125	-6.2625	55.892
41.5125	-6.2375	55.892
41.5125	-6.2125	55.904
41.5125	-6.1875	55.923
41.5125	-6.1625	55.931
41.5125	-6.1375	55.941
41.5125	-6.1125	55.941
41.5125	-6.0875	55.941
41.5125	-6.0625	55.945
41.5125	-6.0375	55.924
41.5125	-6.0125	55.92
41.5125	-5.9875	55.895
41.5375	-10.0125	51.343
41.5375	-9.9875	51.412
41.5375	-9.9625	51.485
41.5375	-9.9375	51.559
41.5375	-9.9125	51.637
41.5375	-9.8875	51.722
41.5375	-9.8625	51.813
41.5375	-9.8375	51.91
41.5375	-9.8125	52.017
41.5375	-9.7875	52.125
41.5375	-9.7625	52.23
41.5375	-9.7375	52.329
41.5375	-9.7125	52.424
41.5375	-9.6875	52.502
41.5375	-9.6625	52.569
41.5375	-9.6375	52.63
41.5375	-9.6125	52.689
41.5375	-9.5875	52.749
41.5375	-9.5625	52.813
41.5375	-9.5375	52.886
41.5375	-9.5125	52.964
41.5375	-9.4875	53.046
41.5375	-9.4625	53.13
41.5375	-9.4375	53.218
41.5375	-9.4125	53.315
41.5375	-9.3875	53.43
41.5375	-9.3625	53.559
41.5375	-9.3375	53.701
41.5375	-9.3125	53.834
41.5375	-9.2875	53.958
41.5375	-9.2625	54.079
41.5375	-9.2375	54.197
41.5375	-9.2125	54.303
41.5375	-9.1875	54.397
41.5375	-9.1625	54.465
41.5375	-9.1375	54.511
41.5375	-9.1125	54.526
41.5375	-9.0875	54.54
41.5375	-9.0625	54.568
41.5375	-9.0375	54.605
41.5375	-9.0125	54.636
41.5375	-8.9875	54.684
41.5375	-8.9625	54.723
41.5375	-8.9375	54.764
41.5375	-8.9125	54.807
41.5375	-8.8875	54.846
41.5375	-8.8625	54.884
41.5375	-8.8375	54.916
41.5375	-8.8125	54.956
41.5375	-8.7875	54.974
41.5375	-8.7625	55.007
41.5375	-8.7375	55.026
41.5375	-8.7125	55.053
41.5375	-8.6875	55.071
41.5375	-8.6625	55.1
41.5375	-8.6375	55.087
41.5375	-8.6125	55.097
41.5375	-8.5875	55.101
41.5375	-8.5625	55.116
41.5375	-8.5375	55.134
41.5375	-8.5125	55.15
41.5375	-8.4875	55.175
41.5375	-8.4625	55.21
41.5375	-8.4375	55.253
41.5375	-8.4125	55.307
41.5375	-8.3875	55.375
41.5375	-8.3625	55.432
41.5375	-8.3375	55.432
41.5375	-8.3125	55.426
41.5375	-8.2875	55.433
41.5375	-8.2625	55.458
41.5375	-8.2375	55.513
41.5375	-8.2125	55.584
41.5375	-8.1875	55.682
41.5375	-8.1625	55.774
41.5375	-8.1375	55.857
41.5375	-8.1125	55.933
41.5375	-8.0875	56.009
41.5375	-8.0625	56.069
41.5375	-8.0375	56.104
41.5375	-8.0125	56.133
41.5375	-7.9875	56.151
41.5375	-7.9625	56.17
41.5375	-7.9375	56.176
41.5375	-7.9125	56.207
41.5375	-7.8875	56.214
41.5375	-7.8625	56.238
41.5375	-7.8375	56.223
41.5375	-7.8125	56.224
41.5375	-7.7875	56.233
41.5375	-7.7625	56.258
41.5375	-7.7375	56.285
41.5375	-7.7125	56.306
41.5375	-7.6875	56.297
41.5375	-7.6625	56.262
41.5375	-7.6375	56.207
41.5375	-7.6125	56.166
41.5375	-7.5875	56.151
41.5375	-7.5625	56.151
41.5375	-7.5375	56.183
41.5375	-7.5125	56.198
41.5375	-7.4875	56.187
41.5375	-7.4625	56.142
41.5375	-7.4375	56.098
41.5375	-7.4125	56.037
41.5375	-7.3875	55.976
41.5375	-7.3625	55.936
41.5375	-7.3375	55.876
41.5375	-7.3125	55.837
41.5375	-7.2875	55.779
41.5375	-7.2625	55.743
41.5375	-7.2375	55.704
41.5375	-7.2125	55.668
41.5375	-7.1875	55.66
41.5375	-7.1625	55.685
41.5375	-7.1375	55.725
41.5375	-7.1125	55.769
41.5375	-7.0875	55.819
41.5375	-7.0625	55.878
41.5375	-7.0375	55.951
41.5375	-7.0125	56.009
41.5375	-6.9875	56.071
41.5375	-6.9625	56.103
41.5375	-6.9375	56.151
41.5375	-6.9125	56.196
41.5375	-6.8875	56.235
41.5375	-6.8625	56.269
41.5375	-6.8375	56.292
41.5375	-6.8125	56.296
41.5375	-6.7875	56.297
41.5375	-6.7625	56.281
41.5375	-6.7375	56.266
41.5375	-6.7125	56.244
41.5375	-6.6875	56.215
41.5375	-6.6625	56.178
41.5375	-6.6375	56.152
41.5375	-6.6125	56.124
41.5375	-6.5875	56.094
41.5375	-6.5625	56.078
41.5375	-6.5375	56.088
41.5375	-6.5125	56.081
41.5375	-6.4875	56.094
41.5375	-6.4625	56.086
41.5375	-6.4375	56.069
41.5375	-6.4125	56.068
41.5375	-6.3875	56.04
41.5375	-6.3625	56.015
41.5375	-6.3375	55.985
41.5375	-6.3125	55.969
41.5375	-6.2875	55.943
41.5375	-6.2625	55.932
41.5375	-6.2375	55.923
41.5375	-6.2125	55.928
41.5375	-6.1875	55.943
41.5375	-6.1625	55.958
41.5375	-6.1375	55.959
41.5375	-6.1125	55.968
41.5375	-6.0875	55.971
41.5375	-6.0625	55.966
41.5375	-6.0375	55.963
41.5375	-6.0125	55.964
41.5375	-5.9875	55.942
41.5625	-10.0125	51.424
41.5625	-9.9875	51.489
41.5625	-9.9625	51.558
41.5625	-9.9375	51.627
41.5625	-9.9125	51.701
41.5625	-9.8875	51.78
41.5625	-9.8625	51.867
41.5625	-9.8375	51.961
41.5625	-9.8125	52.063
41.5625	-9.7875	52.167
41.5625	-9.7625	52.272
41.5625	-9.7375	52.371
41.5625	-9.7125	52.466
41.5625	-9.6875	52.551
41.5625	-9.6625	52.623
41.5625	-9.6375	52.689
41.5625	-9.6125	52.754
41.5625	-9.5875	52.823
41.5625	-9.5625	52.895
41.5625	-9.5375	52.973
41.5625	-9.5125	53.057
41.5625	-9.4875	53.146
41.5625	-9.4625	53.233
41.5625	-9.4375	53.317
41.5625	-9.4125	53.411
41.5625	-9.3875	53.529
41.5625	-9.3625	53.662
41.5625	-9.3375	53.804
41.5625	-9.3125	53.934
41.5625	-9.2875	54.053
41.5625	-9.2625	54.165
41.5625	-9.2375	54.271
41.5625	-9.2125	54.368
41.5625	-9.1875	54.453
41.5625	-9.1625	54.515
41.5625	-9.1375	54.555
41.5625	-9.1125	54.57
41.5625	-9.0875	54.589
41.5625	-9.0625	54.616
41.5625	-9.0375	54.653
41.5625	-9.0125	54.686
41.5625	-8.9875	54.725
41.5625	-8.9625	54.776
41.5625	-8.9375	54.817
41.5625	-8.9125	54.855
41.5625	-8.8875	54.877
41.5625	-8.8625	54.908
41.5625	-8.8375	54.937
41.5625	-8.8125	54.962
41.5625	-8.7875	54.982
41.5625	-8.7625	55.032
41.5625	-8.7375	55.057
41.5625	-8.7125	55.095
41.5625	-8.6875	55.141
41.5625	-8.6625	55.143
41.5625	-8.6375	55.147
41.5625	-8.6125	55.126
41.5625	-8.5875	55.139
41.5625	-8.5625	55.145
41.5625	-8.5375	55.15
41.5625	-8.5125	55.162
41.5625	-8.4875	55.174
41.5625	-8.4625	55.199
41.5625	-8.4375	55.23
41.5625	-8.4125	55.286
41.5625	-8.3875	55.343
41.5625	-8.3625	55.411
41.5625	-8.3375	55.446
41.5625	-8.3125	55.445
41.5625	-8.2875	55.466
41.5625	-8.2625	55.486
41.5625	-8.2375	55.555
41.5625	-8.2125	55.619
41.5625	-8.1875	55.697
41.5625	-8.1625	55.776
41.5625	-8.1375	55.873
41.5625	-8.1125	55.957
41.5625	-8.0875	56.037
41.5625	-8.0625	56.125
41.5625	-8.0375	56.167
41.5625	-8.0125	56.219
41.5625	-7.9875	56.253
41.5625	-7.9625	56.27
41.5625	-7.9375	56.3
41.5625	-7.9125	56.329
41.5625	-7.8875	56.338
41.5625	-7.8625	56.327
41.5625	-7.8375	56.297
41.5625	-7.8125	56.28
41.5625	-7.7875	56.258
41.5625	-7.7625	56.252
41.5625	-7.7375	56.252
41.5625	-7.7125	56.268
41.5625	-7.6875	56.27
41.5625	-7.6625	56.243
41.5625	-7.6375	56.193
41.5625	-7.6125	56.143
41.5625	-7.5875	56.123
41.5625	-7.5625	56.13
41.5625	-7.5375	56.154
41.5625	-7.5125	56.173
41.5625	-7.4875	56.165
41.5625	-7.4625	56.137
41.5625	-7.4375	56.09
41.5625	-7.4125	56.04
41.5625	-7.3875	55.984
41.5625	-7.3625	55.919
41.5625	-7.3375	55.861
41.5625	-7.3125	55.811
41.5625	-7.2875	55.785
41.5625	-7.2625	55.746
41.5625	-7.2375	55.719
41.5625	-7.2125	55.706
41.5625	-7.1875	55.707
41.5625	-7.1625	55.738
41.5625	-7.1375	55.778
41.5625	-7.1125	55.84
41.5625	-7.0875	55.898
41.5625	-7.0625	55.947
41.5625	-7.0375	56.012
41.5625	-7.0125	56.067
41.5625	-6.9875	56.129
41.5625	-6.9625	56.164
41.5625	-6.9375	56.207
41.5625	-6.9125	56.255
41.5625	-6.8875	56.299
41.5625	-6.8625	56.327
41.5625	-6.8375	56.355
41.5625	-6.8125	56.355
41.5625	-6.7875	56.348
41.5625	-6.7625	56.327
41.5625	-6.7375	56.308
41.5625	-6.7125	56.285
41.5625	-6.6875	56.253
41.5625	-6.6625	56.213
41.5625	-6.6375	56.2
41.5625	-6.6125	56.183
41.5625	-6.5875	56.153
41.5625	-6.5625	56.146
41.5625	-6.5375	56.149
41.5625	-6.5125	56.163
41.5625	-6.4875	56.157
41.5625	-6.4625	56.141
41.5625	-6.4375	56.123
41.5625	-6.4125	56.11
41.5625	-6.3875	56.076
41.5625	-6.3625	56.048
41.5625	-6.3375	56.016
41.5625	-6.3125	55.996
41.5625	-6.2875	55.979
41.5625	-6.2625	55.972
41.5625	-6.2375	55.96
41.5625	-6.2125	55.956
41.5625	-6.1875	55.97
41.5625	-6.1625	55.988
41.5625	-6.1375	55.979
41.5625	-6.1125	55.995
41.5625	-6.0875	56.009
41.5625	-6.0625	56
41.5625	-6.0375	55.998
41.5625	-6.0125	55.994
41.5625	-5.9875	55.979
41.5875	-10.0125	51.506
41.5875	-9.9875	51.568
41.5875	-9.9625	51.632
41.5875	-9.9375	51.697
41.5875	-9.9125	51.767
41.5875	-9.8875	51.842
41.5875	-9.8625	51.924
41.5875	-9.8375	52.011
41.5875	-9.8125	52.105
41.5875	-9.7875	52.204
41.5875	-9.7625	52.302
41.5875	-9.7375	52.398
41.5875	-9.7125	52.492
41.5875	-9.6875	52.578
41.5875	-9.6625	52.657
41.5875	-9.6375	52.729
41.5875	-9.6125	52.801
41.5875	-9.5875	52.877
41.5875	-9.5625	52.957
41.5875	-9.5375	53.041
41.5875	-9.5125	53.134
41.5875	-9.4875	53.232
41.5875	-9.4625	53.325
41.5875	-9.4375	53.41
41.5875	-9.4125	53.504
41.5875	-9.3875	53.628
41.5875	-9.3625	53.763
41.5875	-9.3375	53.893
41.5875	-9.3125	54.025
41.5875	-9.2875	54.135
41.5875	-9.2625	54.238
41.5875	-9.2375	54.333
41.5875	-9.2125	54.42
41.5875	-9.1875	54.5
41.5875	-9.1625	54.554
41.5875	-9.1375	54.59
41.5875	-9.1125	54.609
41.5875	-9.0875	54.634
41.5875	-9.0625	54.664
41.5875	-9.0375	54.693
41.5875	-9.0125	54.737
41.5875	-8.9875	54.777
41.5875	-8.9625	54.819
41.5875	-8.9375	54.859
41.5875	-8.9125	54.896
41.5875	-8.8875	54.926
41.5875	-8.8625	54.943
41.5875	-8.8375	54.954
41.5875	-8.8125	54.96
41.5875	-8.7875	54.987
41.5875	-8.7625	55.027
41.5875	-8.7375	55.056
41.5875	-8.7125	55.098
41.5875	-8.6875	55.152
41.5875	-8.6625	55.191
41.5875	-8.6375	55.176
41.5875	-8.6125	55.157
41.5875	-8.5875	55.167
41.5875	-8.5625	55.186
41.5875	-8.5375	55.174
41.5875	-8.5125	55.165
41.5875	-8.4875	55.167
41.5875	-8.4625	55.179
41.5875	-8.4375	55.201
41.5875	-8.4125	55.238
41.5875	-8.3875	55.288
41.5875	-8.3625	55.366
41.5875	-8.3375	55.416
41.5875	-8.3125	55.451
41.5875	-8.2875	55.506
41.5875	-8.2625	55.561
41.5875	-8.2375	55.628
41.5875	-8.2125	55.71
41.5875	-8.1875	55.773
41.5875	-8.1625	55.828
41.5875	-8.1375	55.895
41.5875	-8.1125	55.986
41.5875	-8.0875	56.091
41.5875	-8.0625	56.183
41.5875	-8.0375	56.267
41.5875	-8.0125	56.331
41.5875	-7.9875	56.369
41.5875	-7.9625	56.388
41.5875	-7.9375	56.423
41.5875	-7.9125	56.431
41.5875	-7.8875	56.447
41.5875	-7.8625	56.424
41.5875	-7.8375	56.379
41.5875	-7.8125	56.326
41.5875	-7.7875	56.292
41.5875	-7.7625	56.283
41.5875	-7.7375	56.259
41.5875	-7.7125	56.245
41.5875	-7.6875	56.236
41.5875	-7.6625	56.214
41.5875	-7.6375	56.157
41.5875	-7.6125	56.122
41.5875	-7.5875	56.093
41.5875	-7.5625	56.078
41.5875	-7.5375	56.092
41.5875	-7.5125	56.112
41.5875	-7.4875	56.122
41.5875	-7.4625	56.111
41.5875	-7.4375	56.068
41.5875	-7.4125	56.035
41.5875	-7.3875	55.982
41.5875	-7.3625	55.924
41.5875	-7.3375	55.865
41.5875	-7.3125	55.832
41.5875	-7.2875	55.797
41.5875	-7.2625	55.77
41.5875	-7.2375	55.754
41.5875	-7.2125	55.745
41.5875	-7.1875	55.75
41.5875	-7.1625	55.783
41.5875	-7.1375	55.821
41.5875	-7.1125	55.888
41.5875	-7.0875	55.947
41.5875	-7.0625	56.01
41.5875	-7.0375	56.071
41.5875	-7.0125	56.134
41.5875	-6.9875	56.18
41.5875	-6.9625	56.23
41.5875	-6.9375	56.266
41.5875	-6.9125	56.323
41.5875	-6.8875	56.363
41.5875	-6.8625	56.412
41.5875	-6.8375	56.437
41.5875	-6.8125	56.426
41.5875	-6.7875	56.405
41.5875	-6.7625	56.372
41.5875	-6.7375	56.351
41.5875	-6.7125	56.313
41.5875	-6.6875	56.276
41.5875	-6.6625	56.24
41.5875	-6.6375	56.241
41.5875	-6.6125	56.236
41.5875	-6.5875	56.214
41.5875	-6.5625	56.206
41.5875	-6.5375	56.216
41.5875	-6.5125	56.224
41.5875	-6.4875	56.212
41.5875	-6.4625	56.19
41.5875	-6.4375	56.168
41.5875	-6.4125	56.153
41.5875	-6.3875	56.112
41.5875	-6.3625	56.082
41.5875	-6.3375	56.06
41.5875	-6.3125	56.036
41.5875	-6.2875	56.02
41.5875	-6.2625	56.004
41.5875	-6.2375	55.991
41.5875	-6.2125	55.99
41.5875	-6.1875	56
41.5875	-6.1625	56.009
41.5875	-6.1375	56.019
41.5875	-6.1125	56.035
41.5875	-6.0875	56.027
41.5875	-6.0625	56.035
41.5875	-6.0375	56.036
41.5875	-6.0125	56.017
41.5875	-5.9875	56.013
41.6125	-10.0125	51.589
41.6125	-9.9875	51.648
41.6125	-9.9625	51.709
41.6125	-9.9375	51.771
41.6125	-9.9125	51.837
41.6125	-9.8875	51.909
41.6125	-9.8625	51.986
41.6125	-9.8375	52.066
41.6125	-9.8125	52.152
41.6125	-9.7875	52.241
41.6125	-9.7625	52.332
41.6125	-9.7375	52.422
41.6125	-9.7125	52.513
41.6125	-9.6875	52.6
41.6125	-9.6625	52.682
41.6125	-9.6375	52.76
41.6125	-9.6125	52.838
41.6125	-9.5875	52.921
41.6125	-9.5625	53.007
41.6125	-9.5375	53.099
41.6125	-9.5125	53.2
41.6125	-9.4875	53.305
41.6125	-9.4625	53.405
41.6125	-9.4375	53.493
41.6125	-9.4125	53.593
41.6125	-9.3875	53.721
41.6125	-9.3625	53.86
41.6125	-9.3375	53.987
41.6125	-9.3125	54.106
41.6125	-9.2875	54.211
41.6125	-9.2625	54.309
41.6125	-9.2375	54.399
41.6125	-9.2125	54.479
41.6125	-9.1875	54.545
41.6125	-9.1625	54.591
41.6125	-9.1375	54.617
41.6125	-9.1125	54.647
41.6125	-9.0875	54.679
41.6125	-9.0625	54.712
41.6125	-9.0375	54.743
41.6125	-9.0125	54.788
41.6125	-8.9875	54.83
41.6125	-8.9625	54.871
41.6125	-8.9375	54.913
41.6125	-8.9125	54.95
41.6125	-8.8875	54.967
41.6125	-8.8625	54.978
41.6125	-8.8375	54.983
41.6125	-8.8125	54.98
41.6125	-8.7875	54.979
41.6125	-8.7625	54.998
41.6125	-8.7375	55.03
41.6125	-8.7125	55.077
41.6125	-8.6875	55.141
41.6125	-8.6625	55.167
41.6125	-8.6375	55.171
41.6125	-8.6125	55.19
41.6125	-8.5875	55.184
41.6125	-8.5625	55.195
41.6125	-8.5375	55.2
41.6125	-8.5125	55.177
41.6125	-8.4875	55.169
41.6125	-8.4625	55.177
41.6125	-8.4375	55.201
41.6125	-8.4125	55.233
41.6125	-8.3875	55.277
41.6125	-8.3625	55.345
41.6125	-8.3375	55.413
41.6125	-8.3125	55.479
41.6125	-8.2875	55.57
41.6125	-8.2625	55.643
41.6125	-8.2375	55.723
41.6125	-8.2125	55.806
41.6125	-8.1875	55.873
41.6125	-8.1625	55.921
41.6125	-8.1375	55.962
41.6125	-8.1125	56.063
41.6125	-8.0875	56.166
41.6125	-8.0625	56.279
41.6125	-8.0375	56.364
41.6125	-8.0125	56.435
41.6125	-7.9875	56.459
41.6125	-7.9625	56.481
41.6125	-7.9375	56.499
41.6125	-7.9125	56.52
41.6125	-7.8875	56.521
41.6125	-7.8625	56.492
41.6125	-7.8375	56.444
41.6125	-7.8125	56.39
41.6125	-7.7875	56.349
41.6125	-7.7625	56.318
41.6125	-7.7375	56.296
41.6125	-7.7125	56.274
41.6125	-7.6875	56.239
41.6125	-7.6625	56.19
41.6125	-7.6375	56.138
41.6125	-7.6125	56.089
41.6125	-7.5875	56.052
41.6125	-7.5625	56.014
41.6125	-7.5375	56.016
41.6125	-7.5125	56.034
41.6125	-7.4875	56.07
41.6125	-7.4625	56.082
41.6125	-7.4375	56.075
41.6125	-7.4125	56.028
41.6125	-7.3875	55.976
41.6125	-7.3625	55.933
41.6125	-7.3375	55.899
41.6125	-7.3125	55.857
41.6125	-7.2875	55.832
41.6125	-7.2625	55.797
41.6125	-7.2375	55.792
41.6125	-7.2125	55.792
41.6125	-7.1875	55.803
41.6125	-7.1625	55.834
41.6125	-7.1375	55.87
41.6125	-7.1125	55.921
41.6125	-7.0875	55.993
41.6125	-7.0625	56.055
41.6125	-7.0375	56.108
41.6125	-7.0125	56.162
41.6125	-6.9875	56.23
41.6125	-6.9625	56.285
41.6125	-6.9375	56.34
41.6125	-6.9125	56.405
41.6125	-6.8875	56.46
41.6125	-6.8625	56.506
41.6125	-6.8375	56.528
41.6125	-6.8125	56.53
41.6125	-6.7875	56.492
41.6125	-6.7625	56.443
41.6125	-6.7375	56.395
41.6125	-6.7125	56.361
41.6125	-6.6875	56.329
41.6125	-6.6625	56.297
41.6125	-6.6375	56.274
41.6125	-6.6125	56.264
41.6125	-6.5875	56.25
41.6125	-6.5625	56.249
41.6125	-6.5375	56.255
41.6125	-6.5125	56.26
41.6125	-6.4875	56.246
41.6125	-6.4625	56.232
41.6125	-6.4375	56.211
41.6125	-6.4125	56.174
41.6125	-6.3875	56.153
41.6125	-6.3625	56.128
41.6125	-6.3375	56.092
41.6125	-6.3125	56.075
41.6125	-6.2875	56.058
41.6125	-6.2625	56.058
41.6125	-6.2375	56.043
41.6125	-6.2125	56.036
41.6125	-6.1875	56.043
41.6125	-6.1625	56.057
41.6125	-6.1375	56.057
41.6125	-6.1125	56.069
41.6125	-6.0875	56.065
41.6125	-6.0625	56.081
41.6125	-6.0375	56.071
41.6125	-6.0125	56.052
41.6125	-5.9875	56.044
41.6375	-10.0125	51.673
41.6375	-9.9875	51.73
41.6375	-9.9625	51.788
41.6375	-9.9375	51.849
41.6375	-9.9125	51.912
41.6375	-9.8875	51.979
41.6375	-9.8625	52.05
41.6375	-9.8375	52.122
41.6375	-9.8125	52.199
41.6375	-9.7875	52.281
41.6375	-9.7625	52.364
41.6375	-9.7375	52.449
41.6375	-9.7125	52.536
41.6375	-9.6875	52.623
41.6375	-9.6625	52.708
41.6375	-9.6375	52.791
41.6375	-9.6125	52.874
41.6375	-9.5875	52.96
41.6375	-9.5625	53.052
41.6375	-9.5375	53.151
41.6375	-9.5125	53.257
41.6375	-9.4875	53.368
41.6375	-9.4625	53.475
41.6375	-9.4375	53.568
41.6375	-9.4125	53.671
41.6375	-9.3875	53.805
41.6375	-9.3625	53.949
41.6375	-9.3375	54.075
41.6375	-9.3125	54.183
41.6375	-9.2875	54.281
41.6375	-9.2625	54.377
41.6375	-9.2375	54.465
41.6375	-9.2125	54.538
41.6375	-9.1875	54.591
41.6375	-9.1625	54.632
41.6375	-9.1375	54.658
41.6375	-9.1125	54.691
41.6375	-9.0875	54.726
41.6375	-9.0625	54.752
41.6375	-9.0375	54.793
41.6375	-9.0125	54.828
41.6375	-8.9875	54.877
41.6375	-8.9625	54.921
41.6375	-8.9375	54.96
41.6375	-8.9125	54.986
41.6375	-8.8875	55.003
41.6375	-8.8625	55.012
41.6375	-8.8375	55.011
41.6375	-8.8125	55.005
41.6375	-8.7875	54.999
41.6375	-8.7625	54.998
41.6375	-8.7375	55.021
41.6375	-8.7125	55.069
41.6375	-8.6875	55.112
41.6375	-8.6625	55.148
41.6375	-8.6375	55.165
41.6375	-8.6125	55.184
41.6375	-8.5875	55.194
41.6375	-8.5625	55.2
41.6375	-8.5375	55.205
41.6375	-8.5125	55.187
41.6375	-8.4875	55.191
41.6375	-8.4625	55.203
41.6375	-8.4375	55.221
41.6375	-8.4125	55.256
41.6375	-8.3875	55.328
41.6375	-8.3625	55.394
41.6375	-8.3375	55.469
41.6375	-8.3125	55.538
41.6375	-8.2875	55.617
41.6375	-8.2625	55.718
41.6375	-8.2375	55.797
41.6375	-8.2125	55.878
41.6375	-8.1875	55.946
41.6375	-8.1625	55.995
41.6375	-8.1375	56.043
41.6375	-8.1125	56.146
41.6375	-8.0875	56.246
41.6375	-8.0625	56.362
41.6375	-8.0375	56.434
41.6375	-8.0125	56.484
41.6375	-7.9875	56.518
41.6375	-7.9625	56.526
41.6375	-7.9375	56.559
41.6375	-7.9125	56.574
41.6375	-7.8875	56.563
41.6375	-7.8625	56.55
41.6375	-7.8375	56.513
41.6375	-7.8125	56.467
41.6375	-7.7875	56.427
41.6375	-7.7625	56.394
41.6375	-7.7375	56.349
41.6375	-7.7125	56.315
41.6375	-7.6875	56.263
41.6375	-7.6625	56.168
41.6375	-7.6375	56.109
41.6375	-7.6125	56.06
41.6375	-7.5875	56.016
41.6375	-7.5625	55.985
41.6375	-7.5375	55.992
41.6375	-7.5125	55.993
41.6375	-7.4875	56.035
41.6375	-7.4625	56.046
41.6375	-7.4375	56.056
41.6375	-7.4125	56.031
41.6375	-7.3875	56.005
41.6375	-7.3625	55.96
41.6375	-7.3375	55.936
41.6375	-7.3125	55.904
41.6375	-7.2875	55.882
41.6375	-7.2625	55.849
41.6375	-7.2375	55.846
41.6375	-7.2125	55.85
41.6375	-7.1875	55.859
41.6375	-7.1625	55.885
41.6375	-7.1375	55.922
41.6375	-7.1125	55.982
41.6375	-7.0875	56.041
41.6375	-7.0625	56.085
41.6375	-7.0375	56.143
41.6375	-7.0125	56.211
41.6375	-6.9875	56.268
41.6375	-6.9625	56.342
41.6375	-6.9375	56.416
41.6375	-6.9125	56.485
41.6375	-6.8875	56.54
41.6375	-6.8625	56.593
41.6375	-6.8375	56.626
41.6375	-6.8125	56.61
41.6375	-6.7875	56.581
41.6375	-6.7625	56.525
41.6375	-6.7375	56.467
41.6375	-6.7125	56.419
41.6375	-6.6875	56.367
41.6375	-6.6625	56.326
41.6375	-6.6375	56.297
41.6375	-6.6125	56.289
41.6375	-6.5875	56.28
41.6375	-6.5625	56.275
41.6375	-6.5375	56.282
41.6375	-6.5125	56.288
41.6375	-6.4875	56.281
41.6375	-6.4625	56.253
41.6375	-6.4375	56.232
41.6375	-6.4125	56.216
41.6375	-6.3875	56.197
41.6375	-6.3625	56.167
41.6375	-6.3375	56.14
41.6375	-6.3125	56.117
41.6375	-6.2875	56.118
41.6375	-6.2625	56.109
41.6375	-6.2375	56.096
41.6375	-6.2125	56.1
41.6375	-6.1875	56.095
41.6375	-6.1625	56.1
41.6375	-6.1375	56.107
41.6375	-6.1125	56.108
41.6375	-6.0875	56.113
41.6375	-6.0625	56.106
41.6375	-6.0375	56.098
41.6375	-6.0125	56.086
41.6375	-5.9875	56.068
41.6625	-10.0125	51.757
41.6625	-9.9875	51.813
41.6625	-9.9625	51.869
41.6625	-9.9375	51.928
41.6625	-9.9125	51.987
41.6625	-9.8875	52.049
41.6625	-9.8625	52.114
41.6625	-9.8375	52.18
41.6625	-9.8125	52.249
41.6625	-9.7875	52.323
41.6625	-9.7625	52.399
41.6625	-9.7375	52.479
41.6625	-9.7125	52.564
41.6625	-9.6875	52.65
41.6625	-9.6625	52.737
41.6625	-9.6375	52.824
41.6625	-9.6125	52.91
41.6625	-9.5875	52.999
41.6625	-9.5625	53.095
41.6625	-9.5375	53.2
41.6625	-9.5125	53.312
41.6625	-9.4875	53.429
41.6625	-9.4625	53.54
41.6625	-9.4375	53.636
41.6625	-9.4125	53.74
41.6625	-9.3875	53.872
41.6625	-9.3625	54.017
41.6625	-9.3375	54.151
41.6625	-9.3125	54.268
41.6625	-9.2875	54.363
41.6625	-9.2625	54.451
41.6625	-9.2375	54.527
41.6625	-9.2125	54.59
41.6625	-9.1875	54.639
41.6625	-9.1625	54.67
41.6625	-9.1375	54.706
41.6625	-9.1125	54.739
41.6625	-9.0875	54.775
41.6625	-9.0625	54.803
41.6625	-9.0375	54.843
41.6625	-9.0125	54.879
41.6625	-8.9875	54.918
41.6625	-8.9625	54.957
41.6625	-8.9375	54.993
41.6625	-8.9125	55.026
41.6625	-8.8875	55.043
41.6625	-8.8625	55.049
41.6625	-8.8375	55.035
41.6625	-8.8125	55.024
41.6625	-8.7875	55.003
41.6625	-8.7625	55.001
41.6625	-8.7375	55.035
41.6625	-8.7125	55.073
41.6625	-8.6875	55.133
41.6625	-8.6625	55.168
41.6625	-8.6375	55.19
41.6625	-8.6125	55.196
41.6625	-8.5875	55.213
41.6625	-8.5625	55.219
41.6625	-8.5375	55.223
41.6625	-8.5125	55.229
41.6625	-8.4875	55.23
41.6625	-8.4625	55.251
41.6625	-8.4375	55.265
41.6625	-8.4125	55.301
41.6625	-8.3875	55.374
41.6625	-8.3625	55.465
41.6625	-8.3375	55.557
41.6625	-8.3125	55.628
41.6625	-8.2875	55.708
41.6625	-8.2625	55.793
41.6625	-8.2375	55.877
41.6625	-8.2125	55.943
41.6625	-8.1875	55.984
41.6625	-8.1625	56.058
41.6625	-8.1375	56.137
41.6625	-8.1125	56.214
41.6625	-8.0875	56.297
41.6625	-8.0625	56.376
41.6625	-8.0375	56.442
41.6625	-8.0125	56.496
41.6625	-7.9875	56.521
41.6625	-7.9625	56.547
41.6625	-7.9375	56.569
41.6625	-7.9125	56.598
41.6625	-7.8875	56.616
41.6625	-7.8625	56.605
41.6625	-7.8375	56.589
41.6625	-7.8125	56.555
41.6625	-7.7875	56.519
41.6625	-7.7625	56.47
41.6625	-7.7375	56.422
41.6625	-7.7125	56.358
41.6625	-7.6875	56.293
41.6625	-7.6625	56.211
41.6625	-7.6375	56.137
41.6625	-7.6125	56.087
41.6625	-7.5875	56.015
41.6625	-7.5625	55.99
41.6625	-7.5375	55.992
41.6625	-7.5125	55.992
41.6625	-7.4875	56.002
41.6625	-7.4625	56.028
41.6625	-7.4375	56.034
41.6625	-7.4125	56.035
41.6625	-7.3875	56.016
41.6625	-7.3625	55.991
41.6625	-7.3375	55.974
41.6625	-7.3125	55.958
41.6625	-7.2875	55.93
41.6625	-7.2625	55.912
41.6625	-7.2375	55.894
41.6625	-7.2125	55.909
41.6625	-7.1875	55.913
41.6625	-7.1625	55.94
41.6625	-7.1375	55.973
41.6625	-7.1125	56.033
41.6625	-7.0875	56.108
41.6625	-7.0625	56.153
41.6625	-7.0375	56.201
41.6625	-7.0125	56.261
41.6625	-6.9875	56.338
41.6625	-6.9625	56.401
41.6625	-6.9375	56.476
41.6625	-6.9125	56.546
41.6625	-6.8875	56.612
41.6625	-6.8625	56.656
41.6625	-6.8375	56.689
41.6625	-6.8125	56.666
41.6625	-6.7875	56.63
41.6625	-6.7625	56.569
41.6625	-6.7375	56.508
41.6625	-6.7125	56.465
41.6625	-6.6875	56.425
41.6625	-6.6625	56.381
41.6625	-6.6375	56.356
41.6625	-6.6125	56.329
41.6625	-6.5875	56.32
41.6625	-6.5625	56.305
41.6625	-6.5375	56.312
41.6625	-6.5125	56.315
41.6625	-6.4875	56.309
41.6625	-6.4625	56.284
41.6625	-6.4375	56.275
41.6625	-6.4125	56.256
41.6625	-6.3875	56.237
41.6625	-6.3625	56.217
41.6625	-6.3375	56.2
41.6625	-6.3125	56.19
41.6625	-6.2875	56.181
41.6625	-6.2625	56.176
41.6625	-6.2375	56.166
41.6625	-6.2125	56.16
41.6625	-6.1875	56.162
41.6625	-6.1625	56.156
41.6625	-6.1375	56.16
41.6625	-6.1125	56.147
41.6625	-6.0875	56.141
41.6625	-6.0625	56.121
41.6625	-6.0375	56.116
41.6625	-6.0125	56.107
41.6625	-5.9875	56.079
41.6875	-10.0125	51.845
41.6875	-9.9875	51.899
41.6875	-9.9625	51.955
41.6875	-9.9375	52.009
41.6875	-9.9125	52.064
41.6875	-9.8875	52.119
41.6875	-9.8625	52.177
41.6875	-9.8375	52.235
41.6875	-9.8125	52.297
41.6875	-9.7875	52.364
41.6875	-9.7625	52.436
41.6875	-9.7375	52.512
41.6875	-9.7125	52.594
41.6875	-9.6875	52.681
41.6875	-9.6625	52.771
41.6875	-9.6375	52.861
41.6875	-9.6125	52.951
41.6875	-9.5875	53.043
41.6875	-9.5625	53.142
41.6875	-9.5375	53.25
41.6875	-9.5125	53.368
41.6875	-9.4875	53.492
41.6875	-9.4625	53.609
41.6875	-9.4375	53.705
41.6875	-9.4125	53.799
41.6875	-9.3875	53.915
41.6875	-9.3625	54.053
41.6875	-9.3375	54.202
41.6875	-9.3125	54.344
41.6875	-9.2875	54.444
41.6875	-9.2625	54.523
41.6875	-9.2375	54.585
41.6875	-9.2125	54.638
41.6875	-9.1875	54.684
41.6875	-9.1625	54.715
41.6875	-9.1375	54.751
41.6875	-9.1125	54.787
41.6875	-9.0875	54.813
41.6875	-9.0625	54.85
41.6875	-9.0375	54.881
41.6875	-9.0125	54.917
41.6875	-8.9875	54.953
41.6875	-8.9625	54.988
41.6875	-8.9375	55.022
41.6875	-8.9125	55.042
41.6875	-8.8875	55.057
41.6875	-8.8625	55.065
41.6875	-8.8375	55.059
41.6875	-8.8125	55.027
41.6875	-8.7875	55.007
41.6875	-8.7625	55.004
41.6875	-8.7375	55.018
41.6875	-8.7125	55.059
41.6875	-8.6875	55.129
41.6875	-8.6625	55.176
41.6875	-8.6375	55.202
41.6875	-8.6125	55.218
41.6875	-8.5875	55.239
41.6875	-8.5625	55.257
41.6875	-8.5375	55.264
41.6875	-8.5125	55.277
41.6875	-8.4875	55.288
41.6875	-8.4625	55.314
41.6875	-8.4375	55.326
41.6875	-8.4125	55.355
41.6875	-8.3875	55.429
41.6875	-8.3625	55.498
41.6875	-8.3375	55.59
41.6875	-8.3125	55.697
41.6875	-8.2875	55.807
41.6875	-8.2625	55.893
41.6875	-8.2375	55.962
41.6875	-8.2125	56.011
41.6875	-8.1875	56.042
41.6875	-8.1625	56.101
41.6875	-8.1375	56.162
41.6875	-8.1125	56.226
41.6875	-8.0875	56.299
41.6875	-8.0625	56.366
41.6875	-8.0375	56.417
41.6875	-8.0125	56.456
41.6875	-7.9875	56.516
41.6875	-7.9625	56.547
41.6875	-7.9375	56.572
41.6875	-7.9125	56.596
41.6875	-7.8875	56.614
41.6875	-7.8625	56.634
41.6875	-7.8375	56.642
41.6875	-7.8125	56.622
41.6875	-7.7875	56.588
41.6875	-7.7625	56.536
41.6875	-7.7375	56.479
41.6875	-7.7125	56.413
41.6875	-7.6875	56.34
41.6875	-7.6625	56.245
41.6875	-7.6375	56.179
41.6875	-7.6125	56.112
41.6875	-7.5875	56.054
41.6875	-7.5625	56.005
41.6875	-7.5375	55.993
41.6875	-7.5125	55.985
41.6875	-7.4875	55.98
41.6875	-7.4625	55.993
41.6875	-7.4375	56.009
41.6875	-7.4125	56.016
41.6875	-7.3875	56.025
41.6875	-7.3625	56.022
41.6875	-7.3375	56.004
41.6875	-7.3125	55.995
41.6875	-7.2875	55.984
41.6875	-7.2625	55.975
41.6875	-7.2375	55.974
41.6875	-7.2125	55.97
41.6875	-7.1875	55.992
41.6875	-7.1625	56.018
41.6875	-7.1375	56.046
41.6875	-7.1125	56.105
41.6875	-7.0875	56.17
41.6875	-7.0625	56.228
41.6875	-7.0375	56.277
41.6875	-7.0125	56.324
41.6875	-6.9875	56.401
41.6875	-6.9625	56.465
41.6875	-6.9375	56.525
41.6875	-6.9125	56.578
41.6875	-6.8875	56.62
41.6875	-6.8625	56.659
41.6875	-6.8375	56.681
41.6875	-6.8125	56.667
41.6875	-6.7875	56.637
41.6875	-6.7625	56.603
41.6875	-6.7375	56.566
41.6875	-6.7125	56.523
41.6875	-6.6875	56.486
41.6875	-6.6625	56.45
41.6875	-6.6375	56.421
41.6875	-6.6125	56.399
41.6875	-6.5875	56.383
41.6875	-6.5625	56.358
41.6875	-6.5375	56.355
41.6875	-6.5125	56.346
41.6875	-6.4875	56.353
41.6875	-6.4625	56.345
41.6875	-6.4375	56.331
41.6875	-6.4125	56.317
41.6875	-6.3875	56.308
41.6875	-6.3625	56.287
41.6875	-6.3375	56.275
41.6875	-6.3125	56.258
41.6875	-6.2875	56.252
41.6875	-6.2625	56.247
41.6875	-6.2375	56.235
41.6875	-6.2125	56.24
41.6875	-6.1875	56.225
41.6875	-6.1625	56.215
41.6875	-6.1375	56.199
41.6875	-6.1125	56.184
41.6875	-6.0875	56.176
41.6875	-6.0625	56.157
41.6875	-6.0375	56.136
41.6875	-6.0125	56.124
41.6875	-5.9875	56.091
41.7125	-10.0125	51.936
41.7125	-9.9875	51.989
41.7125	-9.9625	52.042
41.7125	-9.9375	52.092
41.7125	-9.9125	52.141
41.7125	-9.8875	52.188
41.7125	-9.8625	52.236
41.7125	-9.8375	52.286
41.7125	-9.8125	52.343
41.7125	-9.7875	52.405
41.7125	-9.7625	52.473
41.7125	-9.7375	52.548
41.7125	-9.7125	52.629
41.7125	-9.6875	52.716
41.7125	-9.6625	52.809
41.7125	-9.6375	52.902
41.7125	-9.6125	52.996
41.7125	-9.5875	53.091
41.7125	-9.5625	53.19
41.7125	-9.5375	53.303
41.7125	-9.5125	53.427
41.7125	-9.4875	53.556
41.7125	-9.4625	53.68
41.7125	-9.4375	53.775
41.7125	-9.4125	53.861
41.7125	-9.3875	53.966
41.7125	-9.3625	54.1
41.7125	-9.3375	54.253
41.7125	-9.3125	54.403
41.7125	-9.2875	54.513
41.7125	-9.2625	54.589
41.7125	-9.2375	54.646
41.7125	-9.2125	54.691
41.7125	-9.1875	54.723
41.7125	-9.1625	54.761
41.7125	-9.1375	54.796
41.7125	-9.1125	54.832
41.7125	-9.0875	54.855
41.7125	-9.0625	54.883
41.7125	-9.0375	54.921
41.7125	-9.0125	54.956
41.7125	-8.9875	54.991
41.7125	-8.9625	55.015
41.7125	-8.9375	55.036
41.7125	-8.9125	55.054
41.7125	-8.8875	55.072
41.7125	-8.8625	55.075
41.7125	-8.8375	55.085
41.7125	-8.8125	55.044
41.7125	-8.7875	55.02
41.7125	-8.7625	55.016
41.7125	-8.7375	55.028
41.7125	-8.7125	55.067
41.7125	-8.6875	55.109
41.7125	-8.6625	55.154
41.7125	-8.6375	55.208
41.7125	-8.6125	55.237
41.7125	-8.5875	55.264
41.7125	-8.5625	55.295
41.7125	-8.5375	55.314
41.7125	-8.5125	55.336
41.7125	-8.4875	55.362
41.7125	-8.4625	55.361
41.7125	-8.4375	55.395
41.7125	-8.4125	55.423
41.7125	-8.3875	55.496
41.7125	-8.3625	55.559
41.7125	-8.3375	55.617
41.7125	-8.3125	55.714
41.7125	-8.2875	55.845
41.7125	-8.2625	55.924
41.7125	-8.2375	56.005
41.7125	-8.2125	56.047
41.7125	-8.1875	56.113
41.7125	-8.1625	56.172
41.7125	-8.1375	56.26
41.7125	-8.1125	56.326
41.7125	-8.0875	56.37
41.7125	-8.0625	56.401
41.7125	-8.0375	56.415
41.7125	-8.0125	56.469
41.7125	-7.9875	56.512
41.7125	-7.9625	56.55
41.7125	-7.9375	56.572
41.7125	-7.9125	56.582
41.7125	-7.8875	56.613
41.7125	-7.8625	56.632
41.7125	-7.8375	56.661
41.7125	-7.8125	56.66
41.7125	-7.7875	56.625
41.7125	-7.7625	56.595
41.7125	-7.7375	56.536
41.7125	-7.7125	56.464
41.7125	-7.6875	56.397
41.7125	-7.6625	56.319
41.7125	-7.6375	56.237
41.7125	-7.6125	56.15
41.7125	-7.5875	56.094
41.7125	-7.5625	56.048
41.7125	-7.5375	56
41.7125	-7.5125	55.964
41.7125	-7.4875	55.954
41.7125	-7.4625	55.953
41.7125	-7.4375	55.973
41.7125	-7.4125	55.994
41.7125	-7.3875	56.024
41.7125	-7.3625	56.034
41.7125	-7.3375	56.045
41.7125	-7.3125	56.05
41.7125	-7.2875	56.052
41.7125	-7.2625	56.061
41.7125	-7.2375	56.055
41.7125	-7.2125	56.051
41.7125	-7.1875	56.066
41.7125	-7.1625	56.095
41.7125	-7.1375	56.125
41.7125	-7.1125	56.156
41.7125	-7.0875	56.227
41.7125	-7.0625	56.294
41.7125	-7.0375	56.348
41.7125	-7.0125	56.405
41.7125	-6.9875	56.46
41.7125	-6.9625	56.53
41.7125	-6.9375	56.574
41.7125	-6.9125	56.608
41.7125	-6.8875	56.643
41.7125	-6.8625	56.648
41.7125	-6.8375	56.67
41.7125	-6.8125	56.667
41.7125	-6.7875	56.655
41.7125	-6.7625	56.644
41.7125	-6.7375	56.618
41.7125	-6.7125	56.589
41.7125	-6.6875	56.563
41.7125	-6.6625	56.522
41.7125	-6.6375	56.507
41.7125	-6.6125	56.489
41.7125	-6.5875	56.457
41.7125	-6.5625	56.433
41.7125	-6.5375	56.428
41.7125	-6.5125	56.412
41.7125	-6.4875	56.412
41.7125	-6.4625	56.408
41.7125	-6.4375	56.413
41.7125	-6.4125	56.408
41.7125	-6.3875	56.398
41.7125	-6.3625	56.373
41.7125	-6.3375	56.358
41.7125	-6.3125	56.348
41.7125	-6.2875	56.335
41.7125	-6.2625	56.329
41.7125	-6.2375	56.317
41.7125	-6.2125	56.295
41.7125	-6.1875	56.288
41.7125	-6.1625	56.285
41.7125	-6.1375	56.258
41.7125	-6.1125	56.241
41.7125	-6.0875	56.222
41.7125	-6.0625	56.192
41.7125	-6.0375	56.179
41.7125	-6.0125	56.144
41.7125	-5.9875	56.126
41.7375	-10.0125	52.024
41.7375	-9.9875	52.079
41.7375	-9.9625	52.128
41.7375	-9.9375	52.172
41.7375	-9.9125	52.213
41.7375	-9.8875	52.252
41.7375	-9.8625	52.29
41.7375	-9.8375	52.333
41.7375	-9.8125	52.384
41.7375	-9.7875	52.443
41.7375	-9.7625	52.51
41.7375	-9.7375	52.582
41.7375	-9.7125	52.664
41.7375	-9.6875	52.752
41.7375	-9.6625	52.848
41.7375	-9.6375	52.945
41.7375	-9.6125	53.041
41.7375	-9.5875	53.139
41.7375	-9.5625	53.242
41.7375	-9.5375	53.356
41.7375	-9.5125	53.483
41.7375	-9.4875	53.613
41.7375	-9.4625	53.738
41.7375	-9.4375	53.836
41.7375	-9.4125	53.923
41.7375	-9.3875	54.025
41.7375	-9.3625	54.157
41.7375	-9.3375	54.314
41.7375	-9.3125	54.472
41.7375	-9.2875	54.583
41.7375	-9.2625	54.654
41.7375	-9.2375	54.705
41.7375	-9.2125	54.742
41.7375	-9.1875	54.771
41.7375	-9.1625	54.807
41.7375	-9.1375	54.841
41.7375	-9.1125	54.862
41.7375	-9.0875	54.895
41.7375	-9.0625	54.92
41.7375	-9.0375	54.95
41.7375	-9.0125	54.981
41.7375	-8.9875	55.004
41.7375	-8.9625	55.033
41.7375	-8.9375	55.051
41.7375	-8.9125	55.06
41.7375	-8.8875	55.072
41.7375	-8.8625	55.077
41.7375	-8.8375	55.097
41.7375	-8.8125	55.083
41.7375	-8.7875	55.049
41.7375	-8.7625	55.056
41.7375	-8.7375	55.064
41.7375	-8.7125	55.1
41.7375	-8.6875	55.141
41.7375	-8.6625	55.183
41.7375	-8.6375	55.211
41.7375	-8.6125	55.251
41.7375	-8.5875	55.275
41.7375	-8.5625	55.311
41.7375	-8.5375	55.347
41.7375	-8.5125	55.372
41.7375	-8.4875	55.404
41.7375	-8.4625	55.439
41.7375	-8.4375	55.446
41.7375	-8.4125	55.501
41.7375	-8.3875	55.566
41.7375	-8.3625	55.64
41.7375	-8.3375	55.71
41.7375	-8.3125	55.784
41.7375	-8.2875	55.869
41.7375	-8.2625	55.941
41.7375	-8.2375	56.022
41.7375	-8.2125	56.098
41.7375	-8.1875	56.182
41.7375	-8.1625	56.266
41.7375	-8.1375	56.356
41.7375	-8.1125	56.423
41.7375	-8.0875	56.472
41.7375	-8.0625	56.493
41.7375	-8.0375	56.5
41.7375	-8.0125	56.522
41.7375	-7.9875	56.529
41.7375	-7.9625	56.576
41.7375	-7.9375	56.602
41.7375	-7.9125	56.615
41.7375	-7.8875	56.621
41.7375	-7.8625	56.65
41.7375	-7.8375	56.668
41.7375	-7.8125	56.672
41.7375	-7.7875	56.654
41.7375	-7.7625	56.625
41.7375	-7.7375	56.583
41.7375	-7.7125	56.521
41.7375	-7.6875	56.466
41.7375	-7.6625	56.386
41.7375	-7.6375	56.31
41.7375	-7.6125	56.212
41.7375	-7.5875	56.15
41.7375	-7.5625	56.102
41.7375	-7.5375	56.041
41.7375	-7.5125	56
41.7375	-7.4875	55.97
41.7375	-7.4625	55.938
41.7375	-7.4375	55.94
41.7375	-7.4125	55.982
41.7375	-7.3875	56.017
41.7375	-7.3625	56.05
41.7375	-7.3375	56.074
41.7375	-7.3125	56.096
41.7375	-7.2875	56.114
41.7375	-7.2625	56.137
41.7375	-7.2375	56.139
41.7375	-7.2125	56.135
41.7375	-7.1875	56.132
41.7375	-7.1625	56.175
41.7375	-7.1375	56.212
41.7375	-7.1125	56.242
41.7375	-7.0875	56.297
41.7375	-7.0625	56.367
41.7375	-7.0375	56.439
41.7375	-7.0125	56.51
41.7375	-6.9875	56.562
41.7375	-6.9625	56.605
41.7375	-6.9375	56.637
41.7375	-6.9125	56.679
41.7375	-6.8875	56.693
41.7375	-6.8625	56.705
41.7375	-6.8375	56.713
41.7375	-6.8125	56.708
41.7375	-6.7875	56.702
41.7375	-6.7625	56.683
41.7375	-6.7375	56.673
41.7375	-6.7125	56.657
41.7375	-6.6875	56.636
41.7375	-6.6625	56.61
41.7375	-6.6375	56.594
41.7375	-6.6125	56.564
41.7375	-6.5875	56.529
41.7375	-6.5625	56.514
41.7375	-6.5375	56.502
41.7375	-6.5125	56.493
41.7375	-6.4875	56.496
41.7375	-6.4625	56.494
41.7375	-6.4375	56.491
41.7375	-6.4125	56.488
41.7375	-6.3875	56.492
41.7375	-6.3625	56.473
41.7375	-6.3375	56.458
41.7375	-6.3125	56.437
41.7375	-6.2875	56.423
41.7375	-6.2625	56.406
41.7375	-6.2375	56.39
41.7375	-6.2125	56.375
41.7375	-6.1875	56.361
41.7375	-6.1625	56.345
41.7375	-6.1375	56.325
41.7375	-6.1125	56.303
41.7375	-6.0875	56.287
41.7375	-6.0625	56.255
41.7375	-6.0375	56.22
41.7375	-6.0125	56.197
41.7375	-5.9875	56.165
41.7625	-10.0125	52.104
41.7625	-9.9875	52.156
41.7625	-9.9625	52.202
41.7625	-9.9375	52.241
41.7625	-9.9125	52.276
41.7625	-9.8875	52.306
41.7625	-9.8625	52.338
41.7625	-9.8375	52.377
41.7625	-9.8125	52.422
41.7625	-9.7875	52.478
41.7625	-9.7625	52.542
41.7625	-9.7375	52.617
41.7625	-9.7125	52.698
41.7625	-9.6875	52.788
41.7625	-9.6625	52.884
41.7625	-9.6375	52.982
41.7625	-9.6125	53.082
41.7625	-9.5875	53.182
41.7625	-9.5625	53.288
41.7625	-9.5375	53.405
41.7625	-9.5125	53.533
41.7625	-9.4875	53.664
41.7625	-9.4625	53.79
41.7625	-9.4375	53.893
41.7625	-9.4125	53.984
41.7625	-9.3875	54.089
41.7625	-9.3625	54.222
41.7625	-9.3375	54.375
41.7625	-9.3125	54.523
41.7625	-9.2875	54.634
41.7625	-9.2625	54.706
41.7625	-9.2375	54.752
41.7625	-9.2125	54.779
41.7625	-9.1875	54.817
41.7625	-9.1625	54.852
41.7625	-9.1375	54.884
41.7625	-9.1125	54.904
41.7625	-9.0875	54.925
41.7625	-9.0625	54.96
41.7625	-9.0375	54.988
41.7625	-9.0125	55.008
41.7625	-8.9875	55.038
41.7625	-8.9625	55.046
41.7625	-8.9375	55.061
41.7625	-8.9125	55.069
41.7625	-8.8875	55.072
41.7625	-8.8625	55.082
41.7625	-8.8375	55.111
41.7625	-8.8125	55.123
41.7625	-8.7875	55.095
41.7625	-8.7625	55.124
41.7625	-8.7375	55.16
41.7625	-8.7125	55.187
41.7625	-8.6875	55.218
41.7625	-8.6625	55.252
41.7625	-8.6375	55.266
41.7625	-8.6125	55.284
41.7625	-8.5875	55.312
41.7625	-8.5625	55.346
41.7625	-8.5375	55.386
41.7625	-8.5125	55.409
41.7625	-8.4875	55.454
41.7625	-8.4625	55.49
41.7625	-8.4375	55.499
41.7625	-8.4125	55.556
41.7625	-8.3875	55.634
41.7625	-8.3625	55.686
41.7625	-8.3375	55.76
41.7625	-8.3125	55.863
41.7625	-8.2875	55.95
41.7625	-8.2625	56.035
41.7625	-8.2375	56.108
41.7625	-8.2125	56.173
41.7625	-8.1875	56.25
41.7625	-8.1625	56.35
41.7625	-8.1375	56.439
41.7625	-8.1125	56.498
41.7625	-8.0875	56.56
41.7625	-8.0625	56.576
41.7625	-8.0375	56.575
41.7625	-8.0125	56.58
41.7625	-7.9875	56.567
41.7625	-7.9625	56.597
41.7625	-7.9375	56.63
41.7625	-7.9125	56.649
41.7625	-7.8875	56.677
41.7625	-7.8625	56.691
41.7625	-7.8375	56.701
41.7625	-7.8125	56.695
41.7625	-7.7875	56.681
41.7625	-7.7625	56.658
41.7625	-7.7375	56.627
41.7625	-7.7125	56.572
41.7625	-7.6875	56.511
41.7625	-7.6625	56.453
41.7625	-7.6375	56.372
41.7625	-7.6125	56.29
41.7625	-7.5875	56.228
41.7625	-7.5625	56.163
41.7625	-7.5375	56.111
41.7625	-7.5125	56.049
41.7625	-7.4875	56.006
41.7625	-7.4625	55.967
41.7625	-7.4375	55.95
41.7625	-7.4125	55.977
41.7625	-7.3875	56.012
41.7625	-7.3625	56.068
41.7625	-7.3375	56.113
41.7625	-7.3125	56.153
41.7625	-7.2875	56.174
41.7625	-7.2625	56.203
41.7625	-7.2375	56.212
41.7625	-7.2125	56.222
41.7625	-7.1875	56.226
41.7625	-7.1625	56.256
41.7625	-7.1375	56.297
41.7625	-7.1125	56.343
41.7625	-7.0875	56.39
41.7625	-7.0625	56.454
41.7625	-7.0375	56.512
41.7625	-7.0125	56.582
41.7625	-6.9875	56.636
41.7625	-6.9625	56.696
41.7625	-6.9375	56.736
41.7625	-6.9125	56.762
41.7625	-6.8875	56.785
41.7625	-6.8625	56.8
41.7625	-6.8375	56.789
41.7625	-6.8125	56.785
41.7625	-6.7875	56.796
41.7625	-6.7625	56.786
41.7625	-6.7375	56.756
41.7625	-6.7125	56.725
41.7625	-6.6875	56.697
41.7625	-6.6625	56.685
41.7625	-6.6375	56.661
41.7625	-6.6125	56.647
41.7625	-6.5875	56.627
41.7625	-6.5625	56.6
41.7625	-6.5375	56.592
41.7625	-6.5125	56.583
41.7625	-6.4875	56.587
41.7625	-6.4625	56.575
41.7625	-6.4375	56.573
41.7625	-6.4125	56.576
41.7625	-6.3875	56.58
41.7625	-6.3625	56.557
41.7625	-6.3375	56.553
41.7625	-6.3125	56.529
41.7625	-6.2875	56.508
41.7625	-6.2625	56.493
41.7625	-6.2375	56.47
41.7625	-6.2125	56.444
41.7625	-6.1875	56.428
41.7625	-6.1625	56.407
41.7625	-6.1375	56.389
41.7625	-6.1125	56.369
41.7625	-6.0875	56.34
41.7625	-6.0625	56.313
41.7625	-6.0375	56.28
41.7625	-6.0125	56.248
41.7625	-5.9875	56.213
41.7875	-10.0125	52.16
41.7875	-9.9875	52.21
41.7875	-9.9625	52.253
41.7875	-9.9375	52.29
41.7875	-9.9125	52.323
41.7875	-9.8875	52.35
41.7875	-9.8625	52.379
41.7875	-9.8375	52.415
41.7875	-9.8125	52.459
41.7875	-9.7875	52.512
41.7875	-9.7625	52.578
41.7875	-9.7375	52.652
41.7875	-9.7125	52.734
41.7875	-9.6875	52.824
41.7875	-9.6625	52.919
41.7875	-9.6375	53.019
41.7875	-9.6125	53.119
41.7875	-9.5875	53.221
41.7875	-9.5625	53.331
41.7875	-9.5375	53.451
41.7875	-9.5125	53.58
41.7875	-9.4875	53.714
41.7875	-9.4625	53.844
41.7875	-9.4375	53.956
41.7875	-9.4125	54.055
41.7875	-9.3875	54.166
41.7875	-9.3625	54.302
41.7875	-9.3375	54.447
41.7875	-9.3125	54.581
41.7875	-9.2875	54.683
41.7875	-9.2625	54.749
41.7875	-9.2375	54.797
41.7875	-9.2125	54.826
41.7875	-9.1875	54.861
41.7875	-9.1625	54.895
41.7875	-9.1375	54.917
41.7875	-9.1125	54.947
41.7875	-9.0875	54.967
41.7875	-9.0625	54.991
41.7875	-9.0375	55.017
41.7875	-9.0125	55.046
41.7875	-8.9875	55.064
41.7875	-8.9625	55.078
41.7875	-8.9375	55.083
41.7875	-8.9125	55.089
41.7875	-8.8875	55.099
41.7875	-8.8625	55.104
41.7875	-8.8375	55.12
41.7875	-8.8125	55.134
41.7875	-8.7875	55.156
41.7875	-8.7625	55.191
41.7875	-8.7375	55.265
41.7875	-8.7125	55.313
41.7875	-8.6875	55.355
41.7875	-8.6625	55.344
41.7875	-8.6375	55.337
41.7875	-8.6125	55.359
41.7875	-8.5875	55.37
41.7875	-8.5625	55.402
41.7875	-8.5375	55.421
41.7875	-8.5125	55.449
41.7875	-8.4875	55.477
41.7875	-8.4625	55.518
41.7875	-8.4375	55.58
41.7875	-8.4125	55.594
41.7875	-8.3875	55.657
41.7875	-8.3625	55.712
41.7875	-8.3375	55.766
41.7875	-8.3125	55.85
41.7875	-8.2875	55.946
41.7875	-8.2625	56.048
41.7875	-8.2375	56.151
41.7875	-8.2125	56.232
41.7875	-8.1875	56.311
41.7875	-8.1625	56.389
41.7875	-8.1375	56.484
41.7875	-8.1125	56.559
41.7875	-8.0875	56.601
41.7875	-8.0625	56.626
41.7875	-8.0375	56.647
41.7875	-8.0125	56.637
41.7875	-7.9875	56.633
41.7875	-7.9625	56.643
41.7875	-7.9375	56.674
41.7875	-7.9125	56.714
41.7875	-7.8875	56.727
41.7875	-7.8625	56.744
41.7875	-7.8375	56.741
41.7875	-7.8125	56.737
41.7875	-7.7875	56.714
41.7875	-7.7625	56.698
41.7875	-7.7375	56.673
41.7875	-7.7125	56.637
41.7875	-7.6875	56.579
41.7875	-7.6625	56.503
41.7875	-7.6375	56.445
41.7875	-7.6125	56.38
41.7875	-7.5875	56.315
41.7875	-7.5625	56.244
41.7875	-7.5375	56.178
41.7875	-7.5125	56.118
41.7875	-7.4875	56.063
41.7875	-7.4625	56.026
41.7875	-7.4375	56.013
41.7875	-7.4125	56.016
41.7875	-7.3875	56.053
41.7875	-7.3625	56.108
41.7875	-7.3375	56.168
41.7875	-7.3125	56.213
41.7875	-7.2875	56.251
41.7875	-7.2625	56.272
41.7875	-7.2375	56.284
41.7875	-7.2125	56.297
41.7875	-7.1875	56.318
41.7875	-7.1625	56.345
41.7875	-7.1375	56.378
41.7875	-7.1125	56.44
41.7875	-7.0875	56.477
41.7875	-7.0625	56.524
41.7875	-7.0375	56.573
41.7875	-7.0125	56.646
41.7875	-6.9875	56.714
41.7875	-6.9625	56.782
41.7875	-6.9375	56.817
41.7875	-6.9125	56.836
41.7875	-6.8875	56.863
41.7875	-6.8625	56.877
41.7875	-6.8375	56.871
41.7875	-6.8125	56.869
41.7875	-6.7875	56.867
41.7875	-6.7625	56.861
41.7875	-6.7375	56.839
41.7875	-6.7125	56.792
41.7875	-6.6875	56.768
41.7875	-6.6625	56.752
41.7875	-6.6375	56.741
41.7875	-6.6125	56.721
41.7875	-6.5875	56.707
41.7875	-6.5625	56.7
41.7875	-6.5375	56.677
41.7875	-6.5125	56.67
41.7875	-6.4875	56.67
41.7875	-6.4625	56.658
41.7875	-6.4375	56.649
41.7875	-6.4125	56.654
41.7875	-6.3875	56.65
41.7875	-6.3625	56.639
41.7875	-6.3375	56.619
41.7875	-6.3125	56.601
41.7875	-6.2875	56.579
41.7875	-6.2625	56.559
41.7875	-6.2375	56.534
41.7875	-6.2125	56.515
41.7875	-6.1875	56.488
41.7875	-6.1625	56.479
41.7875	-6.1375	56.457
41.7875	-6.1125	56.428
41.7875	-6.0875	56.404
41.7875	-6.0625	56.367
41.7875	-6.0375	56.333
41.7875	-6.0125	56.289
41.7875	-5.9875	56.247
41.8125	-10.0125	52.192
41.8125	-9.9875	52.238
41.8125	-9.9625	52.281
41.8125	-9.9375	52.321
41.8125	-9.9125	52.355
41.8125	-9.8875	52.385
41.8125	-9.8625	52.417
41.8125	-9.8375	52.455
41.8125	-9.8125	52.499
41.8125	-9.7875	52.55
41.8125	-9.7625	52.615
41.8125	-9.7375	52.691
41.8125	-9.7125	52.773
41.8125	-9.6875	52.862
41.8125	-9.6625	52.957
41.8125	-9.6375	53.057
41.8125	-9.6125	53.158
41.8125	-9.5875	53.263
41.8125	-9.5625	53.374
41.8125	-9.5375	53.495
41.8125	-9.5125	53.626
41.8125	-9.4875	53.76
41.8125	-9.4625	53.891
41.8125	-9.4375	54.013
41.8125	-9.4125	54.129
41.8125	-9.3875	54.253
41.8125	-9.3625	54.388
41.8125	-9.3375	54.519
41.8125	-9.3125	54.633
41.8125	-9.2875	54.723
41.8125	-9.2625	54.789
41.8125	-9.2375	54.839
41.8125	-9.2125	54.869
41.8125	-9.1875	54.903
41.8125	-9.1625	54.939
41.8125	-9.1375	54.961
41.8125	-9.1125	54.991
41.8125	-9.0875	55.011
41.8125	-9.0625	55.033
41.8125	-9.0375	55.057
41.8125	-9.0125	55.074
41.8125	-8.9875	55.09
41.8125	-8.9625	55.1
41.8125	-8.9375	55.111
41.8125	-8.9125	55.114
41.8125	-8.8875	55.122
41.8125	-8.8625	55.126
41.8125	-8.8375	55.145
41.8125	-8.8125	55.171
41.8125	-8.7875	55.227
41.8125	-8.7625	55.281
41.8125	-8.7375	55.361
41.8125	-8.7125	55.427
41.8125	-8.6875	55.449
41.8125	-8.6625	55.416
41.8125	-8.6375	55.41
41.8125	-8.6125	55.431
41.8125	-8.5875	55.45
41.8125	-8.5625	55.503
41.8125	-8.5375	55.532
41.8125	-8.5125	55.553
41.8125	-8.4875	55.567
41.8125	-8.4625	55.586
41.8125	-8.4375	55.631
41.8125	-8.4125	55.648
41.8125	-8.3875	55.669
41.8125	-8.3625	55.707
41.8125	-8.3375	55.756
41.8125	-8.3125	55.821
41.8125	-8.2875	55.917
41.8125	-8.2625	56.023
41.8125	-8.2375	56.17
41.8125	-8.2125	56.282
41.8125	-8.1875	56.369
41.8125	-8.1625	56.438
41.8125	-8.1375	56.501
41.8125	-8.1125	56.567
41.8125	-8.0875	56.627
41.8125	-8.0625	56.66
41.8125	-8.0375	56.687
41.8125	-8.0125	56.689
41.8125	-7.9875	56.7
41.8125	-7.9625	56.704
41.8125	-7.9375	56.732
41.8125	-7.9125	56.764
41.8125	-7.8875	56.782
41.8125	-7.8625	56.777
41.8125	-7.8375	56.782
41.8125	-7.8125	56.782
41.8125	-7.7875	56.762
41.8125	-7.7625	56.745
41.8125	-7.7375	56.719
41.8125	-7.7125	56.669
41.8125	-7.6875	56.613
41.8125	-7.6625	56.554
41.8125	-7.6375	56.486
41.8125	-7.6125	56.412
41.8125	-7.5875	56.355
41.8125	-7.5625	56.291
41.8125	-7.5375	56.227
41.8125	-7.5125	56.158
41.8125	-7.4875	56.118
41.8125	-7.4625	56.091
41.8125	-7.4375	56.073
41.8125	-7.4125	56.087
41.8125	-7.3875	56.111
41.8125	-7.3625	56.171
41.8125	-7.3375	56.247
41.8125	-7.3125	56.302
41.8125	-7.2875	56.351
41.8125	-7.2625	56.375
41.8125	-7.2375	56.382
41.8125	-7.2125	56.387
41.8125	-7.1875	56.406
41.8125	-7.1625	56.436
41.8125	-7.1375	56.462
41.8125	-7.1125	56.523
41.8125	-7.0875	56.572
41.8125	-7.0625	56.619
41.8125	-7.0375	56.683
41.8125	-7.0125	56.743
41.8125	-6.9875	56.804
41.8125	-6.9625	56.851
41.8125	-6.9375	56.887
41.8125	-6.9125	56.901
41.8125	-6.8875	56.927
41.8125	-6.8625	56.936
41.8125	-6.8375	56.938
41.8125	-6.8125	56.916
41.8125	-6.7875	56.912
41.8125	-6.7625	56.907
41.8125	-6.7375	56.885
41.8125	-6.7125	56.851
41.8125	-6.6875	56.816
41.8125	-6.6625	56.812
41.8125	-6.6375	56.797
41.8125	-6.6125	56.793
41.8125	-6.5875	56.781
41.8125	-6.5625	56.771
41.8125	-6.5375	56.757
41.8125	-6.5125	56.743
41.8125	-6.4875	56.731
41.8125	-6.4625	56.739
41.8125	-6.4375	56.727
41.8125	-6.4125	56.723
41.8125	-6.3875	56.72
41.8125	-6.3625	56.711
41.8125	-6.3375	56.689
41.8125	-6.3125	56.675
41.8125	-6.2875	56.659
41.8125	-6.2625	56.622
41.8125	-6.2375	56.6
41.8125	-6.2125	56.58
41.8125	-6.1875	56.552
41.8125	-6.1625	56.536
41.8125	-6.1375	56.514
41.8125	-6.1125	56.488
41.8125	-6.0875	56.449
41.8125	-6.0625	56.422
41.8125	-6.0375	56.382
41.8125	-6.0125	56.332
41.8125	-5.9875	56.272
41.8375	-10.0125	52.216
41.8375	-9.9875	52.259
41.8375	-9.9625	52.302
41.8375	-9.9375	52.346
41.8375	-9.9125	52.386
41.8375	-9.8875	52.423
41.8375	-9.8625	52.46
41.8375	-9.8375	52.5
41.8375	-9.8125	52.544
41.8375	-9.7875	52.594
41.8375	-9.7625	52.656
41.8375	-9.7375	52.73
41.8375	-9.7125	52.813
41.8375	-9.6875	52.903
41.8375	-9.6625	52.998
41.8375	-9.6375	53.098
41.8375	-9.6125	53.2
41.8375	-9.5875	53.303
41.8375	-9.5625	53.415
41.8375	-9.5375	53.535
41.8375	-9.5125	53.666
41.8375	-9.4875	53.799
41.8375	-9.4625	53.932
41.8375	-9.4375	54.063
41.8375	-9.4125	54.193
41.8375	-9.3875	54.328
41.8375	-9.3625	54.46
41.8375	-9.3375	54.579
41.8375	-9.3125	54.678
41.8375	-9.2875	54.76
41.8375	-9.2625	54.825
41.8375	-9.2375	54.877
41.8375	-9.2125	54.911
41.8375	-9.1875	54.946
41.8375	-9.1625	54.981
41.8375	-9.1375	55.003
41.8375	-9.1125	55.033
41.8375	-9.0875	55.053
41.8375	-9.0625	55.073
41.8375	-9.0375	55.085
41.8375	-9.0125	55.109
41.8375	-8.9875	55.122
41.8375	-8.9625	55.132
41.8375	-8.9375	55.13
41.8375	-8.9125	55.138
41.8375	-8.8875	55.153
41.8375	-8.8625	55.179
41.8375	-8.8375	55.212
41.8375	-8.8125	55.229
41.8375	-8.7875	55.282
41.8375	-8.7625	55.335
41.8375	-8.7375	55.398
41.8375	-8.7125	55.453
41.8375	-8.6875	55.468
41.8375	-8.6625	55.466
41.8375	-8.6375	55.473
41.8375	-8.6125	55.514
41.8375	-8.5875	55.527
41.8375	-8.5625	55.594
41.8375	-8.5375	55.647
41.8375	-8.5125	55.655
41.8375	-8.4875	55.667
41.8375	-8.4625	55.676
41.8375	-8.4375	55.696
41.8375	-8.4125	55.697
41.8375	-8.3875	55.733
41.8375	-8.3625	55.792
41.8375	-8.3375	55.842
41.8375	-8.3125	55.889
41.8375	-8.2875	55.959
41.8375	-8.2625	56.062
41.8375	-8.2375	56.185
41.8375	-8.2125	56.293
41.8375	-8.1875	56.371
41.8375	-8.1625	56.426
41.8375	-8.1375	56.483
41.8375	-8.1125	56.53
41.8375	-8.0875	56.593
41.8375	-8.0625	56.649
41.8375	-8.0375	56.683
41.8375	-8.0125	56.713
41.8375	-7.9875	56.743
41.8375	-7.9625	56.755
41.8375	-7.9375	56.784
41.8375	-7.9125	56.806
41.8375	-7.8875	56.822
41.8375	-7.8625	56.837
41.8375	-7.8375	56.839
41.8375	-7.8125	56.827
41.8375	-7.7875	56.811
41.8375	-7.7625	56.796
41.8375	-7.7375	56.758
41.8375	-7.7125	56.714
41.8375	-7.6875	56.638
41.8375	-7.6625	56.569
41.8375	-7.6375	56.491
41.8375	-7.6125	56.427
41.8375	-7.5875	56.362
41.8375	-7.5625	56.308
41.8375	-7.5375	56.245
41.8375	-7.5125	56.193
41.8375	-7.4875	56.144
41.8375	-7.4625	56.12
41.8375	-7.4375	56.109
41.8375	-7.4125	56.129
41.8375	-7.3875	56.17
41.8375	-7.3625	56.242
41.8375	-7.3375	56.328
41.8375	-7.3125	56.398
41.8375	-7.2875	56.431
41.8375	-7.2625	56.462
41.8375	-7.2375	56.472
41.8375	-7.2125	56.47
41.8375	-7.1875	56.496
41.8375	-7.1625	56.514
41.8375	-7.1375	56.553
41.8375	-7.1125	56.597
41.8375	-7.0875	56.654
41.8375	-7.0625	56.709
41.8375	-7.0375	56.781
41.8375	-7.0125	56.842
41.8375	-6.9875	56.895
41.8375	-6.9625	56.94
41.8375	-6.9375	56.944
41.8375	-6.9125	56.947
41.8375	-6.8875	56.967
41.8375	-6.8625	56.97
41.8375	-6.8375	56.977
41.8375	-6.8125	56.969
41.8375	-6.7875	56.957
41.8375	-6.7625	56.939
41.8375	-6.7375	56.914
41.8375	-6.7125	56.873
41.8375	-6.6875	56.857
41.8375	-6.6625	56.839
41.8375	-6.6375	56.841
41.8375	-6.6125	56.851
41.8375	-6.5875	56.846
41.8375	-6.5625	56.839
41.8375	-6.5375	56.821
41.8375	-6.5125	56.813
41.8375	-6.4875	56.801
41.8375	-6.4625	56.81
41.8375	-6.4375	56.811
41.8375	-6.4125	56.806
41.8375	-6.3875	56.791
41.8375	-6.3625	56.778
41.8375	-6.3375	56.763
41.8375	-6.3125	56.736
41.8375	-6.2875	56.721
41.8375	-6.2625	56.704
41.8375	-6.2375	56.671
41.8375	-6.2125	56.648
41.8375	-6.1875	56.619
41.8375	-6.1625	56.598
41.8375	-6.1375	56.568
41.8375	-6.1125	56.534
41.8375	-6.0875	56.504
41.8375	-6.0625	56.473
41.8375	-6.0375	56.426
41.8375	-6.0125	56.368
41.8375	-5.9875	56.308
41.8625	-10.0125	52.242
41.8625	-9.9875	52.284
41.8625	-9.9625	52.331
41.8625	-9.9375	52.38
41.8625	-9.9125	52.426
41.8625	-9.8875	52.471
41.8625	-9.8625	52.512
41.8625	-9.8375	52.553
41.8625	-9.8125	52.596
41.8625	-9.7875	52.644
41.8625	-9.7625	52.702
41.8625	-9.7375	52.775
41.8625	-9.7125	52.858
41.8625	-9.6875	52.947
41.8625	-9.6625	53.041
41.8625	-9.6375	53.139
41.8625	-9.6125	53.239
41.8625	-9.5875	53.341
41.8625	-9.5625	53.448
41.8625	-9.5375	53.566
41.8625	-9.5125	53.695
41.8625	-9.4875	53.828
41.8625	-9.4625	53.966
41.8625	-9.4375	54.105
41.8625	-9.4125	54.243
41.8625	-9.3875	54.38
41.8625	-9.3625	54.509
41.8625	-9.3375	54.622
41.8625	-9.3125	54.712
41.8625	-9.2875	54.794
41.8625	-9.2625	54.858
41.8625	-9.2375	54.912
41.8625	-9.2125	54.948
41.8625	-9.1875	54.986
41.8625	-9.1625	55.021
41.8625	-9.1375	55.042
41.8625	-9.1125	55.071
41.8625	-9.0875	55.09
41.8625	-9.0625	55.109
41.8625	-9.0375	55.119
41.8625	-9.0125	55.141
41.8625	-8.9875	55.152
41.8625	-8.9625	55.16
41.8625	-8.9375	55.154
41.8625	-8.9125	55.16
41.8625	-8.8875	55.18
41.8625	-8.8625	55.195
41.8625	-8.8375	55.232
41.8625	-8.8125	55.233
41.8625	-8.7875	55.271
41.8625	-8.7625	55.323
41.8625	-8.7375	55.367
41.8625	-8.7125	55.41
41.8625	-8.6875	55.437
41.8625	-8.6625	55.475
41.8625	-8.6375	55.488
41.8625	-8.6125	55.546
41.8625	-8.5875	55.599
41.8625	-8.5625	55.639
41.8625	-8.5375	55.692
41.8625	-8.5125	55.713
41.8625	-8.4875	55.717
41.8625	-8.4625	55.71
41.8625	-8.4375	55.719
41.8625	-8.4125	55.754
41.8625	-8.3875	55.829
41.8625	-8.3625	55.88
41.8625	-8.3375	55.954
41.8625	-8.3125	56.012
41.8625	-8.2875	56.049
41.8625	-8.2625	56.125
41.8625	-8.2375	56.216
41.8625	-8.2125	56.302
41.8625	-8.1875	56.364
41.8625	-8.1625	56.397
41.8625	-8.1375	56.432
41.8625	-8.1125	56.469
41.8625	-8.0875	56.536
41.8625	-8.0625	56.59
41.8625	-8.0375	56.654
41.8625	-8.0125	56.696
41.8625	-7.9875	56.736
41.8625	-7.9625	56.77
41.8625	-7.9375	56.792
41.8625	-7.9125	56.823
41.8625	-7.8875	56.836
41.8625	-7.8625	56.859
41.8625	-7.8375	56.868
41.8625	-7.8125	56.869
41.8625	-7.7875	56.85
41.8625	-7.7625	56.827
41.8625	-7.7375	56.798
41.8625	-7.7125	56.756
41.8625	-7.6875	56.671
41.8625	-7.6625	56.573
41.8625	-7.6375	56.497
41.8625	-7.6125	56.418
41.8625	-7.5875	56.352
41.8625	-7.5625	56.302
41.8625	-7.5375	56.251
41.8625	-7.5125	56.216
41.8625	-7.4875	56.185
41.8625	-7.4625	56.151
41.8625	-7.4375	56.158
41.8625	-7.4125	56.197
41.8625	-7.3875	56.248
41.8625	-7.3625	56.324
41.8625	-7.3375	56.403
41.8625	-7.3125	56.462
41.8625	-7.2875	56.509
41.8625	-7.2625	56.54
41.8625	-7.2375	56.558
41.8625	-7.2125	56.562
41.8625	-7.1875	56.576
41.8625	-7.1625	56.598
41.8625	-7.1375	56.635
41.8625	-7.1125	56.669
41.8625	-7.0875	56.725
41.8625	-7.0625	56.787
41.8625	-7.0375	56.852
41.8625	-7.0125	56.919
41.8625	-6.9875	56.977
41.8625	-6.9625	56.99
41.8625	-6.9375	56.994
41.8625	-6.9125	56.997
41.8625	-6.8875	57.006
41.8625	-6.8625	57.011
41.8625	-6.8375	57.021
41.8625	-6.8125	57.005
41.8625	-6.7875	56.99
41.8625	-6.7625	56.972
41.8625	-6.7375	56.938
41.8625	-6.7125	56.917
41.8625	-6.6875	56.892
41.8625	-6.6625	56.892
41.8625	-6.6375	56.89
41.8625	-6.6125	56.896
41.8625	-6.5875	56.894
41.8625	-6.5625	56.882
41.8625	-6.5375	56.861
41.8625	-6.5125	56.86
41.8625	-6.4875	56.866
41.8625	-6.4625	56.879
41.8625	-6.4375	56.879
41.8625	-6.4125	56.878
41.8625	-6.3875	56.87
41.8625	-6.3625	56.854
41.8625	-6.3375	56.843
41.8625	-6.3125	56.829
41.8625	-6.2875	56.792
41.8625	-6.2625	56.774
41.8625	-6.2375	56.745
41.8625	-6.2125	56.723
41.8625	-6.1875	56.681
41.8625	-6.1625	56.647
41.8625	-6.1375	56.617
41.8625	-6.1125	56.581
41.8625	-6.0875	56.551
41.8625	-6.0625	56.509
41.8625	-6.0375	56.458
41.8625	-6.0125	56.404
41.8625	-5.9875	56.34
41.8875	-10.0125	52.278
41.8875	-9.9875	52.322
41.8875	-9.9625	52.374
41.8875	-9.9375	52.428
41.8875	-9.9125	52.478
41.8875	-9.8875	52.527
41.8875	-9.8625	52.571
41.8875	-9.8375	52.614
41.8875	-9.8125	52.657
41.8875	-9.7875	52.704
41.8875	-9.7625	52.76
41.8875	-9.7375	52.828
41.8875	-9.7125	52.908
41.8875	-9.6875	52.993
41.8875	-9.6625	53.085
41.8875	-9.6375	53.18
41.8875	-9.6125	53.276
41.8875	-9.5875	53.375
41.8875	-9.5625	53.48
41.8875	-9.5375	53.596
41.8875	-9.5125	53.723
41.8875	-9.4875	53.857
41.8875	-9.4625	53.998
41.8875	-9.4375	54.139
41.8875	-9.4125	54.277
41.8875	-9.3875	54.413
41.8875	-9.3625	54.541
41.8875	-9.3375	54.652
41.8875	-9.3125	54.743
41.8875	-9.2875	54.825
41.8875	-9.2625	54.89
41.8875	-9.2375	54.946
41.8875	-9.2125	54.984
41.8875	-9.1875	55.024
41.8875	-9.1625	55.059
41.8875	-9.1375	55.079
41.8875	-9.1125	55.107
41.8875	-9.0875	55.125
41.8875	-9.0625	55.142
41.8875	-9.0375	55.152
41.8875	-9.0125	55.173
41.8875	-8.9875	55.182
41.8875	-8.9625	55.19
41.8875	-8.9375	55.193
41.8875	-8.9125	55.186
41.8875	-8.8875	55.195
41.8875	-8.8625	55.213
41.8875	-8.8375	55.222
41.8875	-8.8125	55.227
41.8875	-8.7875	55.23
41.8875	-8.7625	55.263
41.8875	-8.7375	55.333
41.8875	-8.7125	55.378
41.8875	-8.6875	55.41
41.8875	-8.6625	55.449
41.8875	-8.6375	55.493
41.8875	-8.6125	55.551
41.8875	-8.5875	55.603
41.8875	-8.5625	55.659
41.8875	-8.5375	55.709
41.8875	-8.5125	55.744
41.8875	-8.4875	55.758
41.8875	-8.4625	55.744
41.8875	-8.4375	55.758
41.8875	-8.4125	55.815
41.8875	-8.3875	55.903
41.8875	-8.3625	55.995
41.8875	-8.3375	56.084
41.8875	-8.3125	56.173
41.8875	-8.2875	56.231
41.8875	-8.2625	56.284
41.8875	-8.2375	56.324
41.8875	-8.2125	56.355
41.8875	-8.1875	56.379
41.8875	-8.1625	56.363
41.8875	-8.1375	56.378
41.8875	-8.1125	56.417
41.8875	-8.0875	56.469
41.8875	-8.0625	56.535
41.8875	-8.0375	56.597
41.8875	-8.0125	56.651
41.8875	-7.9875	56.707
41.8875	-7.9625	56.743
41.8875	-7.9375	56.758
41.8875	-7.9125	56.781
41.8875	-7.8875	56.808
41.8875	-7.8625	56.831
41.8875	-7.8375	56.85
41.8875	-7.8125	56.853
41.8875	-7.7875	56.838
41.8875	-7.7625	56.827
41.8875	-7.7375	56.811
41.8875	-7.7125	56.771
41.8875	-7.6875	56.709
41.8875	-7.6625	56.6
41.8875	-7.6375	56.51
41.8875	-7.6125	56.418
41.8875	-7.5875	56.348
41.8875	-7.5625	56.29
41.8875	-7.5375	56.248
41.8875	-7.5125	56.231
41.8875	-7.4875	56.216
41.8875	-7.4625	56.199
41.8875	-7.4375	56.218
41.8875	-7.4125	56.263
41.8875	-7.3875	56.331
41.8875	-7.3625	56.392
41.8875	-7.3375	56.468
41.8875	-7.3125	56.514
41.8875	-7.2875	56.563
41.8875	-7.2625	56.591
41.8875	-7.2375	56.619
41.8875	-7.2125	56.652
41.8875	-7.1875	56.67
41.8875	-7.1625	56.686
41.8875	-7.1375	56.716
41.8875	-7.1125	56.747
41.8875	-7.0875	56.805
41.8875	-7.0625	56.858
41.8875	-7.0375	56.911
41.8875	-7.0125	56.969
41.8875	-6.9875	57.016
41.8875	-6.9625	57.028
41.8875	-6.9375	57.033
41.8875	-6.9125	57.048
41.8875	-6.8875	57.044
41.8875	-6.8625	57.044
41.8875	-6.8375	57.05
41.8875	-6.8125	57.042
41.8875	-6.7875	57.031
41.8875	-6.7625	57.022
41.8875	-6.7375	56.992
41.8875	-6.7125	56.981
41.8875	-6.6875	56.963
41.8875	-6.6625	56.95
41.8875	-6.6375	56.935
41.8875	-6.6125	56.936
41.8875	-6.5875	56.941
41.8875	-6.5625	56.929
41.8875	-6.5375	56.914
41.8875	-6.5125	56.913
41.8875	-6.4875	56.939
41.8875	-6.4625	56.942
41.8875	-6.4375	56.953
41.8875	-6.4125	56.957
41.8875	-6.3875	56.951
41.8875	-6.3625	56.932
41.8875	-6.3375	56.919
41.8875	-6.3125	56.89
41.8875	-6.2875	56.867
41.8875	-6.2625	56.829
41.8875	-6.2375	56.801
41.8875	-6.2125	56.775
41.8875	-6.1875	56.728
41.8875	-6.1625	56.694
41.8875	-6.1375	56.646
41.8875	-6.1125	56.606
41.8875	-6.0875	56.564
41.8875	-6.0625	56.525
41.8875	-6.0375	56.491
41.8875	-6.0125	56.416
41.8875	-5.9875	56.353
41.9125	-10.0125	52.325
41.9125	-9.9875	52.372
41.9125	-9.9625	52.43
41.9125	-9.9375	52.489
41.9125	-9.9125	52.543
41.9125	-9.8875	52.592
41.9125	-9.8625	52.637
41.9125	-9.8375	52.681
41.9125	-9.8125	52.724
41.9125	-9.7875	52.771
41.9125	-9.7625	52.824
41.9125	-9.7375	52.888
41.9125	-9.7125	52.964
41.9125	-9.6875	53.045
41.9125	-9.6625	53.131
41.9125	-9.6375	53.222
41.9125	-9.6125	53.317
41.9125	-9.5875	53.414
41.9125	-9.5625	53.517
41.9125	-9.5375	53.632
41.9125	-9.5125	53.758
41.9125	-9.4875	53.893
41.9125	-9.4625	54.031
41.9125	-9.4375	54.168
41.9125	-9.4125	54.305
41.9125	-9.3875	54.44
41.9125	-9.3625	54.566
41.9125	-9.3375	54.675
41.9125	-9.3125	54.769
41.9125	-9.2875	54.855
41.9125	-9.2625	54.924
41.9125	-9.2375	54.98
41.9125	-9.2125	55.017
41.9125	-9.1875	55.057
41.9125	-9.1625	55.092
41.9125	-9.1375	55.112
41.9125	-9.1125	55.142
41.9125	-9.0875	55.158
41.9125	-9.0625	55.175
41.9125	-9.0375	55.193
41.9125	-9.0125	55.203
41.9125	-8.9875	55.222
41.9125	-8.9625	55.229
41.9125	-8.9375	55.232
41.9125	-8.9125	55.229
41.9125	-8.8875	55.223
41.9125	-8.8625	55.231
41.9125	-8.8375	55.228
41.9125	-8.8125	55.219
41.9125	-8.7875	55.216
41.9125	-8.7625	55.242
41.9125	-8.7375	55.308
41.9125	-8.7125	55.369
41.9125	-8.6875	55.408
41.9125	-8.6625	55.448
41.9125	-8.6375	55.489
41.9125	-8.6125	55.539
41.9125	-8.5875	55.591
41.9125	-8.5625	55.645
41.9125	-8.5375	55.7
41.9125	-8.5125	55.742
41.9125	-8.4875	55.779
41.9125	-8.4625	55.774
41.9125	-8.4375	55.801
41.9125	-8.4125	55.898
41.9125	-8.3875	55.998
41.9125	-8.3625	56.109
41.9125	-8.3375	56.218
41.9125	-8.3125	56.331
41.9125	-8.2875	56.402
41.9125	-8.2625	56.425
41.9125	-8.2375	56.429
41.9125	-8.2125	56.43
41.9125	-8.1875	56.431
41.9125	-8.1625	56.413
41.9125	-8.1375	56.396
41.9125	-8.1125	56.414
41.9125	-8.0875	56.433
41.9125	-8.0625	56.48
41.9125	-8.0375	56.54
41.9125	-8.0125	56.609
41.9125	-7.9875	56.658
41.9125	-7.9625	56.686
41.9125	-7.9375	56.701
41.9125	-7.9125	56.719
41.9125	-7.8875	56.733
41.9125	-7.8625	56.756
41.9125	-7.8375	56.78
41.9125	-7.8125	56.788
41.9125	-7.7875	56.783
41.9125	-7.7625	56.78
41.9125	-7.7375	56.776
41.9125	-7.7125	56.74
41.9125	-7.6875	56.682
41.9125	-7.6625	56.604
41.9125	-7.6375	56.527
41.9125	-7.6125	56.447
41.9125	-7.5875	56.376
41.9125	-7.5625	56.327
41.9125	-7.5375	56.277
41.9125	-7.5125	56.263
41.9125	-7.4875	56.258
41.9125	-7.4625	56.26
41.9125	-7.4375	56.268
41.9125	-7.4125	56.329
41.9125	-7.3875	56.393
41.9125	-7.3625	56.461
41.9125	-7.3375	56.513
41.9125	-7.3125	56.555
41.9125	-7.2875	56.593
41.9125	-7.2625	56.627
41.9125	-7.2375	56.672
41.9125	-7.2125	56.712
41.9125	-7.1875	56.729
41.9125	-7.1625	56.773
41.9125	-7.1375	56.797
41.9125	-7.1125	56.822
41.9125	-7.0875	56.866
41.9125	-7.0625	56.921
41.9125	-7.0375	56.958
41.9125	-7.0125	56.998
41.9125	-6.9875	57.033
41.9125	-6.9625	57.049
41.9125	-6.9375	57.065
41.9125	-6.9125	57.08
41.9125	-6.8875	57.093
41.9125	-6.8625	57.092
41.9125	-6.8375	57.102
41.9125	-6.8125	57.096
41.9125	-6.7875	57.09
41.9125	-6.7625	57.077
41.9125	-6.7375	57.058
41.9125	-6.7125	57.049
41.9125	-6.6875	57.044
41.9125	-6.6625	57.023
41.9125	-6.6375	57.013
41.9125	-6.6125	56.991
41.9125	-6.5875	56.986
41.9125	-6.5625	56.991
41.9125	-6.5375	56.984
41.9125	-6.5125	57.001
41.9125	-6.4875	57.017
41.9125	-6.4625	57.025
41.9125	-6.4375	57.024
41.9125	-6.4125	57.026
41.9125	-6.3875	57.013
41.9125	-6.3625	57.003
41.9125	-6.3375	56.971
41.9125	-6.3125	56.943
41.9125	-6.2875	56.91
41.9125	-6.2625	56.873
41.9125	-6.2375	56.844
41.9125	-6.2125	56.812
41.9125	-6.1875	56.768
41.9125	-6.1625	56.72
41.9125	-6.1375	56.668
41.9125	-6.1125	56.626
41.9125	-6.0875	56.586
41.9125	-6.0625	56.545
41.9125	-6.0375	56.493
41.9125	-6.0125	56.422
41.9125	-5.9875	56.363
41.9375	-10.0125	52.379
41.9375	-9.9875	52.431
41.9375	-9.9625	52.494
41.9375	-9.9375	52.559
41.9375	-9.9125	52.616
41.9375	-9.8875	52.663
41.9375	-9.8625	52.707
41.9375	-9.8375	52.749
41.9375	-9.8125	52.794
41.9375	-9.7875	52.839
41.9375	-9.7625	52.89
41.9375	-9.7375	52.95
41.9375	-9.7125	53.021
41.9375	-9.6875	53.1
41.9375	-9.6625	53.183
41.9375	-9.6375	53.273
41.9375	-9.6125	53.367
41.9375	-9.5875	53.464
41.9375	-9.5625	53.567
41.9375	-9.5375	53.679
41.9375	-9.5125	53.804
41.9375	-9.4875	53.936
41.9375	-9.4625	54.071
41.9375	-9.4375	54.205
41.9375	-9.4125	54.341
41.9375	-9.3875	54.476
41.9375	-9.3625	54.602
41.9375	-9.3375	54.711
41.9375	-9.3125	54.803
41.9375	-9.2875	54.887
41.9375	-9.2625	54.956
41.9375	-9.2375	55.012
41.9375	-9.2125	55.048
41.9375	-9.1875	55.087
41.9375	-9.1625	55.122
41.9375	-9.1375	55.145
41.9375	-9.1125	55.173
41.9375	-9.0875	55.189
41.9375	-9.0625	55.205
41.9375	-9.0375	55.223
41.9375	-9.0125	55.241
41.9375	-8.9875	55.263
41.9375	-8.9625	55.269
41.9375	-8.9375	55.27
41.9375	-8.9125	55.267
41.9375	-8.8875	55.267
41.9375	-8.8625	55.266
41.9375	-8.8375	55.26
41.9375	-8.8125	55.241
41.9375	-8.7875	55.235
41.9375	-8.7625	55.238
41.9375	-8.7375	55.282
41.9375	-8.7125	55.35
41.9375	-8.6875	55.388
41.9375	-8.6625	55.429
41.9375	-8.6375	55.477
41.9375	-8.6125	55.527
41.9375	-8.5875	55.587
41.9375	-8.5625	55.651
41.9375	-8.5375	55.705
41.9375	-8.5125	55.752
41.9375	-8.4875	55.787
41.9375	-8.4625	55.797
41.9375	-8.4375	55.835
41.9375	-8.4125	55.917
41.9375	-8.3875	56.035
41.9375	-8.3625	56.157
41.9375	-8.3375	56.302
41.9375	-8.3125	56.426
41.9375	-8.2875	56.492
41.9375	-8.2625	56.519
41.9375	-8.2375	56.504
41.9375	-8.2125	56.501
41.9375	-8.1875	56.489
41.9375	-8.1625	56.479
41.9375	-8.1375	56.462
41.9375	-8.1125	56.478
41.9375	-8.0875	56.493
41.9375	-8.0625	56.49
41.9375	-8.0375	56.532
41.9375	-8.0125	56.577
41.9375	-7.9875	56.609
41.9375	-7.9625	56.63
41.9375	-7.9375	56.653
41.9375	-7.9125	56.655
41.9375	-7.8875	56.675
41.9375	-7.8625	56.689
41.9375	-7.8375	56.708
41.9375	-7.8125	56.736
41.9375	-7.7875	56.726
41.9375	-7.7625	56.714
41.9375	-7.7375	56.703
41.9375	-7.7125	56.68
41.9375	-7.6875	56.645
41.9375	-7.6625	56.589
41.9375	-7.6375	56.538
41.9375	-7.6125	56.48
41.9375	-7.5875	56.421
41.9375	-7.5625	56.38
41.9375	-7.5375	56.353
41.9375	-7.5125	56.326
41.9375	-7.4875	56.303
41.9375	-7.4625	56.299
41.9375	-7.4375	56.322
41.9375	-7.4125	56.375
41.9375	-7.3875	56.452
41.9375	-7.3625	56.51
41.9375	-7.3375	56.565
41.9375	-7.3125	56.592
41.9375	-7.2875	56.621
41.9375	-7.2625	56.653
41.9375	-7.2375	56.711
41.9375	-7.2125	56.761
41.9375	-7.1875	56.804
41.9375	-7.1625	56.849
41.9375	-7.1375	56.885
41.9375	-7.1125	56.915
41.9375	-7.0875	56.947
41.9375	-7.0625	56.98
41.9375	-7.0375	57.013
41.9375	-7.0125	57.027
41.9375	-6.9875	57.064
41.9375	-6.9625	57.077
41.9375	-6.9375	57.102
41.9375	-6.9125	57.123
41.9375	-6.8875	57.146
41.9375	-6.8625	57.151
41.9375	-6.8375	57.165
41.9375	-6.8125	57.157
41.9375	-6.7875	57.156
41.9375	-6.7625	57.143
41.9375	-6.7375	57.139
41.9375	-6.7125	57.129
41.9375	-6.6875	57.11
41.9375	-6.6625	57.095
41.9375	-6.6375	57.088
41.9375	-6.6125	57.07
41.9375	-6.5875	57.064
41.9375	-6.5625	57.067
41.9375	-6.5375	57.091
41.9375	-6.5125	57.099
41.9375	-6.4875	57.103
41.9375	-6.4625	57.111
41.9375	-6.4375	57.095
41.9375	-6.4125	57.084
41.9375	-6.3875	57.065
41.9375	-6.3625	57.047
41.9375	-6.3375	57.022
41.9375	-6.3125	56.983
41.9375	-6.2875	56.951
41.9375	-6.2625	56.904
41.9375	-6.2375	56.872
41.9375	-6.2125	56.828
41.9375	-6.1875	56.785
41.9375	-6.1625	56.74
41.9375	-6.1375	56.684
41.9375	-6.1125	56.64
41.9375	-6.0875	56.591
41.9375	-6.0625	56.543
41.9375	-6.0375	56.488
41.9375	-6.0125	56.434
41.9375	-5.9875	56.377
41.9625	-10.0125	52.439
41.9625	-9.9875	52.493
41.9625	-9.9625	52.56
41.9625	-9.9375	52.629
41.9625	-9.9125	52.687
41.9625	-9.8875	52.732
41.9625	-9.8625	52.774
41.9625	-9.8375	52.816
41.9625	-9.8125	52.859
41.9625	-9.7875	52.905
41.9625	-9.7625	52.953
41.9625	-9.7375	53.01
41.9625	-9.7125	53.078
41.9625	-9.6875	53.156
41.9625	-9.6625	53.239
41.9625	-9.6375	53.329
41.9625	-9.6125	53.424
41.9625	-9.5875	53.523
41.9625	-9.5625	53.624
41.9625	-9.5375	53.736
41.9625	-9.5125	53.858
41.9625	-9.4875	53.988
41.9625	-9.4625	54.121
41.9625	-9.4375	54.255
41.9625	-9.4125	54.389
41.9625	-9.3875	54.525
41.9625	-9.3625	54.651
41.9625	-9.3375	54.758
41.9625	-9.3125	54.844
41.9625	-9.2875	54.921
41.9625	-9.2625	54.986
41.9625	-9.2375	55.038
41.9625	-9.2125	55.074
41.9625	-9.1875	55.114
41.9625	-9.1625	55.151
41.9625	-9.1375	55.183
41.9625	-9.1125	55.202
41.9625	-9.0875	55.227
41.9625	-9.0625	55.242
41.9625	-9.0375	55.26
41.9625	-9.0125	55.282
41.9625	-8.9875	55.299
41.9625	-8.9625	55.302
41.9625	-8.9375	55.31
41.9625	-8.9125	55.305
41.9625	-8.8875	55.309
41.9625	-8.8625	55.332
41.9625	-8.8375	55.319
41.9625	-8.8125	55.292
41.9625	-8.7875	55.27
41.9625	-8.7625	55.269
41.9625	-8.7375	55.279
41.9625	-8.7125	55.317
41.9625	-8.6875	55.35
41.9625	-8.6625	55.389
41.9625	-8.6375	55.422
41.9625	-8.6125	55.486
41.9625	-8.5875	55.559
41.9625	-8.5625	55.627
41.9625	-8.5375	55.677
41.9625	-8.5125	55.727
41.9625	-8.4875	55.759
41.9625	-8.4625	55.796
41.9625	-8.4375	55.878
41.9625	-8.4125	55.934
41.9625	-8.3875	56.04
41.9625	-8.3625	56.159
41.9625	-8.3375	56.305
41.9625	-8.3125	56.427
41.9625	-8.2875	56.512
41.9625	-8.2625	56.546
41.9625	-8.2375	56.556
41.9625	-8.2125	56.552
41.9625	-8.1875	56.546
41.9625	-8.1625	56.531
41.9625	-8.1375	56.539
41.9625	-8.1125	56.561
41.9625	-8.0875	56.554
41.9625	-8.0625	56.545
41.9625	-8.0375	56.539
41.9625	-8.0125	56.551
41.9625	-7.9875	56.566
41.9625	-7.9625	56.581
41.9625	-7.9375	56.595
41.9625	-7.9125	56.616
41.9625	-7.8875	56.638
41.9625	-7.8625	56.64
41.9625	-7.8375	56.664
41.9625	-7.8125	56.657
41.9625	-7.7875	56.661
41.9625	-7.7625	56.654
41.9625	-7.7375	56.63
41.9625	-7.7125	56.611
41.9625	-7.6875	56.579
41.9625	-7.6625	56.56
41.9625	-7.6375	56.514
41.9625	-7.6125	56.487
41.9625	-7.5875	56.468
41.9625	-7.5625	56.449
41.9625	-7.5375	56.429
41.9625	-7.5125	56.394
41.9625	-7.4875	56.38
41.9625	-7.4625	56.376
41.9625	-7.4375	56.393
41.9625	-7.4125	56.449
41.9625	-7.3875	56.51
41.9625	-7.3625	56.598
41.9625	-7.3375	56.661
41.9625	-7.3125	56.682
41.9625	-7.2875	56.705
41.9625	-7.2625	56.743
41.9625	-7.2375	56.785
41.9625	-7.2125	56.832
41.9625	-7.1875	56.887
41.9625	-7.1625	56.931
41.9625	-7.1375	56.971
41.9625	-7.1125	57.007
41.9625	-7.0875	57.039
41.9625	-7.0625	57.06
41.9625	-7.0375	57.077
41.9625	-7.0125	57.098
41.9625	-6.9875	57.112
41.9625	-6.9625	57.13
41.9625	-6.9375	57.157
41.9625	-6.9125	57.183
41.9625	-6.8875	57.216
41.9625	-6.8625	57.231
41.9625	-6.8375	57.241
41.9625	-6.8125	57.234
41.9625	-6.7875	57.243
41.9625	-6.7625	57.231
41.9625	-6.7375	57.219
41.9625	-6.7125	57.203
41.9625	-6.6875	57.185
41.9625	-6.6625	57.179
41.9625	-6.6375	57.165
41.9625	-6.6125	57.167
41.9625	-6.5875	57.16
41.9625	-6.5625	57.163
41.9625	-6.5375	57.175
41.9625	-6.5125	57.183
41.9625	-6.4875	57.189
41.9625	-6.4625	57.179
41.9625	-6.4375	57.166
41.9625	-6.4125	57.149
41.9625	-6.3875	57.121
41.9625	-6.3625	57.092
41.9625	-6.3375	57.063
41.9625	-6.3125	57.03
41.9625	-6.2875	56.985
41.9625	-6.2625	56.948
41.9625	-6.2375	56.901
41.9625	-6.2125	56.855
41.9625	-6.1875	56.814
41.9625	-6.1625	56.758
41.9625	-6.1375	56.71
41.9625	-6.1125	56.653
41.9625	-6.0875	56.6
41.9625	-6.0625	56.548
41.9625	-6.0375	56.499
41.9625	-6.0125	56.442
41.9625	-5.9875	56.387
41.9875	-10.0125	52.502
41.9875	-9.9875	52.558
41.9875	-9.9625	52.625
41.9875	-9.9375	52.693
41.9875	-9.9125	52.751
41.9875	-9.8875	52.797
41.9875	-9.8625	52.837
41.9875	-9.8375	52.877
41.9875	-9.8125	52.918
41.9875	-9.7875	52.963
41.9875	-9.7625	53.01
41.9875	-9.7375	53.065
41.9875	-9.7125	53.13
41.9875	-9.6875	53.207
41.9875	-9.6625	53.29
41.9875	-9.6375	53.382
41.9875	-9.6125	53.479
41.9875	-9.5875	53.579
41.9875	-9.5625	53.683
41.9875	-9.5375	53.794
41.9875	-9.5125	53.915
41.9875	-9.4875	54.043
41.9875	-9.4625	54.174
41.9875	-9.4375	54.306
41.9875	-9.4125	54.44
41.9875	-9.3875	54.575
41.9875	-9.3625	54.698
41.9875	-9.3375	54.8
41.9875	-9.3125	54.881
41.9875	-9.2875	54.953
41.9875	-9.2625	55.014
41.9875	-9.2375	55.065
41.9875	-9.2125	55.109
41.9875	-9.1875	55.138
41.9875	-9.1625	55.177
41.9875	-9.1375	55.209
41.9875	-9.1125	55.228
41.9875	-9.0875	55.253
41.9875	-9.0625	55.268
41.9875	-9.0375	55.297
41.9875	-9.0125	55.317
41.9875	-8.9875	55.331
41.9875	-8.9625	55.339
41.9875	-8.9375	55.344
41.9875	-8.9125	55.336
41.9875	-8.8875	55.347
41.9875	-8.8625	55.373
41.9875	-8.8375	55.37
41.9875	-8.8125	55.349
41.9875	-8.7875	55.344
41.9875	-8.7625	55.31
41.9875	-8.7375	55.315
41.9875	-8.7125	55.326
41.9875	-8.6875	55.341
41.9875	-8.6625	55.353
41.9875	-8.6375	55.382
41.9875	-8.6125	55.428
41.9875	-8.5875	55.503
41.9875	-8.5625	55.569
41.9875	-8.5375	55.603
41.9875	-8.5125	55.625
41.9875	-8.4875	55.665
41.9875	-8.4625	55.74
41.9875	-8.4375	55.825
41.9875	-8.4125	55.903
41.9875	-8.3875	55.988
41.9875	-8.3625	56.093
41.9875	-8.3375	56.231
41.9875	-8.3125	56.367
41.9875	-8.2875	56.457
41.9875	-8.2625	56.518
41.9875	-8.2375	56.554
41.9875	-8.2125	56.577
41.9875	-8.1875	56.571
41.9875	-8.1625	56.579
41.9875	-8.1375	56.598
41.9875	-8.1125	56.617
41.9875	-8.0875	56.614
41.9875	-8.0625	56.594
41.9875	-8.0375	56.577
41.9875	-8.0125	56.572
41.9875	-7.9875	56.557
41.9875	-7.9625	56.543
41.9875	-7.9375	56.561
41.9875	-7.9125	56.564
41.9875	-7.8875	56.579
41.9875	-7.8625	56.588
41.9875	-7.8375	56.591
41.9875	-7.8125	56.601
41.9875	-7.7875	56.598
41.9875	-7.7625	56.574
41.9875	-7.7375	56.552
41.9875	-7.7125	56.534
41.9875	-7.6875	56.514
41.9875	-7.6625	56.514
41.9875	-7.6375	56.503
41.9875	-7.6125	56.487
41.9875	-7.5875	56.483
41.9875	-7.5625	56.475
41.9875	-7.5375	56.476
41.9875	-7.5125	56.464
41.9875	-7.4875	56.469
41.9875	-7.4625	56.452
41.9875	-7.4375	56.476
41.9875	-7.4125	56.529
41.9875	-7.3875	56.621
41.9875	-7.3625	56.703
41.9875	-7.3375	56.772
41.9875	-7.3125	56.82
41.9875	-7.2875	56.85
41.9875	-7.2625	56.861
41.9875	-7.2375	56.884
41.9875	-7.2125	56.919
41.9875	-7.1875	56.963
41.9875	-7.1625	57.007
41.9875	-7.1375	57.046
41.9875	-7.1125	57.083
41.9875	-7.0875	57.1
41.9875	-7.0625	57.13
41.9875	-7.0375	57.151
41.9875	-7.0125	57.167
41.9875	-6.9875	57.171
41.9875	-6.9625	57.2
41.9875	-6.9375	57.232
41.9875	-6.9125	57.261
41.9875	-6.8875	57.304
41.9875	-6.8625	57.329
41.9875	-6.8375	57.353
41.9875	-6.8125	57.341
41.9875	-6.7875	57.351
41.9875	-6.7625	57.338
41.9875	-6.7375	57.314
41.9875	-6.7125	57.286
41.9875	-6.6875	57.267
41.9875	-6.6625	57.266
41.9875	-6.6375	57.25
41.9875	-6.6125	57.266
41.9875	-6.5875	57.261
41.9875	-6.5625	57.266
41.9875	-6.5375	57.252
41.9875	-6.5125	57.249
41.9875	-6.4875	57.253
41.9875	-6.4625	57.242
41.9875	-6.4375	57.225
41.9875	-6.4125	57.21
41.9875	-6.3875	57.189
41.9875	-6.3625	57.147
41.9875	-6.3375	57.12
41.9875	-6.3125	57.081
41.9875	-6.2875	57.046
41.9875	-6.2625	56.998
41.9875	-6.2375	56.944
41.9875	-6.2125	56.894
41.9875	-6.1875	56.843
41.9875	-6.1625	56.797
41.9875	-6.1375	56.741
41.9875	-6.1125	56.678
41.9875	-6.0875	56.623
41.9875	-6.0625	56.57
41.9875	-6.0375	56.515
41.9875	-6.0125	56.459
41.9875	-5.9875	56.404
42.0125	-10.0125	52.564
42.0125	-9.9875	52.622
42.0125	-9.9625	52.689
42.0125	-9.9375	52.753
42.0125	-9.9125	52.811
42.0125	-9.8875	52.856
42.0125	-9.8625	52.896
42.0125	-9.8375	52.933
42.0125	-9.8125	52.972
42.0125	-9.7875	53.014
42.0125	-9.7625	53.06
42.0125	-9.7375	53.113
42.0125	-9.7125	53.177
42.0125	-9.6875	53.253
42.0125	-9.6625	53.338
42.0125	-9.6375	53.43
42.0125	-9.6125	53.53
42.0125	-9.5875	53.632
42.0125	-9.5625	53.737
42.0125	-9.5375	53.848
42.0125	-9.5125	53.968
42.0125	-9.4875	54.096
42.0125	-9.4625	54.227
42.0125	-9.4375	54.359
42.0125	-9.4125	54.493
42.0125	-9.3875	54.622
42.0125	-9.3625	54.737
42.0125	-9.3375	54.834
42.0125	-9.3125	54.917
42.0125	-9.2875	54.987
42.0125	-9.2625	55.041
42.0125	-9.2375	55.087
42.0125	-9.2125	55.13
42.0125	-9.1875	55.16
42.0125	-9.1625	55.198
42.0125	-9.1375	55.232
42.0125	-9.1125	55.261
42.0125	-9.0875	55.276
42.0125	-9.0625	55.301
42.0125	-9.0375	55.317
42.0125	-9.0125	55.344
42.0125	-8.9875	55.356
42.0125	-8.9625	55.36
42.0125	-8.9375	55.36
42.0125	-8.9125	55.361
42.0125	-8.8875	55.375
42.0125	-8.8625	55.416
42.0125	-8.8375	55.427
42.0125	-8.8125	55.412
42.0125	-8.7875	55.402
42.0125	-8.7625	55.363
42.0125	-8.7375	55.351
42.0125	-8.7125	55.355
42.0125	-8.6875	55.349
42.0125	-8.6625	55.346
42.0125	-8.6375	55.359
42.0125	-8.6125	55.394
42.0125	-8.5875	55.446
42.0125	-8.5625	55.462
42.0125	-8.5375	55.482
42.0125	-8.5125	55.517
42.0125	-8.4875	55.564
42.0125	-8.4625	55.659
42.0125	-8.4375	55.744
42.0125	-8.4125	55.823
42.0125	-8.3875	55.879
42.0125	-8.3625	55.993
42.0125	-8.3375	56.121
42.0125	-8.3125	56.264
42.0125	-8.2875	56.373
42.0125	-8.2625	56.456
42.0125	-8.2375	56.52
42.0125	-8.2125	56.555
42.0125	-8.1875	56.568
42.0125	-8.1625	56.584
42.0125	-8.1375	56.609
42.0125	-8.1125	56.634
42.0125	-8.0875	56.637
42.0125	-8.0625	56.626
42.0125	-8.0375	56.601
42.0125	-8.0125	56.576
42.0125	-7.9875	56.563
42.0125	-7.9625	56.544
42.0125	-7.9375	56.521
42.0125	-7.9125	56.519
42.0125	-7.8875	56.513
42.0125	-7.8625	56.523
42.0125	-7.8375	56.516
42.0125	-7.8125	56.527
42.0125	-7.7875	56.52
42.0125	-7.7625	56.51
42.0125	-7.7375	56.494
42.0125	-7.7125	56.471
42.0125	-7.6875	56.464
42.0125	-7.6625	56.465
42.0125	-7.6375	56.46
42.0125	-7.6125	56.46
42.0125	-7.5875	56.478
42.0125	-7.5625	56.49
42.0125	-7.5375	56.511
42.0125	-7.5125	56.537
42.0125	-7.4875	56.537
42.0125	-7.4625	56.537
42.0125	-7.4375	56.566
42.0125	-7.4125	56.626
42.0125	-7.3875	56.708
42.0125	-7.3625	56.796
42.0125	-7.3375	56.875
42.0125	-7.3125	56.931
42.0125	-7.2875	56.955
42.0125	-7.2625	56.962
42.0125	-7.2375	56.987
42.0125	-7.2125	57.004
42.0125	-7.1875	57.044
42.0125	-7.1625	57.079
42.0125	-7.1375	57.116
42.0125	-7.1125	57.148
42.0125	-7.0875	57.168
42.0125	-7.0625	57.188
42.0125	-7.0375	57.225
42.0125	-7.0125	57.251
42.0125	-6.9875	57.265
42.0125	-6.9625	57.279
42.0125	-6.9375	57.312
42.0125	-6.9125	57.363
42.0125	-6.8875	57.395
42.0125	-6.8625	57.411
42.0125	-6.8375	57.443
42.0125	-6.8125	57.443
42.0125	-6.7875	57.441
42.0125	-6.7625	57.437
42.0125	-6.7375	57.414
42.0125	-6.7125	57.388
42.0125	-6.6875	57.374
42.0125	-6.6625	57.355
42.0125	-6.6375	57.353
42.0125	-6.6125	57.358
42.0125	-6.5875	57.356
42.0125	-6.5625	57.355
42.0125	-6.5375	57.332
42.0125	-6.5125	57.327
42.0125	-6.4875	57.321
42.0125	-6.4625	57.304
42.0125	-6.4375	57.295
42.0125	-6.4125	57.276
42.0125	-6.3875	57.244
42.0125	-6.3625	57.223
42.0125	-6.3375	57.19
42.0125	-6.3125	57.161
42.0125	-6.2875	57.116
42.0125	-6.2625	57.06
42.0125	-6.2375	56.998
42.0125	-6.2125	56.954
42.0125	-6.1875	56.897
42.0125	-6.1625	56.835
42.0125	-6.1375	56.768
42.0125	-6.1125	56.705
42.0125	-6.0875	56.646
42.0125	-6.0625	56.599
42.0125	-6.0375	56.542
42.0125	-6.0125	56.489
42.0125	-5.9875	56.432
42.0375	-10.0125	52.624
42.0375	-9.9875	52.685
42.0375	-9.9625	52.75
42.0375	-9.9375	52.813
42.0375	-9.9125	52.866
42.0375	-9.8875	52.91
42.0375	-9.8625	52.947
42.0375	-9.8375	52.983
42.0375	-9.8125	53.02
42.0375	-9.7875	53.06
42.0375	-9.7625	53.105
42.0375	-9.7375	53.156
42.0375	-9.7125	53.22
42.0375	-9.6875	53.297
42.0375	-9.6625	53.383
42.0375	-9.6375	53.475
42.0375	-9.6125	53.575
42.0375	-9.5875	53.68
42.0375	-9.5625	53.786
42.0375	-9.5375	53.899
42.0375	-9.5125	54.018
42.0375	-9.4875	54.146
42.0375	-9.4625	54.276
42.0375	-9.4375	54.409
42.0375	-9.4125	54.542
42.0375	-9.3875	54.668
42.0375	-9.3625	54.778
42.0375	-9.3375	54.871
42.0375	-9.3125	54.952
42.0375	-9.2875	55.02
42.0375	-9.2625	55.069
42.0375	-9.2375	55.11
42.0375	-9.2125	55.151
42.0375	-9.1875	55.191
42.0375	-9.1625	55.22
42.0375	-9.1375	55.254
42.0375	-9.1125	55.284
42.0375	-9.0875	55.31
42.0375	-9.0625	55.324
42.0375	-9.0375	55.348
42.0375	-9.0125	55.36
42.0375	-8.9875	55.379
42.0375	-8.9625	55.379
42.0375	-8.9375	55.386
42.0375	-8.9125	55.387
42.0375	-8.8875	55.401
42.0375	-8.8625	55.453
42.0375	-8.8375	55.466
42.0375	-8.8125	55.47
42.0375	-8.7875	55.442
42.0375	-8.7625	55.428
42.0375	-8.7375	55.41
42.0375	-8.7125	55.393
42.0375	-8.6875	55.371
42.0375	-8.6625	55.351
42.0375	-8.6375	55.341
42.0375	-8.6125	55.355
42.0375	-8.5875	55.365
42.0375	-8.5625	55.366
42.0375	-8.5375	55.404
42.0375	-8.5125	55.435
42.0375	-8.4875	55.493
42.0375	-8.4625	55.57
42.0375	-8.4375	55.651
42.0375	-8.4125	55.711
42.0375	-8.3875	55.757
42.0375	-8.3625	55.868
42.0375	-8.3375	55.982
42.0375	-8.3125	56.111
42.0375	-8.2875	56.242
42.0375	-8.2625	56.347
42.0375	-8.2375	56.437
42.0375	-8.2125	56.488
42.0375	-8.1875	56.533
42.0375	-8.1625	56.575
42.0375	-8.1375	56.601
42.0375	-8.1125	56.612
42.0375	-8.0875	56.623
42.0375	-8.0625	56.62
42.0375	-8.0375	56.602
42.0375	-8.0125	56.583
42.0375	-7.9875	56.557
42.0375	-7.9625	56.537
42.0375	-7.9375	56.516
42.0375	-7.9125	56.492
42.0375	-7.8875	56.483
42.0375	-7.8625	56.462
42.0375	-7.8375	56.458
42.0375	-7.8125	56.451
42.0375	-7.7875	56.442
42.0375	-7.7625	56.431
42.0375	-7.7375	56.428
42.0375	-7.7125	56.412
42.0375	-7.6875	56.413
42.0375	-7.6625	56.423
42.0375	-7.6375	56.442
42.0375	-7.6125	56.455
42.0375	-7.5875	56.48
42.0375	-7.5625	56.509
42.0375	-7.5375	56.543
42.0375	-7.5125	56.572
42.0375	-7.4875	56.587
42.0375	-7.4625	56.614
42.0375	-7.4375	56.645
42.0375	-7.4125	56.709
42.0375	-7.3875	56.804
42.0375	-7.3625	56.878
42.0375	-7.3375	56.953
42.0375	-7.3125	56.993
42.0375	-7.2875	57.025
42.0375	-7.2625	57.053
42.0375	-7.2375	57.065
42.0375	-7.2125	57.084
42.0375	-7.1875	57.113
42.0375	-7.1625	57.136
42.0375	-7.1375	57.177
42.0375	-7.1125	57.217
42.0375	-7.0875	57.229
42.0375	-7.0625	57.252
42.0375	-7.0375	57.28
42.0375	-7.0125	57.335
42.0375	-6.9875	57.352
42.0375	-6.9625	57.397
42.0375	-6.9375	57.431
42.0375	-6.9125	57.46
42.0375	-6.8875	57.477
42.0375	-6.8625	57.496
42.0375	-6.8375	57.502
42.0375	-6.8125	57.517
42.0375	-6.7875	57.515
42.0375	-6.7625	57.514
42.0375	-6.7375	57.497
42.0375	-6.7125	57.485
42.0375	-6.6875	57.471
42.0375	-6.6625	57.463
42.0375	-6.6375	57.446
42.0375	-6.6125	57.444
42.0375	-6.5875	57.444
42.0375	-6.5625	57.439
42.0375	-6.5375	57.438
42.0375	-6.5125	57.419
42.0375	-6.4875	57.413
42.0375	-6.4625	57.395
42.0375	-6.4375	57.379
42.0375	-6.4125	57.36
42.0375	-6.3875	57.328
42.0375	-6.3625	57.304
42.0375	-6.3375	57.281
42.0375	-6.3125	57.243
42.0375	-6.2875	57.187
42.0375	-6.2625	57.123
42.0375	-6.2375	57.072
42.0375	-6.2125	57.006
42.0375	-6.1875	56.942
42.0375	-6.1625	56.876
42.0375	-6.1375	56.808
42.0375	-6.1125	56.739
42.0375	-6.0875	56.684
42.0375	-6.0625	56.626
42.0375	-6.0375	56.571
42.0375	-6.0125	56.513
42.0375	-5.9875	56.456
42.0625	-10.0125	52.681
42.0625	-9.9875	52.744
42.0625	-9.9625	52.807
42.0625	-9.9375	52.866
42.0625	-9.9125	52.916
42.0625	-9.8875	52.957
42.0625	-9.8625	52.992
42.0625	-9.8375	53.026
42.0625	-9.8125	53.062
42.0625	-9.7875	53.102
42.0625	-9.7625	53.146
42.0625	-9.7375	53.199
42.0625	-9.7125	53.263
42.0625	-9.6875	53.341
42.0625	-9.6625	53.427
42.0625	-9.6375	53.521
42.0625	-9.6125	53.623
42.0625	-9.5875	53.728
42.0625	-9.5625	53.837
42.0625	-9.5375	53.949
42.0625	-9.5125	54.069
42.0625	-9.4875	54.195
42.0625	-9.4625	54.324
42.0625	-9.4375	54.456
42.0625	-9.4125	54.588
42.0625	-9.3875	54.715
42.0625	-9.3625	54.824
42.0625	-9.3375	54.912
42.0625	-9.3125	54.985
42.0625	-9.2875	55.047
42.0625	-9.2625	55.093
42.0625	-9.2375	55.133
42.0625	-9.2125	55.172
42.0625	-9.1875	55.213
42.0625	-9.1625	55.252
42.0625	-9.1375	55.276
42.0625	-9.1125	55.306
42.0625	-9.0875	55.332
42.0625	-9.0625	55.357
42.0625	-9.0375	55.368
42.0625	-9.0125	55.387
42.0625	-8.9875	55.403
42.0625	-8.9625	55.401
42.0625	-8.9375	55.407
42.0625	-8.9125	55.404
42.0625	-8.8875	55.426
42.0625	-8.8625	55.446
42.0625	-8.8375	55.465
42.0625	-8.8125	55.448
42.0625	-8.7875	55.446
42.0625	-8.7625	55.447
42.0625	-8.7375	55.434
42.0625	-8.7125	55.434
42.0625	-8.6875	55.404
42.0625	-8.6625	55.375
42.0625	-8.6375	55.341
42.0625	-8.6125	55.33
42.0625	-8.5875	55.317
42.0625	-8.5625	55.335
42.0625	-8.5375	55.351
42.0625	-8.5125	55.391
42.0625	-8.4875	55.449
42.0625	-8.4625	55.491
42.0625	-8.4375	55.539
42.0625	-8.4125	55.592
42.0625	-8.3875	55.654
42.0625	-8.3625	55.76
42.0625	-8.3375	55.891
42.0625	-8.3125	55.999
42.0625	-8.2875	56.113
42.0625	-8.2625	56.215
42.0625	-8.2375	56.319
42.0625	-8.2125	56.406
42.0625	-8.1875	56.462
42.0625	-8.1625	56.496
42.0625	-8.1375	56.537
42.0625	-8.1125	56.558
42.0625	-8.0875	56.575
42.0625	-8.0625	56.567
42.0625	-8.0375	56.553
42.0625	-8.0125	56.549
42.0625	-7.9875	56.536
42.0625	-7.9625	56.504
42.0625	-7.9375	56.491
42.0625	-7.9125	56.466
42.0625	-7.8875	56.45
42.0625	-7.8625	56.421
42.0625	-7.8375	56.403
42.0625	-7.8125	56.39
42.0625	-7.7875	56.39
42.0625	-7.7625	56.38
42.0625	-7.7375	56.373
42.0625	-7.7125	56.377
42.0625	-7.6875	56.384
42.0625	-7.6625	56.391
42.0625	-7.6375	56.416
42.0625	-7.6125	56.449
42.0625	-7.5875	56.486
42.0625	-7.5625	56.527
42.0625	-7.5375	56.568
42.0625	-7.5125	56.597
42.0625	-7.4875	56.625
42.0625	-7.4625	56.675
42.0625	-7.4375	56.736
42.0625	-7.4125	56.811
42.0625	-7.3875	56.882
42.0625	-7.3625	56.946
42.0625	-7.3375	56.993
42.0625	-7.3125	57.046
42.0625	-7.2875	57.075
42.0625	-7.2625	57.099
42.0625	-7.2375	57.121
42.0625	-7.2125	57.142
42.0625	-7.1875	57.171
42.0625	-7.1625	57.204
42.0625	-7.1375	57.227
42.0625	-7.1125	57.262
42.0625	-7.0875	57.289
42.0625	-7.0625	57.31
42.0625	-7.0375	57.332
42.0625	-7.0125	57.397
42.0625	-6.9875	57.457
42.0625	-6.9625	57.499
42.0625	-6.9375	57.539
42.0625	-6.9125	57.521
42.0625	-6.8875	57.519
42.0625	-6.8625	57.527
42.0625	-6.8375	57.519
42.0625	-6.8125	57.544
42.0625	-6.7875	57.532
42.0625	-6.7625	57.562
42.0625	-6.7375	57.574
42.0625	-6.7125	57.569
42.0625	-6.6875	57.568
42.0625	-6.6625	57.558
42.0625	-6.6375	57.557
42.0625	-6.6125	57.558
42.0625	-6.5875	57.554
42.0625	-6.5625	57.558
42.0625	-6.5375	57.538
42.0625	-6.5125	57.519
42.0625	-6.4875	57.515
42.0625	-6.4625	57.495
42.0625	-6.4375	57.461
42.0625	-6.4125	57.425
42.0625	-6.3875	57.394
42.0625	-6.3625	57.385
42.0625	-6.3375	57.359
42.0625	-6.3125	57.309
42.0625	-6.2875	57.254
42.0625	-6.2625	57.201
42.0625	-6.2375	57.127
42.0625	-6.2125	57.054
42.0625	-6.1875	56.982
42.0625	-6.1625	56.914
42.0625	-6.1375	56.845
42.0625	-6.1125	56.785
42.0625	-6.0875	56.722
42.0625	-6.0625	56.651
42.0625	-6.0375	56.596
42.0625	-6.0125	56.536
42.0625	-5.9875	56.481
42.0875	-10.0125	52.736
42.0875	-9.9875	52.797
42.0875	-9.9625	52.858
42.0875	-9.9375	52.913
42.0875	-9.9125	52.96
42.0875	-9.8875	52.998
42.0875	-9.8625	53.032
42.0875	-9.8375	53.065
42.0875	-9.8125	53.102
42.0875	-9.7875	53.142
42.0875	-9.7625	53.188
42.0875	-9.7375	53.243
42.0875	-9.7125	53.308
42.0875	-9.6875	53.387
42.0875	-9.6625	53.476
42.0875	-9.6375	53.572
42.0875	-9.6125	53.675
42.0875	-9.5875	53.783
42.0875	-9.5625	53.892
42.0875	-9.5375	54.004
42.0875	-9.5125	54.123
42.0875	-9.4875	54.247
42.0875	-9.4625	54.374
42.0875	-9.4375	54.502
42.0875	-9.4125	54.631
42.0875	-9.3875	54.754
42.0875	-9.3625	54.861
42.0875	-9.3375	54.944
42.0875	-9.3125	55.013
42.0875	-9.2875	55.069
42.0875	-9.2625	55.115
42.0875	-9.2375	55.155
42.0875	-9.2125	55.195
42.0875	-9.1875	55.236
42.0875	-9.1625	55.275
42.0875	-9.1375	55.309
42.0875	-9.1125	55.328
42.0875	-9.0875	55.354
42.0875	-9.0625	55.379
42.0875	-9.0375	55.399
42.0875	-9.0125	55.413
42.0875	-8.9875	55.416
42.0875	-8.9625	55.424
42.0875	-8.9375	55.426
42.0875	-8.9125	55.419
42.0875	-8.8875	55.431
42.0875	-8.8625	55.441
42.0875	-8.8375	55.43
42.0875	-8.8125	55.412
42.0875	-8.7875	55.412
42.0875	-8.7625	55.429
42.0875	-8.7375	55.436
42.0875	-8.7125	55.452
42.0875	-8.6875	55.436
42.0875	-8.6625	55.404
42.0875	-8.6375	55.349
42.0875	-8.6125	55.333
42.0875	-8.5875	55.335
42.0875	-8.5625	55.335
42.0875	-8.5375	55.345
42.0875	-8.5125	55.364
42.0875	-8.4875	55.401
42.0875	-8.4625	55.415
42.0875	-8.4375	55.448
42.0875	-8.4125	55.5
42.0875	-8.3875	55.559
42.0875	-8.3625	55.646
42.0875	-8.3375	55.74
42.0875	-8.3125	55.843
42.0875	-8.2875	55.948
42.0875	-8.2625	56.055
42.0875	-8.2375	56.165
42.0875	-8.2125	56.263
42.0875	-8.1875	56.315
42.0875	-8.1625	56.372
42.0875	-8.1375	56.429
42.0875	-8.1125	56.46
42.0875	-8.0875	56.488
42.0875	-8.0625	56.493
42.0875	-8.0375	56.481
42.0875	-8.0125	56.484
42.0875	-7.9875	56.493
42.0875	-7.9625	56.463
42.0875	-7.9375	56.441
42.0875	-7.9125	56.416
42.0875	-7.8875	56.399
42.0875	-7.8625	56.376
42.0875	-7.8375	56.371
42.0875	-7.8125	56.357
42.0875	-7.7875	56.348
42.0875	-7.7625	56.337
42.0875	-7.7375	56.334
42.0875	-7.7125	56.339
42.0875	-7.6875	56.355
42.0875	-7.6625	56.379
42.0875	-7.6375	56.414
42.0875	-7.6125	56.456
42.0875	-7.5875	56.5
42.0875	-7.5625	56.545
42.0875	-7.5375	56.595
42.0875	-7.5125	56.634
42.0875	-7.4875	56.681
42.0875	-7.4625	56.752
42.0875	-7.4375	56.827
42.0875	-7.4125	56.907
42.0875	-7.3875	56.963
42.0875	-7.3625	57.009
42.0875	-7.3375	57.05
42.0875	-7.3125	57.073
42.0875	-7.2875	57.101
42.0875	-7.2625	57.138
42.0875	-7.2375	57.172
42.0875	-7.2125	57.196
42.0875	-7.1875	57.204
42.0875	-7.1625	57.229
42.0875	-7.1375	57.251
42.0875	-7.1125	57.277
42.0875	-7.0875	57.307
42.0875	-7.0625	57.359
42.0875	-7.0375	57.414
42.0875	-7.0125	57.481
42.0875	-6.9875	57.541
42.0875	-6.9625	57.587
42.0875	-6.9375	57.606
42.0875	-6.9125	57.612
42.0875	-6.8875	57.573
42.0875	-6.8625	57.567
42.0875	-6.8375	57.571
42.0875	-6.8125	57.605
42.0875	-6.7875	57.624
42.0875	-6.7625	57.654
42.0875	-6.7375	57.657
42.0875	-6.7125	57.656
42.0875	-6.6875	57.664
42.0875	-6.6625	57.667
42.0875	-6.6375	57.659
42.0875	-6.6125	57.661
42.0875	-6.5875	57.664
42.0875	-6.5625	57.658
42.0875	-6.5375	57.642
42.0875	-6.5125	57.616
42.0875	-6.4875	57.612
42.0875	-6.4625	57.576
42.0875	-6.4375	57.538
42.0875	-6.4125	57.523
42.0875	-6.3875	57.488
42.0875	-6.3625	57.452
42.0875	-6.3375	57.415
42.0875	-6.3125	57.374
42.0875	-6.2875	57.324
42.0875	-6.2625	57.255
42.0875	-6.2375	57.176
42.0875	-6.2125	57.098
42.0875	-6.1875	57.024
42.0875	-6.1625	56.954
42.0875	-6.1375	56.888
42.0875	-6.1125	56.829
42.0875	-6.0875	56.762
42.0875	-6.0625	56.694
42.0875	-6.0375	56.633
42.0875	-6.0125	56.57
42.0875	-5.9875	56.517
42.1125	-10.0125	52.789
42.1125	-9.9875	52.848
42.1125	-9.9625	52.905
42.1125	-9.9375	52.957
42.1125	-9.9125	53.001
42.1125	-9.8875	53.039
42.1125	-9.8625	53.072
42.1125	-9.8375	53.106
42.1125	-9.8125	53.142
42.1125	-9.7875	53.184
42.1125	-9.7625	53.233
42.1125	-9.7375	53.291
42.1125	-9.7125	53.358
42.1125	-9.6875	53.439
42.1125	-9.6625	53.531
42.1125	-9.6375	53.628
42.1125	-9.6125	53.733
42.1125	-9.5875	53.844
42.1125	-9.5625	53.955
42.1125	-9.5375	54.068
42.1125	-9.5125	54.186
42.1125	-9.4875	54.308
42.1125	-9.4625	54.429
42.1125	-9.4375	54.551
42.1125	-9.4125	54.675
42.1125	-9.3875	54.792
42.1125	-9.3625	54.893
42.1125	-9.3375	54.973
42.1125	-9.3125	55.037
42.1125	-9.2875	55.09
42.1125	-9.2625	55.135
42.1125	-9.2375	55.176
42.1125	-9.2125	55.217
42.1125	-9.1875	55.256
42.1125	-9.1625	55.293
42.1125	-9.1375	55.324
42.1125	-9.1125	55.352
42.1125	-9.0875	55.367
42.1125	-9.0625	55.388
42.1125	-9.0375	55.411
42.1125	-9.0125	55.427
42.1125	-8.9875	55.439
42.1125	-8.9625	55.437
42.1125	-8.9375	55.436
42.1125	-8.9125	55.428
42.1125	-8.8875	55.413
42.1125	-8.8625	55.401
42.1125	-8.8375	55.388
42.1125	-8.8125	55.386
42.1125	-8.7875	55.392
42.1125	-8.7625	55.398
42.1125	-8.7375	55.43
42.1125	-8.7125	55.453
42.1125	-8.6875	55.445
42.1125	-8.6625	55.407
42.1125	-8.6375	55.359
42.1125	-8.6125	55.341
42.1125	-8.5875	55.346
42.1125	-8.5625	55.347
42.1125	-8.5375	55.342
42.1125	-8.5125	55.336
42.1125	-8.4875	55.351
42.1125	-8.4625	55.365
42.1125	-8.4375	55.404
42.1125	-8.4125	55.454
42.1125	-8.3875	55.523
42.1125	-8.3625	55.624
42.1125	-8.3375	55.692
42.1125	-8.3125	55.76
42.1125	-8.2875	55.824
42.1125	-8.2625	55.917
42.1125	-8.2375	56.019
42.1125	-8.2125	56.112
42.1125	-8.1875	56.148
42.1125	-8.1625	56.225
42.1125	-8.1375	56.276
42.1125	-8.1125	56.327
42.1125	-8.0875	56.357
42.1125	-8.0625	56.376
42.1125	-8.0375	56.387
42.1125	-8.0125	56.41
42.1125	-7.9875	56.439
42.1125	-7.9625	56.431
42.1125	-7.9375	56.394
42.1125	-7.9125	56.371
42.1125	-7.8875	56.361
42.1125	-7.8625	56.344
42.1125	-7.8375	56.332
42.1125	-7.8125	56.327
42.1125	-7.7875	56.32
42.1125	-7.7625	56.308
42.1125	-7.7375	56.311
42.1125	-7.7125	56.32
42.1125	-7.6875	56.338
42.1125	-7.6625	56.369
42.1125	-7.6375	56.413
42.1125	-7.6125	56.466
42.1125	-7.5875	56.514
42.1125	-7.5625	56.579
42.1125	-7.5375	56.63
42.1125	-7.5125	56.69
42.1125	-7.4875	56.757
42.1125	-7.4625	56.839
42.1125	-7.4375	56.916
42.1125	-7.4125	56.979
42.1125	-7.3875	57.042
42.1125	-7.3625	57.076
42.1125	-7.3375	57.108
42.1125	-7.3125	57.132
42.1125	-7.2875	57.16
42.1125	-7.2625	57.181
42.1125	-7.2375	57.2
42.1125	-7.2125	57.213
42.1125	-7.1875	57.216
42.1125	-7.1625	57.223
42.1125	-7.1375	57.225
42.1125	-7.1125	57.242
42.1125	-7.0875	57.3
42.1125	-7.0625	57.394
42.1125	-7.0375	57.457
42.1125	-7.0125	57.539
42.1125	-6.9875	57.615
42.1125	-6.9625	57.657
42.1125	-6.9375	57.673
42.1125	-6.9125	57.667
42.1125	-6.8875	57.671
42.1125	-6.8625	57.669
42.1125	-6.8375	57.698
42.1125	-6.8125	57.724
42.1125	-6.7875	57.75
42.1125	-6.7625	57.779
42.1125	-6.7375	57.772
42.1125	-6.7125	57.765
42.1125	-6.6875	57.741
42.1125	-6.6625	57.742
42.1125	-6.6375	57.742
42.1125	-6.6125	57.754
42.1125	-6.5875	57.745
42.1125	-6.5625	57.754
42.1125	-6.5375	57.739
42.1125	-6.5125	57.722
42.1125	-6.4875	57.697
42.1125	-6.4625	57.674
42.1125	-6.4375	57.639
42.1125	-6.4125	57.601
42.1125	-6.3875	57.556
42.1125	-6.3625	57.517
42.1125	-6.3375	57.472
42.1125	-6.3125	57.431
42.1125	-6.2875	57.372
42.1125	-6.2625	57.299
42.1125	-6.2375	57.227
42.1125	-6.2125	57.147
42.1125	-6.1875	57.07
42.1125	-6.1625	56.999
42.1125	-6.1375	56.935
42.1125	-6.1125	56.879
42.1125	-6.0875	56.805
42.1125	-6.0625	56.74
42.1125	-6.0375	56.666
42.1125	-6.0125	56.602
42.1125	-5.9875	56.555
42.1375	-10.0125	52.842
42.1375	-9.9875	52.899
42.1375	-9.9625	52.954
42.1375	-9.9375	53.003
42.1375	-9.9125	53.047
42.1375	-9.8875	53.082
42.1375	-9.8625	53.115
42.1375	-9.8375	53.148
42.1375	-9.8125	53.186
42.1375	-9.7875	53.23
42.1375	-9.7625	53.283
42.1375	-9.7375	53.344
42.1375	-9.7125	53.413
42.1375	-9.6875	53.497
42.1375	-9.6625	53.593
42.1375	-9.6375	53.692
42.1375	-9.6125	53.796
42.1375	-9.5875	53.907
42.1375	-9.5625	54.018
42.1375	-9.5375	54.131
42.1375	-9.5125	54.247
42.1375	-9.4875	54.366
42.1375	-9.4625	54.485
42.1375	-9.4375	54.606
42.1375	-9.4125	54.728
42.1375	-9.3875	54.835
42.1375	-9.3625	54.925
42.1375	-9.3375	54.998
42.1375	-9.3125	55.059
42.1375	-9.2875	55.114
42.1375	-9.2625	55.16
42.1375	-9.2375	55.2
42.1375	-9.2125	55.239
42.1375	-9.1875	55.276
42.1375	-9.1625	55.31
42.1375	-9.1375	55.34
42.1375	-9.1125	55.364
42.1375	-9.0875	55.386
42.1375	-9.0625	55.403
42.1375	-9.0375	55.409
42.1375	-9.0125	55.421
42.1375	-8.9875	55.434
42.1375	-8.9625	55.438
42.1375	-8.9375	55.434
42.1375	-8.9125	55.43
42.1375	-8.8875	55.411
42.1375	-8.8625	55.401
42.1375	-8.8375	55.388
42.1375	-8.8125	55.383
42.1375	-8.7875	55.388
42.1375	-8.7625	55.418
42.1375	-8.7375	55.441
42.1375	-8.7125	55.461
42.1375	-8.6875	55.465
42.1375	-8.6625	55.427
42.1375	-8.6375	55.372
42.1375	-8.6125	55.354
42.1375	-8.5875	55.355
42.1375	-8.5625	55.352
42.1375	-8.5375	55.335
42.1375	-8.5125	55.318
42.1375	-8.4875	55.329
42.1375	-8.4625	55.34
42.1375	-8.4375	55.384
42.1375	-8.4125	55.459
42.1375	-8.3875	55.534
42.1375	-8.3625	55.643
42.1375	-8.3375	55.722
42.1375	-8.3125	55.761
42.1375	-8.2875	55.804
42.1375	-8.2625	55.853
42.1375	-8.2375	55.901
42.1375	-8.2125	55.961
42.1375	-8.1875	56.022
42.1375	-8.1625	56.092
42.1375	-8.1375	56.136
42.1375	-8.1125	56.18
42.1375	-8.0875	56.226
42.1375	-8.0625	56.268
42.1375	-8.0375	56.277
42.1375	-8.0125	56.308
42.1375	-7.9875	56.333
42.1375	-7.9625	56.326
42.1375	-7.9375	56.3
42.1375	-7.9125	56.298
42.1375	-7.8875	56.296
42.1375	-7.8625	56.292
42.1375	-7.8375	56.297
42.1375	-7.8125	56.291
42.1375	-7.7875	56.282
42.1375	-7.7625	56.288
42.1375	-7.7375	56.29
42.1375	-7.7125	56.303
42.1375	-7.6875	56.325
42.1375	-7.6625	56.358
42.1375	-7.6375	56.395
42.1375	-7.6125	56.457
42.1375	-7.5875	56.524
42.1375	-7.5625	56.595
42.1375	-7.5375	56.661
42.1375	-7.5125	56.723
42.1375	-7.4875	56.818
42.1375	-7.4625	56.904
42.1375	-7.4375	56.98
42.1375	-7.4125	57.038
42.1375	-7.3875	57.092
42.1375	-7.3625	57.133
42.1375	-7.3375	57.159
42.1375	-7.3125	57.191
42.1375	-7.2875	57.2
42.1375	-7.2625	57.208
42.1375	-7.2375	57.227
42.1375	-7.2125	57.231
42.1375	-7.1875	57.228
42.1375	-7.1625	57.22
42.1375	-7.1375	57.206
42.1375	-7.1125	57.24
42.1375	-7.0875	57.305
42.1375	-7.0625	57.398
42.1375	-7.0375	57.494
42.1375	-7.0125	57.57
42.1375	-6.9875	57.657
42.1375	-6.9625	57.703
42.1375	-6.9375	57.739
42.1375	-6.9125	57.743
42.1375	-6.8875	57.757
42.1375	-6.8625	57.78
42.1375	-6.8375	57.81
42.1375	-6.8125	57.854
42.1375	-6.7875	57.884
42.1375	-6.7625	57.917
42.1375	-6.7375	57.9
42.1375	-6.7125	57.874
42.1375	-6.6875	57.851
42.1375	-6.6625	57.826
42.1375	-6.6375	57.828
42.1375	-6.6125	57.855
42.1375	-6.5875	57.862
42.1375	-6.5625	57.848
42.1375	-6.5375	57.836
42.1375	-6.5125	57.84
42.1375	-6.4875	57.804
42.1375	-6.4625	57.775
42.1375	-6.4375	57.731
42.1375	-6.4125	57.679
42.1375	-6.3875	57.619
42.1375	-6.3625	57.568
42.1375	-6.3375	57.52
42.1375	-6.3125	57.47
42.1375	-6.2875	57.421
42.1375	-6.2625	57.347
42.1375	-6.2375	57.277
42.1375	-6.2125	57.201
42.1375	-6.1875	57.125
42.1375	-6.1625	57.054
42.1375	-6.1375	56.982
42.1375	-6.1125	56.92
42.1375	-6.0875	56.85
42.1375	-6.0625	56.779
42.1375	-6.0375	56.713
42.1375	-6.0125	56.642
42.1375	-5.9875	56.589
42.1625	-10.0125	52.902
42.1625	-9.9875	52.956
42.1625	-9.9625	53.008
42.1625	-9.9375	53.056
42.1625	-9.9125	53.098
42.1625	-9.8875	53.132
42.1625	-9.8625	53.166
42.1625	-9.8375	53.199
42.1625	-9.8125	53.238
42.1625	-9.7875	53.286
42.1625	-9.7625	53.342
42.1625	-9.7375	53.406
42.1625	-9.7125	53.476
42.1625	-9.6875	53.56
42.1625	-9.6625	53.655
42.1625	-9.6375	53.753
42.1625	-9.6125	53.855
42.1625	-9.5875	53.962
42.1625	-9.5625	54.075
42.1625	-9.5375	54.189
42.1625	-9.5125	54.306
42.1625	-9.4875	54.425
42.1625	-9.4625	54.542
42.1625	-9.4375	54.663
42.1625	-9.4125	54.789
42.1625	-9.3875	54.888
42.1625	-9.3625	54.966
42.1625	-9.3375	55.03
42.1625	-9.3125	55.089
42.1625	-9.2875	55.141
42.1625	-9.2625	55.186
42.1625	-9.2375	55.226
42.1625	-9.2125	55.262
42.1625	-9.1875	55.295
42.1625	-9.1625	55.325
42.1625	-9.1375	55.35
42.1625	-9.1125	55.373
42.1625	-9.0875	55.391
42.1625	-9.0625	55.406
42.1625	-9.0375	55.416
42.1625	-9.0125	55.424
42.1625	-8.9875	55.421
42.1625	-8.9625	55.425
42.1625	-8.9375	55.426
42.1625	-8.9125	55.425
42.1625	-8.8875	55.421
42.1625	-8.8625	55.411
42.1625	-8.8375	55.387
42.1625	-8.8125	55.379
42.1625	-8.7875	55.398
42.1625	-8.7625	55.417
42.1625	-8.7375	55.438
42.1625	-8.7125	55.454
42.1625	-8.6875	55.449
42.1625	-8.6625	55.425
42.1625	-8.6375	55.376
42.1625	-8.6125	55.355
42.1625	-8.5875	55.37
42.1625	-8.5625	55.361
42.1625	-8.5375	55.341
42.1625	-8.5125	55.33
42.1625	-8.4875	55.337
42.1625	-8.4625	55.353
42.1625	-8.4375	55.399
42.1625	-8.4125	55.475
42.1625	-8.3875	55.579
42.1625	-8.3625	55.69
42.1625	-8.3375	55.759
42.1625	-8.3125	55.788
42.1625	-8.2875	55.809
42.1625	-8.2625	55.866
42.1625	-8.2375	55.909
42.1625	-8.2125	55.963
42.1625	-8.1875	55.989
42.1625	-8.1625	56.006
42.1625	-8.1375	56.004
42.1625	-8.1125	56.045
42.1625	-8.0875	56.111
42.1625	-8.0625	56.16
42.1625	-8.0375	56.169
42.1625	-8.0125	56.187
42.1625	-7.9875	56.201
42.1625	-7.9625	56.2
42.1625	-7.9375	56.19
42.1625	-7.9125	56.215
42.1625	-7.8875	56.23
42.1625	-7.8625	56.232
42.1625	-7.8375	56.234
42.1625	-7.8125	56.239
42.1625	-7.7875	56.238
42.1625	-7.7625	56.243
42.1625	-7.7375	56.257
42.1625	-7.7125	56.273
42.1625	-7.6875	56.299
42.1625	-7.6625	56.336
42.1625	-7.6375	56.389
42.1625	-7.6125	56.451
42.1625	-7.5875	56.526
42.1625	-7.5625	56.602
42.1625	-7.5375	56.672
42.1625	-7.5125	56.766
42.1625	-7.4875	56.86
42.1625	-7.4625	56.939
42.1625	-7.4375	57.013
42.1625	-7.4125	57.076
42.1625	-7.3875	57.106
42.1625	-7.3625	57.168
42.1625	-7.3375	57.207
42.1625	-7.3125	57.208
42.1625	-7.2875	57.235
42.1625	-7.2625	57.25
42.1625	-7.2375	57.252
42.1625	-7.2125	57.231
42.1625	-7.1875	57.212
42.1625	-7.1625	57.202
42.1625	-7.1375	57.208
42.1625	-7.1125	57.236
42.1625	-7.0875	57.307
42.1625	-7.0625	57.396
42.1625	-7.0375	57.491
42.1625	-7.0125	57.589
42.1625	-6.9875	57.664
42.1625	-6.9625	57.717
42.1625	-6.9375	57.757
42.1625	-6.9125	57.808
42.1625	-6.8875	57.828
42.1625	-6.8625	57.861
42.1625	-6.8375	57.917
42.1625	-6.8125	57.963
42.1625	-6.7875	57.989
42.1625	-6.7625	58.043
42.1625	-6.7375	58.024
42.1625	-6.7125	58.005
42.1625	-6.6875	57.968
42.1625	-6.6625	57.966
42.1625	-6.6375	57.957
42.1625	-6.6125	57.973
42.1625	-6.5875	57.971
42.1625	-6.5625	57.97
42.1625	-6.5375	57.966
42.1625	-6.5125	57.939
42.1625	-6.4875	57.923
42.1625	-6.4625	57.879
42.1625	-6.4375	57.821
42.1625	-6.4125	57.77
42.1625	-6.3875	57.7
42.1625	-6.3625	57.634
42.1625	-6.3375	57.575
42.1625	-6.3125	57.523
42.1625	-6.2875	57.472
42.1625	-6.2625	57.412
42.1625	-6.2375	57.328
42.1625	-6.2125	57.255
42.1625	-6.1875	57.184
42.1625	-6.1625	57.105
42.1625	-6.1375	57.031
42.1625	-6.1125	56.958
42.1625	-6.0875	56.894
42.1625	-6.0625	56.829
42.1625	-6.0375	56.758
42.1625	-6.0125	56.702
42.1625	-5.9875	56.633
42.1875	-10.0125	52.968
42.1875	-9.9875	53.021
42.1875	-9.9625	53.071
42.1875	-9.9375	53.118
42.1875	-9.9125	53.158
42.1875	-9.8875	53.193
42.1875	-9.8625	53.226
42.1875	-9.8375	53.261
42.1875	-9.8125	53.302
42.1875	-9.7875	53.352
42.1875	-9.7625	53.41
42.1875	-9.7375	53.475
42.1875	-9.7125	53.548
42.1875	-9.6875	53.628
42.1875	-9.6625	53.72
42.1875	-9.6375	53.816
42.1875	-9.6125	53.915
42.1875	-9.5875	54.019
42.1875	-9.5625	54.132
42.1875	-9.5375	54.248
42.1875	-9.5125	54.368
42.1875	-9.4875	54.487
42.1875	-9.4625	54.605
42.1875	-9.4375	54.726
42.1875	-9.4125	54.84
42.1875	-9.3875	54.933
42.1875	-9.3625	55.006
42.1875	-9.3375	55.068
42.1875	-9.3125	55.124
42.1875	-9.2875	55.174
42.1875	-9.2625	55.217
42.1875	-9.2375	55.253
42.1875	-9.2125	55.286
42.1875	-9.1875	55.315
42.1875	-9.1625	55.341
42.1875	-9.1375	55.363
42.1875	-9.1125	55.381
42.1875	-9.0875	55.395
42.1875	-9.0625	55.405
42.1875	-9.0375	55.413
42.1875	-9.0125	55.417
42.1875	-8.9875	55.42
42.1875	-8.9625	55.422
42.1875	-8.9375	55.412
42.1875	-8.9125	55.412
42.1875	-8.8875	55.405
42.1875	-8.8625	55.395
42.1875	-8.8375	55.382
42.1875	-8.8125	55.369
42.1875	-8.7875	55.358
42.1875	-8.7625	55.373
42.1875	-8.7375	55.406
42.1875	-8.7125	55.417
42.1875	-8.6875	55.438
42.1875	-8.6625	55.431
42.1875	-8.6375	55.395
42.1875	-8.6125	55.374
42.1875	-8.5875	55.387
42.1875	-8.5625	55.375
42.1875	-8.5375	55.366
42.1875	-8.5125	55.364
42.1875	-8.4875	55.398
42.1875	-8.4625	55.421
42.1875	-8.4375	55.483
42.1875	-8.4125	55.542
42.1875	-8.3875	55.632
42.1875	-8.3625	55.727
42.1875	-8.3375	55.805
42.1875	-8.3125	55.847
42.1875	-8.2875	55.874
42.1875	-8.2625	55.918
42.1875	-8.2375	55.942
42.1875	-8.2125	55.968
42.1875	-8.1875	55.958
42.1875	-8.1625	55.929
42.1875	-8.1375	55.904
42.1875	-8.1125	55.928
42.1875	-8.0875	55.998
42.1875	-8.0625	56.045
42.1875	-8.0375	56.05
42.1875	-8.0125	56.083
42.1875	-7.9875	56.094
42.1875	-7.9625	56.106
42.1875	-7.9375	56.127
42.1875	-7.9125	56.154
42.1875	-7.8875	56.184
42.1875	-7.8625	56.184
42.1875	-7.8375	56.17
42.1875	-7.8125	56.166
42.1875	-7.7875	56.183
42.1875	-7.7625	56.2
42.1875	-7.7375	56.215
42.1875	-7.7125	56.239
42.1875	-7.6875	56.268
42.1875	-7.6625	56.312
42.1875	-7.6375	56.372
42.1875	-7.6125	56.429
42.1875	-7.5875	56.512
42.1875	-7.5625	56.6
42.1875	-7.5375	56.692
42.1875	-7.5125	56.794
42.1875	-7.4875	56.887
42.1875	-7.4625	56.949
42.1875	-7.4375	57.022
42.1875	-7.4125	57.077
42.1875	-7.3875	57.132
42.1875	-7.3625	57.161
42.1875	-7.3375	57.2
42.1875	-7.3125	57.235
42.1875	-7.2875	57.234
42.1875	-7.2625	57.237
42.1875	-7.2375	57.239
42.1875	-7.2125	57.231
42.1875	-7.1875	57.208
42.1875	-7.1625	57.2
42.1875	-7.1375	57.206
42.1875	-7.1125	57.228
42.1875	-7.0875	57.298
42.1875	-7.0625	57.379
42.1875	-7.0375	57.461
42.1875	-7.0125	57.547
42.1875	-6.9875	57.625
42.1875	-6.9625	57.7
42.1875	-6.9375	57.762
42.1875	-6.9125	57.794
42.1875	-6.8875	57.852
42.1875	-6.8625	57.921
42.1875	-6.8375	57.959
42.1875	-6.8125	58.006
42.1875	-6.7875	58.091
42.1875	-6.7625	58.113
42.1875	-6.7375	58.122
42.1875	-6.7125	58.13
42.1875	-6.6875	58.094
42.1875	-6.6625	58.118
42.1875	-6.6375	58.091
42.1875	-6.6125	58.083
42.1875	-6.5875	58.082
42.1875	-6.5625	58.07
42.1875	-6.5375	58.056
42.1875	-6.5125	57.999
42.1875	-6.4875	57.987
42.1875	-6.4625	57.957
42.1875	-6.4375	57.901
42.1875	-6.4125	57.848
42.1875	-6.3875	57.783
42.1875	-6.3625	57.714
42.1875	-6.3375	57.654
42.1875	-6.3125	57.603
42.1875	-6.2875	57.544
42.1875	-6.2625	57.464
42.1875	-6.2375	57.388
42.1875	-6.2125	57.304
42.1875	-6.1875	57.223
42.1875	-6.1625	57.144
42.1875	-6.1375	57.068
42.1875	-6.1125	57.002
42.1875	-6.0875	56.928
42.1875	-6.0625	56.86
42.1875	-6.0375	56.796
42.1875	-6.0125	56.732
42.1875	-5.9875	56.659
42.2125	-10.0125	53.044
42.2125	-9.9875	53.094
42.2125	-9.9625	53.144
42.2125	-9.9375	53.189
42.2125	-9.9125	53.229
42.2125	-9.8875	53.265
42.2125	-9.8625	53.3
42.2125	-9.8375	53.336
42.2125	-9.8125	53.378
42.2125	-9.7875	53.43
42.2125	-9.7625	53.488
42.2125	-9.7375	53.553
42.2125	-9.7125	53.624
42.2125	-9.6875	53.703
42.2125	-9.6625	53.793
42.2125	-9.6375	53.886
42.2125	-9.6125	53.984
42.2125	-9.5875	54.088
42.2125	-9.5625	54.201
42.2125	-9.5375	54.317
42.2125	-9.5125	54.437
42.2125	-9.4875	54.558
42.2125	-9.4625	54.678
42.2125	-9.4375	54.792
42.2125	-9.4125	54.897
42.2125	-9.3875	54.982
42.2125	-9.3625	55.051
42.2125	-9.3375	55.11
42.2125	-9.3125	55.164
42.2125	-9.2875	55.212
42.2125	-9.2625	55.252
42.2125	-9.2375	55.286
42.2125	-9.2125	55.314
42.2125	-9.1875	55.339
42.2125	-9.1625	55.359
42.2125	-9.1375	55.376
42.2125	-9.1125	55.389
42.2125	-9.0875	55.398
42.2125	-9.0625	55.404
42.2125	-9.0375	55.406
42.2125	-9.0125	55.407
42.2125	-8.9875	55.407
42.2125	-8.9625	55.407
42.2125	-8.9375	55.403
42.2125	-8.9125	55.396
42.2125	-8.8875	55.378
42.2125	-8.8625	55.367
42.2125	-8.8375	55.356
42.2125	-8.8125	55.347
42.2125	-8.7875	55.345
42.2125	-8.7625	55.357
42.2125	-8.7375	55.365
42.2125	-8.7125	55.391
42.2125	-8.6875	55.416
42.2125	-8.6625	55.437
42.2125	-8.6375	55.426
42.2125	-8.6125	55.408
42.2125	-8.5875	55.414
42.2125	-8.5625	55.408
42.2125	-8.5375	55.404
42.2125	-8.5125	55.414
42.2125	-8.4875	55.461
42.2125	-8.4625	55.486
42.2125	-8.4375	55.528
42.2125	-8.4125	55.599
42.2125	-8.3875	55.682
42.2125	-8.3625	55.781
42.2125	-8.3375	55.863
42.2125	-8.3125	55.921
42.2125	-8.2875	55.952
42.2125	-8.2625	55.977
42.2125	-8.2375	55.979
42.2125	-8.2125	55.978
42.2125	-8.1875	55.913
42.2125	-8.1625	55.853
42.2125	-8.1375	55.802
42.2125	-8.1125	55.811
42.2125	-8.0875	55.883
42.2125	-8.0625	55.961
42.2125	-8.0375	55.99
42.2125	-8.0125	56.019
42.2125	-7.9875	56.036
42.2125	-7.9625	56.045
42.2125	-7.9375	56.075
42.2125	-7.9125	56.128
42.2125	-7.8875	56.149
42.2125	-7.8625	56.129
42.2125	-7.8375	56.107
42.2125	-7.8125	56.101
42.2125	-7.7875	56.129
42.2125	-7.7625	56.145
42.2125	-7.7375	56.167
42.2125	-7.7125	56.185
42.2125	-7.6875	56.229
42.2125	-7.6625	56.289
42.2125	-7.6375	56.337
42.2125	-7.6125	56.405
42.2125	-7.5875	56.491
42.2125	-7.5625	56.584
42.2125	-7.5375	56.692
42.2125	-7.5125	56.786
42.2125	-7.4875	56.87
42.2125	-7.4625	56.95
42.2125	-7.4375	57.005
42.2125	-7.4125	57.035
42.2125	-7.3875	57.108
42.2125	-7.3625	57.153
42.2125	-7.3375	57.179
42.2125	-7.3125	57.209
42.2125	-7.2875	57.233
42.2125	-7.2625	57.224
42.2125	-7.2375	57.212
42.2125	-7.2125	57.197
42.2125	-7.1875	57.189
42.2125	-7.1625	57.172
42.2125	-7.1375	57.174
42.2125	-7.1125	57.219
42.2125	-7.0875	57.276
42.2125	-7.0625	57.349
42.2125	-7.0375	57.42
42.2125	-7.0125	57.492
42.2125	-6.9875	57.559
42.2125	-6.9625	57.63
42.2125	-6.9375	57.712
42.2125	-6.9125	57.775
42.2125	-6.8875	57.837
42.2125	-6.8625	57.939
42.2125	-6.8375	57.996
42.2125	-6.8125	58.063
42.2125	-6.7875	58.096
42.2125	-6.7625	58.181
42.2125	-6.7375	58.182
42.2125	-6.7125	58.161
42.2125	-6.6875	58.149
42.2125	-6.6625	58.15
42.2125	-6.6375	58.127
42.2125	-6.6125	58.132
42.2125	-6.5875	58.105
42.2125	-6.5625	58.098
42.2125	-6.5375	58.088
42.2125	-6.5125	58.094
42.2125	-6.4875	58.059
42.2125	-6.4625	58.011
42.2125	-6.4375	57.959
42.2125	-6.4125	57.909
42.2125	-6.3875	57.844
42.2125	-6.3625	57.78
42.2125	-6.3375	57.721
42.2125	-6.3125	57.652
42.2125	-6.2875	57.585
42.2125	-6.2625	57.521
42.2125	-6.2375	57.446
42.2125	-6.2125	57.358
42.2125	-6.1875	57.27
42.2125	-6.1625	57.186
42.2125	-6.1375	57.106
42.2125	-6.1125	57.029
42.2125	-6.0875	56.962
42.2125	-6.0625	56.889
42.2125	-6.0375	56.82
42.2125	-6.0125	56.751
42.2125	-5.9875	56.683
42.2375	-10.0125	53.127
42.2375	-9.9875	53.176
42.2375	-9.9625	53.225
42.2375	-9.9375	53.27
42.2375	-9.9125	53.31
42.2375	-9.8875	53.347
42.2375	-9.8625	53.383
42.2375	-9.8375	53.42
42.2375	-9.8125	53.463
42.2375	-9.7875	53.516
42.2375	-9.7625	53.574
42.2375	-9.7375	53.638
42.2375	-9.7125	53.709
42.2375	-9.6875	53.788
42.2375	-9.6625	53.876
42.2375	-9.6375	53.968
42.2375	-9.6125	54.063
42.2375	-9.5875	54.167
42.2375	-9.5625	54.278
42.2375	-9.5375	54.394
42.2375	-9.5125	54.512
42.2375	-9.4875	54.635
42.2375	-9.4625	54.75
42.2375	-9.4375	54.857
42.2375	-9.4125	54.951
42.2375	-9.3875	55.032
42.2375	-9.3625	55.1
42.2375	-9.3375	55.157
42.2375	-9.3125	55.208
42.2375	-9.2875	55.254
42.2375	-9.2625	55.29
42.2375	-9.2375	55.321
42.2375	-9.2125	55.344
42.2375	-9.1875	55.364
42.2375	-9.1625	55.379
42.2375	-9.1375	55.39
42.2375	-9.1125	55.397
42.2375	-9.0875	55.401
42.2375	-9.0625	55.402
42.2375	-9.0375	55.401
42.2375	-9.0125	55.397
42.2375	-8.9875	55.393
42.2375	-8.9625	55.386
42.2375	-8.9375	55.377
42.2375	-8.9125	55.366
42.2375	-8.8875	55.356
42.2375	-8.8625	55.338
42.2375	-8.8375	55.331
42.2375	-8.8125	55.328
42.2375	-8.7875	55.328
42.2375	-8.7625	55.337
42.2375	-8.7375	55.351
42.2375	-8.7125	55.364
42.2375	-8.6875	55.409
42.2375	-8.6625	55.428
42.2375	-8.6375	55.445
42.2375	-8.6125	55.427
42.2375	-8.5875	55.439
42.2375	-8.5625	55.466
42.2375	-8.5375	55.467
42.2375	-8.5125	55.485
42.2375	-8.4875	55.514
42.2375	-8.4625	55.539
42.2375	-8.4375	55.575
42.2375	-8.4125	55.639
42.2375	-8.3875	55.72
42.2375	-8.3625	55.81
42.2375	-8.3375	55.924
42.2375	-8.3125	55.976
42.2375	-8.2875	56.01
42.2375	-8.2625	56.021
42.2375	-8.2375	56.019
42.2375	-8.2125	55.987
42.2375	-8.1875	55.896
42.2375	-8.1625	55.793
42.2375	-8.1375	55.707
42.2375	-8.1125	55.718
42.2375	-8.0875	55.829
42.2375	-8.0625	55.914
42.2375	-8.0375	55.967
42.2375	-8.0125	55.985
42.2375	-7.9875	55.999
42.2375	-7.9625	56.019
42.2375	-7.9375	56.035
42.2375	-7.9125	56.059
42.2375	-7.8875	56.068
42.2375	-7.8625	56.057
42.2375	-7.8375	56.027
42.2375	-7.8125	56.034
42.2375	-7.7875	56.071
42.2375	-7.7625	56.102
42.2375	-7.7375	56.127
42.2375	-7.7125	56.164
42.2375	-7.6875	56.208
42.2375	-7.6625	56.268
42.2375	-7.6375	56.318
42.2375	-7.6125	56.387
42.2375	-7.5875	56.473
42.2375	-7.5625	56.575
42.2375	-7.5375	56.677
42.2375	-7.5125	56.771
42.2375	-7.4875	56.848
42.2375	-7.4625	56.914
42.2375	-7.4375	56.969
42.2375	-7.4125	57.012
42.2375	-7.3875	57.057
42.2375	-7.3625	57.1
42.2375	-7.3375	57.155
42.2375	-7.3125	57.173
42.2375	-7.2875	57.189
42.2375	-7.2625	57.183
42.2375	-7.2375	57.168
42.2375	-7.2125	57.151
42.2375	-7.1875	57.122
42.2375	-7.1625	57.121
42.2375	-7.1375	57.134
42.2375	-7.1125	57.18
42.2375	-7.0875	57.233
42.2375	-7.0625	57.295
42.2375	-7.0375	57.36
42.2375	-7.0125	57.428
42.2375	-6.9875	57.496
42.2375	-6.9625	57.569
42.2375	-6.9375	57.638
42.2375	-6.9125	57.724
42.2375	-6.8875	57.8
42.2375	-6.8625	57.871
42.2375	-6.8375	57.971
42.2375	-6.8125	58.023
42.2375	-6.7875	58.107
42.2375	-6.7625	58.136
42.2375	-6.7375	58.157
42.2375	-6.7125	58.179
42.2375	-6.6875	58.17
42.2375	-6.6625	58.143
42.2375	-6.6375	58.128
42.2375	-6.6125	58.118
42.2375	-6.5875	58.121
42.2375	-6.5625	58.107
42.2375	-6.5375	58.098
42.2375	-6.5125	58.07
42.2375	-6.4875	58.065
42.2375	-6.4625	58.032
42.2375	-6.4375	57.994
42.2375	-6.4125	57.952
42.2375	-6.3875	57.905
42.2375	-6.3625	57.851
42.2375	-6.3375	57.784
42.2375	-6.3125	57.712
42.2375	-6.2875	57.635
42.2375	-6.2625	57.576
42.2375	-6.2375	57.486
42.2375	-6.2125	57.405
42.2375	-6.1875	57.311
42.2375	-6.1625	57.22
42.2375	-6.1375	57.141
42.2375	-6.1125	57.058
42.2375	-6.0875	56.986
42.2375	-6.0625	56.909
42.2375	-6.0375	56.834
42.2375	-6.0125	56.757
42.2375	-5.9875	56.687
